ISO-10303-21;
HEADER;
/* Generated by software containing ST-Developer
 * from STEP Tools, Inc. (www.steptools.com) 
 */
/* OPTION: strings as raw bytes, not using required /X/ escapes */

FILE_DESCRIPTION(
/* description */ ('Unknown'),
/* implementation_level */ '2;1');

FILE_NAME(
/* name */ 'Monterad h√•llare med batteri och tryckplatta',
/* time_stamp */ '2026-04-28T14:56:24+02:00',
/* author */ ('Unknown'),
/* organization */ ('Unknown'),
/* preprocessor_version */ 'ST-DEVELOPER v20',
/* originating_system */ 'Solid Edge',
/* authorisation */ 'Unknown');

FILE_SCHEMA (('AUTOMOTIVE_DESIGN {1 0 10303 214 3 1 1}'));
ENDSEC;

DATA;
#10=PROPERTY_DEFINITION_REPRESENTATION(#14,#12);
#11=PROPERTY_DEFINITION_REPRESENTATION(#15,#13);
#12=REPRESENTATION('',(#16),#6993);
#13=REPRESENTATION('',(#17),#6993);
#14=PROPERTY_DEFINITION('pmi validation property','',#7010);
#15=PROPERTY_DEFINITION('pmi validation property','',#7010);
#16=VALUE_REPRESENTATION_ITEM('number of annotations',COUNT_MEASURE(0.));
#17=VALUE_REPRESENTATION_ITEM('number of views',COUNT_MEASURE(0.));
#18=B_SPLINE_SURFACE_WITH_KNOTS('',3,1,((#6749,#6750),(#6751,#6752),(#6753,
#6754),(#6755,#6756),(#6757,#6758),(#6759,#6760),(#6761,#6762),(#6763,#6764),
(#6765,#6766),(#6767,#6768),(#6769,#6770),(#6771,#6772),(#6773,#6774),(#6775,
#6776),(#6777,#6778),(#6779,#6780),(#6781,#6782),(#6783,#6784),(#6785,#6786),
(#6787,#6788),(#6789,#6790),(#6791,#6792),(#6793,#6794),(#6795,#6796)),
 .SURF_OF_LINEAR_EXTRUSION.,.F.,.F.,.F.,(4,1,1,1,1,1,1,1,1,1,1,1,1,1,1,
1,1,1,1,1,1,4),(2,2),(0.591639919906327,0.610391409467795,0.629142899029263,
0.638518643809997,0.643206516200365,0.645550452395548,0.647894388590732,
0.657270133371466,0.6666458781522,0.685397367713668,0.704148857275137,0.741651836398073,
0.760403325959542,0.77915481552101,0.816657794643947,0.826033539424681,
0.835409284205415,0.844785028986149,0.854160773766883,0.863536518547618,
0.872912263328352,0.89166375288982),(0.,1.),.UNSPECIFIED.);
#19=B_SPLINE_SURFACE_WITH_KNOTS('',3,1,((#6799,#6800),(#6801,#6802),(#6803,
#6804),(#6805,#6806)),.SURF_OF_LINEAR_EXTRUSION.,.F.,.F.,.F.,(4,4),(2,2),
(0.89166375288982,1.),(0.,1.),.PIECEWISE_BEZIER_KNOTS.);
#20=B_SPLINE_SURFACE_WITH_KNOTS('',3,1,((#6808,#6809),(#6810,#6811),(#6812,
#6813),(#6814,#6815),(#6816,#6817),(#6818,#6819),(#6820,#6821),(#6822,#6823),
(#6824,#6825),(#6826,#6827),(#6828,#6829),(#6830,#6831),(#6832,#6833),(#6834,
#6835)),.SURF_OF_LINEAR_EXTRUSION.,.F.,.F.,.F.,(4,1,1,1,1,1,1,1,1,1,1,4),
(2,2),(0.,0.0287823935334968,0.0575647870669935,0.0719559838337419,0.0863471806004903,
0.115129574133987,0.129520770900735,0.143911967667484,0.158303164434232,
0.172694361200981,0.201476754734477,0.230259148267974),(0.,1.),
 .UNSPECIFIED.);
#21=ELLIPSE('',#4413,1.41421356237309,1.);
#22=ELLIPSE('',#4415,1.4142135623731,1.);
#23=ELLIPSE('',#4429,1.41421356237309,1.);
#24=ELLIPSE('',#4431,1.41421356237309,1.);
#25=B_SPLINE_CURVE_WITH_KNOTS('',3,(#6422,#6423,#6424,#6425,#6426,#6427,
#6428,#6429,#6430,#6431,#6432,#6433,#6434,#6435,#6436),.UNSPECIFIED.,.F.,
 .F.,(4,3,3,2,3,4),(0.591639919906327,0.64558152000393,0.763396040399594,
0.798817012465044,0.845788301508361,0.89166375288982),.UNSPECIFIED.);
#26=B_SPLINE_CURVE_WITH_KNOTS('',3,(#6439,#6440,#6441,#6442),
 .UNSPECIFIED.,.F.,.F.,(4,4),(0.89166375288982,1.),.UNSPECIFIED.);
#27=B_SPLINE_CURVE_WITH_KNOTS('',3,(#6444,#6445,#6446,#6447,#6448,#6449,
#6450,#6451,#6452,#6453),.UNSPECIFIED.,.F.,.F.,(4,3,3,4),(0.,0.0704285106798582,
0.141373166809197,0.230259148267974),.UNSPECIFIED.);
#28=B_SPLINE_CURVE_WITH_KNOTS('',3,(#6485,#6486,#6487,#6488),
 .UNSPECIFIED.,.F.,.F.,(4,4),(0.89166375288982,1.),.UNSPECIFIED.);
#29=B_SPLINE_CURVE_WITH_KNOTS('',3,(#6491,#6492,#6493,#6494,#6495,#6496,
#6497,#6498,#6499,#6500,#6501,#6502,#6503,#6504,#6505),.UNSPECIFIED.,.F.,
 .F.,(4,3,3,2,3,4),(0.591639919906327,0.64558152000393,0.763396040399594,
0.798817012465044,0.845788301508361,0.89166375288982),.UNSPECIFIED.);
#30=B_SPLINE_CURVE_WITH_KNOTS('',3,(#6509,#6510,#6511,#6512,#6513,#6514,
#6515,#6516,#6517,#6518),.UNSPECIFIED.,.F.,.F.,(4,3,3,4),(0.,0.0704285106798582,
0.141373166809197,0.230259148267974),.UNSPECIFIED.);
#31=SPHERICAL_SURFACE('',#4276,1.);
#32=SPHERICAL_SURFACE('',#4282,1.);
#33=SPHERICAL_SURFACE('',#4288,1.);
#34=SPHERICAL_SURFACE('',#4294,1.);
#35=SPHERICAL_SURFACE('',#4420,1.);
#36=SPHERICAL_SURFACE('',#4426,1.);
#37=CONTEXT_DEPENDENT_SHAPE_REPRESENTATION(#49,#7012);
#38=CONTEXT_DEPENDENT_SHAPE_REPRESENTATION(#50,#7014);
#39=CONTEXT_DEPENDENT_SHAPE_REPRESENTATION(#51,#7016);
#40=CONTEXT_DEPENDENT_SHAPE_REPRESENTATION(#52,#7018);
#41=CONTEXT_DEPENDENT_SHAPE_REPRESENTATION(#53,#7020);
#42=CONTEXT_DEPENDENT_SHAPE_REPRESENTATION(#54,#7022);
#43=NEXT_ASSEMBLY_USAGE_OCCURRENCE('Bottenplatta','Bottenplatta',
'Bottenplatta',#7023,#7024,'');
#44=NEXT_ASSEMBLY_USAGE_OCCURRENCE('Platta med vertikalt st√∂d',
'Platta med vertikalt st√∂d','Platta med vertikalt st√∂d',#7023,#7025,
'');
#45=NEXT_ASSEMBLY_USAGE_OCCURRENCE('Top','Top','Top',#7023,#7026,'');
#46=NEXT_ASSEMBLY_USAGE_OCCURRENCE('St√∂dplatta f√∂r scanning',
'St√∂dplatta f√∂r scanning','St√∂dplatta f√∂r scanning',#7023,#7027,'');
#47=NEXT_ASSEMBLY_USAGE_OCCURRENCE('Tryckplatta','Tryckplatta',
'Tryckplatta',#7023,#7028,'');
#48=NEXT_ASSEMBLY_USAGE_OCCURRENCE('Batteri','Batteri','Batteri',#7023,
#7029,'');
#49=(
REPRESENTATION_RELATIONSHIP(' ',' ',#4105,#4106)
REPRESENTATION_RELATIONSHIP_WITH_TRANSFORMATION(#55)
SHAPE_REPRESENTATION_RELATIONSHIP()
);
#50=(
REPRESENTATION_RELATIONSHIP(' ',' ',#4107,#4106)
REPRESENTATION_RELATIONSHIP_WITH_TRANSFORMATION(#56)
SHAPE_REPRESENTATION_RELATIONSHIP()
);
#51=(
REPRESENTATION_RELATIONSHIP(' ',' ',#4108,#4106)
REPRESENTATION_RELATIONSHIP_WITH_TRANSFORMATION(#57)
SHAPE_REPRESENTATION_RELATIONSHIP()
);
#52=(
REPRESENTATION_RELATIONSHIP(' ',' ',#4109,#4106)
REPRESENTATION_RELATIONSHIP_WITH_TRANSFORMATION(#58)
SHAPE_REPRESENTATION_RELATIONSHIP()
);
#53=(
REPRESENTATION_RELATIONSHIP(' ',' ',#4110,#4106)
REPRESENTATION_RELATIONSHIP_WITH_TRANSFORMATION(#59)
SHAPE_REPRESENTATION_RELATIONSHIP()
);
#54=(
REPRESENTATION_RELATIONSHIP(' ',' ',#4111,#4106)
REPRESENTATION_RELATIONSHIP_WITH_TRANSFORMATION(#60)
SHAPE_REPRESENTATION_RELATIONSHIP()
);
#55=ITEM_DEFINED_TRANSFORMATION(' ',' ',#4112,#4163);
#56=ITEM_DEFINED_TRANSFORMATION(' ',' ',#4112,#4331);
#57=ITEM_DEFINED_TRANSFORMATION(' ',' ',#4112,#4452);
#58=ITEM_DEFINED_TRANSFORMATION(' ',' ',#4112,#4471);
#59=ITEM_DEFINED_TRANSFORMATION(' ',' ',#4112,#4506);
#60=ITEM_DEFINED_TRANSFORMATION(' ',' ',#4112,#4513);
#61=SHAPE_REPRESENTATION_RELATIONSHIP('','',#4105,#67);
#62=SHAPE_REPRESENTATION_RELATIONSHIP('','',#4107,#68);
#63=SHAPE_REPRESENTATION_RELATIONSHIP('','',#4108,#69);
#64=SHAPE_REPRESENTATION_RELATIONSHIP('','',#4109,#70);
#65=SHAPE_REPRESENTATION_RELATIONSHIP('','',#4110,#71);
#66=SHAPE_REPRESENTATION_RELATIONSHIP('','',#4111,#72);
#67=ADVANCED_BREP_SHAPE_REPRESENTATION('',(#4092),#6994);
#68=ADVANCED_BREP_SHAPE_REPRESENTATION('',(#4093),#6995);
#69=ADVANCED_BREP_SHAPE_REPRESENTATION('',(#4094),#6996);
#70=ADVANCED_BREP_SHAPE_REPRESENTATION('',(#4095),#6997);
#71=ADVANCED_BREP_SHAPE_REPRESENTATION('',(#4096),#6998);
#72=ADVANCED_BREP_SHAPE_REPRESENTATION('',(#4097),#6999);
#73=TOROIDAL_SURFACE('',#4143,14.,1.);
#74=TOROIDAL_SURFACE('',#4145,14.,1.);
#75=TOROIDAL_SURFACE('',#4151,14.,1.);
#76=TOROIDAL_SURFACE('',#4153,14.,1.);
#77=CYLINDRICAL_SURFACE('',#4132,15.);
#78=CYLINDRICAL_SURFACE('',#4134,15.);
#79=CYLINDRICAL_SURFACE('',#4136,15.);
#80=CYLINDRICAL_SURFACE('',#4138,15.);
#81=CYLINDRICAL_SURFACE('',#4140,1.);
#82=CYLINDRICAL_SURFACE('',#4147,1.);
#83=CYLINDRICAL_SURFACE('',#4149,1.);
#84=CYLINDRICAL_SURFACE('',#4155,1.);
#85=CYLINDRICAL_SURFACE('',#4236,2.);
#86=CYLINDRICAL_SURFACE('',#4237,2.);
#87=CYLINDRICAL_SURFACE('',#4238,2.);
#88=CYLINDRICAL_SURFACE('',#4239,2.);
#89=CYLINDRICAL_SURFACE('',#4272,1.);
#90=CYLINDRICAL_SURFACE('',#4274,1.);
#91=CYLINDRICAL_SURFACE('',#4278,1.);
#92=CYLINDRICAL_SURFACE('',#4280,1.);
#93=CYLINDRICAL_SURFACE('',#4284,1.);
#94=CYLINDRICAL_SURFACE('',#4286,1.);
#95=CYLINDRICAL_SURFACE('',#4290,1.);
#96=CYLINDRICAL_SURFACE('',#4292,1.);
#97=CYLINDRICAL_SURFACE('',#4296,1.);
#98=CYLINDRICAL_SURFACE('',#4297,1.);
#99=CYLINDRICAL_SURFACE('',#4298,1.);
#100=CYLINDRICAL_SURFACE('',#4299,1.);
#101=CYLINDRICAL_SURFACE('',#4300,1.);
#102=CYLINDRICAL_SURFACE('',#4301,1.);
#103=CYLINDRICAL_SURFACE('',#4302,1.);
#104=CYLINDRICAL_SURFACE('',#4303,1.);
#105=CYLINDRICAL_SURFACE('',#4304,1.);
#106=CYLINDRICAL_SURFACE('',#4305,1.);
#107=CYLINDRICAL_SURFACE('',#4306,1.);
#108=CYLINDRICAL_SURFACE('',#4307,1.);
#109=CYLINDRICAL_SURFACE('',#4308,1.);
#110=CYLINDRICAL_SURFACE('',#4309,1.);
#111=CYLINDRICAL_SURFACE('',#4310,1.);
#112=CYLINDRICAL_SURFACE('',#4311,1.);
#113=CYLINDRICAL_SURFACE('',#4312,1.);
#114=CYLINDRICAL_SURFACE('',#4313,1.);
#115=CYLINDRICAL_SURFACE('',#4314,1.);
#116=CYLINDRICAL_SURFACE('',#4315,1.);
#117=CYLINDRICAL_SURFACE('',#4316,1.);
#118=CYLINDRICAL_SURFACE('',#4317,1.);
#119=CYLINDRICAL_SURFACE('',#4318,1.);
#120=CYLINDRICAL_SURFACE('',#4319,1.);
#121=CYLINDRICAL_SURFACE('',#4320,1.);
#122=CYLINDRICAL_SURFACE('',#4321,1.);
#123=CYLINDRICAL_SURFACE('',#4322,1.);
#124=CYLINDRICAL_SURFACE('',#4390,2.);
#125=CYLINDRICAL_SURFACE('',#4391,2.);
#126=CYLINDRICAL_SURFACE('',#4392,2.);
#127=CYLINDRICAL_SURFACE('',#4393,2.);
#128=CYLINDRICAL_SURFACE('',#4412,1.);
#129=CYLINDRICAL_SURFACE('',#4414,1.);
#130=CYLINDRICAL_SURFACE('',#4416,1.);
#131=CYLINDRICAL_SURFACE('',#4418,1.);
#132=CYLINDRICAL_SURFACE('',#4422,1.);
#133=CYLINDRICAL_SURFACE('',#4424,1.);
#134=CYLINDRICAL_SURFACE('',#4428,1.);
#135=CYLINDRICAL_SURFACE('',#4430,1.);
#136=CYLINDRICAL_SURFACE('',#4432,1.);
#137=CYLINDRICAL_SURFACE('',#4433,1.);
#138=CYLINDRICAL_SURFACE('',#4434,1.);
#139=CYLINDRICAL_SURFACE('',#4435,1.);
#140=CYLINDRICAL_SURFACE('',#4436,1.);
#141=CYLINDRICAL_SURFACE('',#4437,1.);
#142=CYLINDRICAL_SURFACE('',#4438,1.);
#143=CYLINDRICAL_SURFACE('',#4439,1.);
#144=CYLINDRICAL_SURFACE('',#4440,1.);
#145=CYLINDRICAL_SURFACE('',#4441,1.);
#146=CYLINDRICAL_SURFACE('',#4442,1.);
#147=CYLINDRICAL_SURFACE('',#4443,1.);
#148=CYLINDRICAL_SURFACE('',#4444,1.);
#149=CYLINDRICAL_SURFACE('',#4445,1.);
#150=CYLINDRICAL_SURFACE('',#4446,1.);
#151=CYLINDRICAL_SURFACE('',#4447,1.);
#152=CYLINDRICAL_SURFACE('',#4448,1.);
#153=CYLINDRICAL_SURFACE('',#4449,1.);
#154=CYLINDRICAL_SURFACE('',#4450,1.);
#155=CYLINDRICAL_SURFACE('',#4467,1.);
#156=CYLINDRICAL_SURFACE('',#4468,1.);
#157=CYLINDRICAL_SURFACE('',#4469,1.);
#158=CYLINDRICAL_SURFACE('',#4470,1.);
#159=CYLINDRICAL_SURFACE('',#4490,1.);
#160=CYLINDRICAL_SURFACE('',#4491,1.);
#161=CYLINDRICAL_SURFACE('',#4492,1.);
#162=CYLINDRICAL_SURFACE('',#4493,1.);
#163=CYLINDRICAL_SURFACE('',#4496,1.55977584059776);
#164=CYLINDRICAL_SURFACE('',#4499,1.55977584059776);
#165=CYLINDRICAL_SURFACE('',#4502,1.55977584059776);
#166=CYLINDRICAL_SURFACE('',#4505,1.55977584059776);
#167=CIRCLE('',#4115,14.);
#168=CIRCLE('',#4116,14.);
#169=CIRCLE('',#4117,14.);
#170=CIRCLE('',#4118,14.);
#171=CIRCLE('',#4121,15.);
#172=CIRCLE('',#4122,15.);
#173=CIRCLE('',#4123,15.);
#174=CIRCLE('',#4124,15.);
#175=CIRCLE('',#4133,15.);
#176=CIRCLE('',#4135,15.);
#177=CIRCLE('',#4137,15.);
#178=CIRCLE('',#4139,15.);
#179=CIRCLE('',#4141,1.);
#180=CIRCLE('',#4142,1.);
#181=CIRCLE('',#4144,1.);
#182=CIRCLE('',#4146,1.);
#183=CIRCLE('',#4148,1.);
#184=CIRCLE('',#4150,1.);
#185=CIRCLE('',#4152,1.);
#186=CIRCLE('',#4154,1.);
#187=CIRCLE('',#4169,1.);
#188=CIRCLE('',#4170,1.);
#189=CIRCLE('',#4171,1.);
#190=CIRCLE('',#4172,1.);
#191=CIRCLE('',#4173,1.);
#192=CIRCLE('',#4174,1.);
#193=CIRCLE('',#4179,1.);
#194=CIRCLE('',#4180,1.);
#195=CIRCLE('',#4181,1.);
#196=CIRCLE('',#4182,1.);
#197=CIRCLE('',#4183,1.);
#198=CIRCLE('',#4184,1.);
#199=CIRCLE('',#4185,1.);
#200=CIRCLE('',#4186,1.);
#201=CIRCLE('',#4187,2.);
#202=CIRCLE('',#4188,2.);
#203=CIRCLE('',#4189,2.);
#204=CIRCLE('',#4190,2.);
#205=CIRCLE('',#4191,1.);
#206=CIRCLE('',#4192,1.);
#207=CIRCLE('',#4193,1.);
#208=CIRCLE('',#4194,1.);
#209=CIRCLE('',#4195,1.);
#210=CIRCLE('',#4196,1.);
#211=CIRCLE('',#4197,1.);
#212=CIRCLE('',#4198,1.);
#213=CIRCLE('',#4199,1.);
#214=CIRCLE('',#4200,1.);
#215=CIRCLE('',#4201,1.);
#216=CIRCLE('',#4202,1.);
#217=CIRCLE('',#4204,1.);
#218=CIRCLE('',#4205,1.);
#219=CIRCLE('',#4206,1.);
#220=CIRCLE('',#4207,1.);
#221=CIRCLE('',#4208,2.);
#222=CIRCLE('',#4209,2.);
#223=CIRCLE('',#4210,2.);
#224=CIRCLE('',#4211,2.);
#225=CIRCLE('',#4212,1.);
#226=CIRCLE('',#4213,1.);
#227=CIRCLE('',#4214,1.);
#228=CIRCLE('',#4215,1.);
#229=CIRCLE('',#4216,1.);
#230=CIRCLE('',#4217,1.);
#231=CIRCLE('',#4218,1.);
#232=CIRCLE('',#4219,1.);
#233=CIRCLE('',#4221,1.);
#234=CIRCLE('',#4224,1.);
#235=CIRCLE('',#4230,1.);
#236=CIRCLE('',#4231,1.);
#237=CIRCLE('',#4232,1.);
#238=CIRCLE('',#4233,1.);
#239=CIRCLE('',#4234,1.);
#240=CIRCLE('',#4235,1.);
#241=CIRCLE('',#4242,1.);
#242=CIRCLE('',#4243,1.);
#243=CIRCLE('',#4244,1.);
#244=CIRCLE('',#4245,1.);
#245=CIRCLE('',#4246,1.);
#246=CIRCLE('',#4247,1.);
#247=CIRCLE('',#4248,1.);
#248=CIRCLE('',#4249,1.);
#249=CIRCLE('',#4266,1.);
#250=CIRCLE('',#4267,1.);
#251=CIRCLE('',#4269,1.);
#252=CIRCLE('',#4270,1.);
#253=CIRCLE('',#4273,1.);
#254=CIRCLE('',#4275,1.);
#255=CIRCLE('',#4277,1.);
#256=CIRCLE('',#4279,1.);
#257=CIRCLE('',#4281,1.);
#258=CIRCLE('',#4283,1.);
#259=CIRCLE('',#4285,1.);
#260=CIRCLE('',#4287,1.);
#261=CIRCLE('',#4289,1.);
#262=CIRCLE('',#4291,1.);
#263=CIRCLE('',#4293,1.);
#264=CIRCLE('',#4295,1.);
#265=CIRCLE('',#4333,1.);
#266=CIRCLE('',#4334,1.);
#267=CIRCLE('',#4335,1.);
#268=CIRCLE('',#4336,1.);
#269=CIRCLE('',#4337,1.);
#270=CIRCLE('',#4338,1.);
#271=CIRCLE('',#4339,1.);
#272=CIRCLE('',#4340,1.);
#273=CIRCLE('',#4341,2.);
#274=CIRCLE('',#4342,2.);
#275=CIRCLE('',#4343,2.);
#276=CIRCLE('',#4344,2.);
#277=CIRCLE('',#4345,1.);
#278=CIRCLE('',#4346,1.);
#279=CIRCLE('',#4347,1.);
#280=CIRCLE('',#4348,1.);
#281=CIRCLE('',#4350,1.);
#282=CIRCLE('',#4351,1.);
#283=CIRCLE('',#4352,1.);
#284=CIRCLE('',#4353,1.);
#285=CIRCLE('',#4354,1.);
#286=CIRCLE('',#4355,1.);
#287=CIRCLE('',#4357,2.);
#288=CIRCLE('',#4358,2.);
#289=CIRCLE('',#4359,2.);
#290=CIRCLE('',#4360,2.);
#291=CIRCLE('',#4361,1.);
#292=CIRCLE('',#4362,1.);
#293=CIRCLE('',#4363,1.);
#294=CIRCLE('',#4364,1.);
#295=CIRCLE('',#4365,1.);
#296=CIRCLE('',#4366,1.);
#297=CIRCLE('',#4367,1.);
#298=CIRCLE('',#4368,1.);
#299=CIRCLE('',#4369,1.);
#300=CIRCLE('',#4370,1.);
#301=CIRCLE('',#4371,1.);
#302=CIRCLE('',#4372,1.);
#303=CIRCLE('',#4373,1.);
#304=CIRCLE('',#4374,1.);
#305=CIRCLE('',#4375,1.);
#306=CIRCLE('',#4376,1.);
#307=CIRCLE('',#4377,1.);
#308=CIRCLE('',#4378,1.);
#309=CIRCLE('',#4379,1.);
#310=CIRCLE('',#4380,1.);
#311=CIRCLE('',#4381,1.);
#312=CIRCLE('',#4382,1.);
#313=CIRCLE('',#4417,1.);
#314=CIRCLE('',#4419,1.);
#315=CIRCLE('',#4421,1.);
#316=CIRCLE('',#4423,1.);
#317=CIRCLE('',#4425,1.);
#318=CIRCLE('',#4427,1.);
#319=CIRCLE('',#4458,1.);
#320=CIRCLE('',#4459,1.);
#321=CIRCLE('',#4460,1.);
#322=CIRCLE('',#4461,1.);
#323=CIRCLE('',#4463,1.);
#324=CIRCLE('',#4464,1.);
#325=CIRCLE('',#4465,1.);
#326=CIRCLE('',#4466,1.);
#327=CIRCLE('',#4477,1.55977584059776);
#328=CIRCLE('',#4478,1.55977584059776);
#329=CIRCLE('',#4479,1.55977584059776);
#330=CIRCLE('',#4480,1.55977584059776);
#331=CIRCLE('',#4481,1.);
#332=CIRCLE('',#4482,1.);
#333=CIRCLE('',#4483,1.);
#334=CIRCLE('',#4484,1.);
#335=CIRCLE('',#4486,1.);
#336=CIRCLE('',#4487,1.);
#337=CIRCLE('',#4488,1.);
#338=CIRCLE('',#4489,1.);
#339=CIRCLE('',#4495,1.55977584059776);
#340=CIRCLE('',#4498,1.55977584059776);
#341=CIRCLE('',#4501,1.55977584059776);
#342=CIRCLE('',#4504,1.55977584059776);
#343=ORIENTED_EDGE('',*,*,#1471,.T.);
#344=ORIENTED_EDGE('',*,*,#1472,.T.);
#345=ORIENTED_EDGE('',*,*,#1473,.T.);
#346=ORIENTED_EDGE('',*,*,#1474,.T.);
#347=ORIENTED_EDGE('',*,*,#1475,.F.);
#348=ORIENTED_EDGE('',*,*,#1476,.F.);
#349=ORIENTED_EDGE('',*,*,#1477,.F.);
#350=ORIENTED_EDGE('',*,*,#1478,.F.);
#351=ORIENTED_EDGE('',*,*,#1479,.F.);
#352=ORIENTED_EDGE('',*,*,#1480,.F.);
#353=ORIENTED_EDGE('',*,*,#1481,.F.);
#354=ORIENTED_EDGE('',*,*,#1482,.T.);
#355=ORIENTED_EDGE('',*,*,#1483,.T.);
#356=ORIENTED_EDGE('',*,*,#1484,.T.);
#357=ORIENTED_EDGE('',*,*,#1485,.T.);
#358=ORIENTED_EDGE('',*,*,#1486,.T.);
#359=ORIENTED_EDGE('',*,*,#1487,.T.);
#360=ORIENTED_EDGE('',*,*,#1488,.T.);
#361=ORIENTED_EDGE('',*,*,#1489,.T.);
#362=ORIENTED_EDGE('',*,*,#1490,.F.);
#363=ORIENTED_EDGE('',*,*,#1491,.F.);
#364=ORIENTED_EDGE('',*,*,#1492,.F.);
#365=ORIENTED_EDGE('',*,*,#1493,.F.);
#366=ORIENTED_EDGE('',*,*,#1494,.T.);
#367=ORIENTED_EDGE('',*,*,#1495,.T.);
#368=ORIENTED_EDGE('',*,*,#1496,.T.);
#369=ORIENTED_EDGE('',*,*,#1497,.F.);
#370=ORIENTED_EDGE('',*,*,#1498,.T.);
#371=ORIENTED_EDGE('',*,*,#1499,.T.);
#372=ORIENTED_EDGE('',*,*,#1500,.T.);
#373=ORIENTED_EDGE('',*,*,#1501,.T.);
#374=ORIENTED_EDGE('',*,*,#1502,.T.);
#375=ORIENTED_EDGE('',*,*,#1503,.T.);
#376=ORIENTED_EDGE('',*,*,#1504,.T.);
#377=ORIENTED_EDGE('',*,*,#1497,.T.);
#378=ORIENTED_EDGE('',*,*,#1505,.T.);
#379=ORIENTED_EDGE('',*,*,#1506,.T.);
#380=ORIENTED_EDGE('',*,*,#1507,.T.);
#381=ORIENTED_EDGE('',*,*,#1474,.F.);
#382=ORIENTED_EDGE('',*,*,#1508,.T.);
#383=ORIENTED_EDGE('',*,*,#1509,.F.);
#384=ORIENTED_EDGE('',*,*,#1510,.T.);
#385=ORIENTED_EDGE('',*,*,#1511,.T.);
#386=ORIENTED_EDGE('',*,*,#1512,.T.);
#387=ORIENTED_EDGE('',*,*,#1513,.T.);
#388=ORIENTED_EDGE('',*,*,#1509,.T.);
#389=ORIENTED_EDGE('',*,*,#1514,.T.);
#390=ORIENTED_EDGE('',*,*,#1515,.T.);
#391=ORIENTED_EDGE('',*,*,#1516,.T.);
#392=ORIENTED_EDGE('',*,*,#1506,.F.);
#393=ORIENTED_EDGE('',*,*,#1491,.T.);
#394=ORIENTED_EDGE('',*,*,#1517,.F.);
#395=ORIENTED_EDGE('',*,*,#1518,.F.);
#396=ORIENTED_EDGE('',*,*,#1519,.T.);
#397=ORIENTED_EDGE('',*,*,#1490,.T.);
#398=ORIENTED_EDGE('',*,*,#1520,.F.);
#399=ORIENTED_EDGE('',*,*,#1521,.F.);
#400=ORIENTED_EDGE('',*,*,#1517,.T.);
#401=ORIENTED_EDGE('',*,*,#1493,.T.);
#402=ORIENTED_EDGE('',*,*,#1522,.F.);
#403=ORIENTED_EDGE('',*,*,#1523,.F.);
#404=ORIENTED_EDGE('',*,*,#1520,.T.);
#405=ORIENTED_EDGE('',*,*,#1492,.T.);
#406=ORIENTED_EDGE('',*,*,#1519,.F.);
#407=ORIENTED_EDGE('',*,*,#1524,.F.);
#408=ORIENTED_EDGE('',*,*,#1522,.T.);
#409=ORIENTED_EDGE('',*,*,#1518,.T.);
#410=ORIENTED_EDGE('',*,*,#1521,.T.);
#411=ORIENTED_EDGE('',*,*,#1523,.T.);
#412=ORIENTED_EDGE('',*,*,#1524,.T.);
#413=ORIENTED_EDGE('',*,*,#1496,.F.);
#414=ORIENTED_EDGE('',*,*,#1525,.T.);
#415=ORIENTED_EDGE('',*,*,#1514,.F.);
#416=ORIENTED_EDGE('',*,*,#1505,.F.);
#417=ORIENTED_EDGE('',*,*,#1516,.F.);
#418=ORIENTED_EDGE('',*,*,#1526,.T.);
#419=ORIENTED_EDGE('',*,*,#1471,.F.);
#420=ORIENTED_EDGE('',*,*,#1507,.F.);
#421=ORIENTED_EDGE('',*,*,#1473,.F.);
#422=ORIENTED_EDGE('',*,*,#1527,.T.);
#423=ORIENTED_EDGE('',*,*,#1511,.F.);
#424=ORIENTED_EDGE('',*,*,#1508,.F.);
#425=ORIENTED_EDGE('',*,*,#1513,.F.);
#426=ORIENTED_EDGE('',*,*,#1528,.T.);
#427=ORIENTED_EDGE('',*,*,#1494,.F.);
#428=ORIENTED_EDGE('',*,*,#1510,.F.);
#429=ORIENTED_EDGE('',*,*,#1529,.F.);
#430=ORIENTED_EDGE('',*,*,#1512,.F.);
#431=ORIENTED_EDGE('',*,*,#1530,.F.);
#432=ORIENTED_EDGE('',*,*,#1487,.F.);
#433=ORIENTED_EDGE('',*,*,#1530,.T.);
#434=ORIENTED_EDGE('',*,*,#1527,.F.);
#435=ORIENTED_EDGE('',*,*,#1531,.F.);
#436=ORIENTED_EDGE('',*,*,#1488,.F.);
#437=ORIENTED_EDGE('',*,*,#1529,.T.);
#438=ORIENTED_EDGE('',*,*,#1486,.F.);
#439=ORIENTED_EDGE('',*,*,#1532,.F.);
#440=ORIENTED_EDGE('',*,*,#1528,.F.);
#441=ORIENTED_EDGE('',*,*,#1531,.T.);
#442=ORIENTED_EDGE('',*,*,#1472,.F.);
#443=ORIENTED_EDGE('',*,*,#1533,.F.);
#444=ORIENTED_EDGE('',*,*,#1489,.F.);
#445=ORIENTED_EDGE('',*,*,#1532,.T.);
#446=ORIENTED_EDGE('',*,*,#1485,.F.);
#447=ORIENTED_EDGE('',*,*,#1534,.F.);
#448=ORIENTED_EDGE('',*,*,#1495,.F.);
#449=ORIENTED_EDGE('',*,*,#1533,.T.);
#450=ORIENTED_EDGE('',*,*,#1526,.F.);
#451=ORIENTED_EDGE('',*,*,#1535,.F.);
#452=ORIENTED_EDGE('',*,*,#1482,.F.);
#453=ORIENTED_EDGE('',*,*,#1534,.T.);
#454=ORIENTED_EDGE('',*,*,#1484,.F.);
#455=ORIENTED_EDGE('',*,*,#1536,.F.);
#456=ORIENTED_EDGE('',*,*,#1525,.F.);
#457=ORIENTED_EDGE('',*,*,#1535,.T.);
#458=ORIENTED_EDGE('',*,*,#1515,.F.);
#459=ORIENTED_EDGE('',*,*,#1536,.T.);
#460=ORIENTED_EDGE('',*,*,#1483,.F.);
#461=ORIENTED_EDGE('',*,*,#1537,.T.);
#462=ORIENTED_EDGE('',*,*,#1476,.T.);
#463=ORIENTED_EDGE('',*,*,#1538,.F.);
#464=ORIENTED_EDGE('',*,*,#1499,.F.);
#465=ORIENTED_EDGE('',*,*,#1538,.T.);
#466=ORIENTED_EDGE('',*,*,#1475,.T.);
#467=ORIENTED_EDGE('',*,*,#1539,.F.);
#468=ORIENTED_EDGE('',*,*,#1500,.F.);
#469=ORIENTED_EDGE('',*,*,#1539,.T.);
#470=ORIENTED_EDGE('',*,*,#1481,.T.);
#471=ORIENTED_EDGE('',*,*,#1540,.F.);
#472=ORIENTED_EDGE('',*,*,#1501,.F.);
#473=ORIENTED_EDGE('',*,*,#1540,.T.);
#474=ORIENTED_EDGE('',*,*,#1480,.T.);
#475=ORIENTED_EDGE('',*,*,#1541,.F.);
#476=ORIENTED_EDGE('',*,*,#1502,.F.);
#477=ORIENTED_EDGE('',*,*,#1541,.T.);
#478=ORIENTED_EDGE('',*,*,#1479,.T.);
#479=ORIENTED_EDGE('',*,*,#1542,.F.);
#480=ORIENTED_EDGE('',*,*,#1503,.F.);
#481=ORIENTED_EDGE('',*,*,#1542,.T.);
#482=ORIENTED_EDGE('',*,*,#1478,.T.);
#483=ORIENTED_EDGE('',*,*,#1543,.F.);
#484=ORIENTED_EDGE('',*,*,#1504,.F.);
#485=ORIENTED_EDGE('',*,*,#1543,.T.);
#486=ORIENTED_EDGE('',*,*,#1477,.T.);
#487=ORIENTED_EDGE('',*,*,#1537,.F.);
#488=ORIENTED_EDGE('',*,*,#1498,.F.);
#489=ORIENTED_EDGE('',*,*,#1544,.T.);
#490=ORIENTED_EDGE('',*,*,#1545,.T.);
#491=ORIENTED_EDGE('',*,*,#1546,.F.);
#492=ORIENTED_EDGE('',*,*,#1547,.T.);
#493=ORIENTED_EDGE('',*,*,#1548,.T.);
#494=ORIENTED_EDGE('',*,*,#1549,.T.);
#495=ORIENTED_EDGE('',*,*,#1550,.T.);
#496=ORIENTED_EDGE('',*,*,#1551,.T.);
#497=ORIENTED_EDGE('',*,*,#1552,.T.);
#498=ORIENTED_EDGE('',*,*,#1553,.T.);
#499=ORIENTED_EDGE('',*,*,#1554,.T.);
#500=ORIENTED_EDGE('',*,*,#1555,.F.);
#501=ORIENTED_EDGE('',*,*,#1556,.T.);
#502=ORIENTED_EDGE('',*,*,#1557,.T.);
#503=ORIENTED_EDGE('',*,*,#1558,.T.);
#504=ORIENTED_EDGE('',*,*,#1559,.T.);
#505=ORIENTED_EDGE('',*,*,#1560,.T.);
#506=ORIENTED_EDGE('',*,*,#1561,.F.);
#507=ORIENTED_EDGE('',*,*,#1562,.T.);
#508=ORIENTED_EDGE('',*,*,#1563,.F.);
#509=ORIENTED_EDGE('',*,*,#1564,.T.);
#510=ORIENTED_EDGE('',*,*,#1565,.T.);
#511=ORIENTED_EDGE('',*,*,#1566,.F.);
#512=ORIENTED_EDGE('',*,*,#1555,.T.);
#513=ORIENTED_EDGE('',*,*,#1567,.T.);
#514=ORIENTED_EDGE('',*,*,#1568,.T.);
#515=ORIENTED_EDGE('',*,*,#1569,.T.);
#516=ORIENTED_EDGE('',*,*,#1570,.T.);
#517=ORIENTED_EDGE('',*,*,#1571,.T.);
#518=ORIENTED_EDGE('',*,*,#1572,.F.);
#519=ORIENTED_EDGE('',*,*,#1573,.T.);
#520=ORIENTED_EDGE('',*,*,#1574,.T.);
#521=ORIENTED_EDGE('',*,*,#1575,.T.);
#522=ORIENTED_EDGE('',*,*,#1576,.T.);
#523=ORIENTED_EDGE('',*,*,#1577,.T.);
#524=ORIENTED_EDGE('',*,*,#1578,.T.);
#525=ORIENTED_EDGE('',*,*,#1579,.T.);
#526=ORIENTED_EDGE('',*,*,#1546,.T.);
#527=ORIENTED_EDGE('',*,*,#1580,.T.);
#528=ORIENTED_EDGE('',*,*,#1581,.T.);
#529=ORIENTED_EDGE('',*,*,#1582,.T.);
#530=ORIENTED_EDGE('',*,*,#1583,.T.);
#531=ORIENTED_EDGE('',*,*,#1584,.T.);
#532=ORIENTED_EDGE('',*,*,#1585,.T.);
#533=ORIENTED_EDGE('',*,*,#1586,.F.);
#534=ORIENTED_EDGE('',*,*,#1587,.T.);
#535=ORIENTED_EDGE('',*,*,#1588,.T.);
#536=ORIENTED_EDGE('',*,*,#1589,.F.);
#537=ORIENTED_EDGE('',*,*,#1590,.F.);
#538=ORIENTED_EDGE('',*,*,#1591,.T.);
#539=ORIENTED_EDGE('',*,*,#1592,.T.);
#540=ORIENTED_EDGE('',*,*,#1576,.F.);
#541=ORIENTED_EDGE('',*,*,#1593,.T.);
#542=ORIENTED_EDGE('',*,*,#1594,.F.);
#543=ORIENTED_EDGE('',*,*,#1595,.T.);
#544=ORIENTED_EDGE('',*,*,#1561,.T.);
#545=ORIENTED_EDGE('',*,*,#1596,.T.);
#546=ORIENTED_EDGE('',*,*,#1597,.T.);
#547=ORIENTED_EDGE('',*,*,#1598,.T.);
#548=ORIENTED_EDGE('',*,*,#1599,.T.);
#549=ORIENTED_EDGE('',*,*,#1600,.T.);
#550=ORIENTED_EDGE('',*,*,#1601,.T.);
#551=ORIENTED_EDGE('',*,*,#1602,.T.);
#552=ORIENTED_EDGE('',*,*,#1603,.T.);
#553=ORIENTED_EDGE('',*,*,#1604,.T.);
#554=ORIENTED_EDGE('',*,*,#1605,.F.);
#555=ORIENTED_EDGE('',*,*,#1590,.T.);
#556=ORIENTED_EDGE('',*,*,#1606,.T.);
#557=ORIENTED_EDGE('',*,*,#1607,.T.);
#558=ORIENTED_EDGE('',*,*,#1608,.T.);
#559=ORIENTED_EDGE('',*,*,#1609,.T.);
#560=ORIENTED_EDGE('',*,*,#1610,.T.);
#561=ORIENTED_EDGE('',*,*,#1586,.T.);
#562=ORIENTED_EDGE('',*,*,#1611,.F.);
#563=ORIENTED_EDGE('',*,*,#1612,.F.);
#564=ORIENTED_EDGE('',*,*,#1613,.F.);
#565=ORIENTED_EDGE('',*,*,#1614,.F.);
#566=ORIENTED_EDGE('',*,*,#1615,.T.);
#567=ORIENTED_EDGE('',*,*,#1616,.T.);
#568=ORIENTED_EDGE('',*,*,#1617,.T.);
#569=ORIENTED_EDGE('',*,*,#1618,.T.);
#570=ORIENTED_EDGE('',*,*,#1619,.T.);
#571=ORIENTED_EDGE('',*,*,#1620,.T.);
#572=ORIENTED_EDGE('',*,*,#1621,.T.);
#573=ORIENTED_EDGE('',*,*,#1622,.T.);
#574=ORIENTED_EDGE('',*,*,#1623,.T.);
#575=ORIENTED_EDGE('',*,*,#1624,.T.);
#576=ORIENTED_EDGE('',*,*,#1625,.T.);
#577=ORIENTED_EDGE('',*,*,#1626,.T.);
#578=ORIENTED_EDGE('',*,*,#1627,.T.);
#579=ORIENTED_EDGE('',*,*,#1628,.T.);
#580=ORIENTED_EDGE('',*,*,#1629,.T.);
#581=ORIENTED_EDGE('',*,*,#1630,.T.);
#582=ORIENTED_EDGE('',*,*,#1631,.T.);
#583=ORIENTED_EDGE('',*,*,#1632,.T.);
#584=ORIENTED_EDGE('',*,*,#1633,.T.);
#585=ORIENTED_EDGE('',*,*,#1634,.T.);
#586=ORIENTED_EDGE('',*,*,#1635,.T.);
#587=ORIENTED_EDGE('',*,*,#1636,.T.);
#588=ORIENTED_EDGE('',*,*,#1637,.T.);
#589=ORIENTED_EDGE('',*,*,#1638,.T.);
#590=ORIENTED_EDGE('',*,*,#1639,.F.);
#591=ORIENTED_EDGE('',*,*,#1640,.T.);
#592=ORIENTED_EDGE('',*,*,#1641,.F.);
#593=ORIENTED_EDGE('',*,*,#1642,.T.);
#594=ORIENTED_EDGE('',*,*,#1643,.F.);
#595=ORIENTED_EDGE('',*,*,#1644,.T.);
#596=ORIENTED_EDGE('',*,*,#1645,.F.);
#597=ORIENTED_EDGE('',*,*,#1646,.T.);
#598=ORIENTED_EDGE('',*,*,#1647,.T.);
#599=ORIENTED_EDGE('',*,*,#1648,.T.);
#600=ORIENTED_EDGE('',*,*,#1649,.T.);
#601=ORIENTED_EDGE('',*,*,#1650,.T.);
#602=ORIENTED_EDGE('',*,*,#1651,.T.);
#603=ORIENTED_EDGE('',*,*,#1652,.T.);
#604=ORIENTED_EDGE('',*,*,#1653,.T.);
#605=ORIENTED_EDGE('',*,*,#1654,.T.);
#606=ORIENTED_EDGE('',*,*,#1655,.T.);
#607=ORIENTED_EDGE('',*,*,#1656,.T.);
#608=ORIENTED_EDGE('',*,*,#1657,.T.);
#609=ORIENTED_EDGE('',*,*,#1658,.T.);
#610=ORIENTED_EDGE('',*,*,#1659,.F.);
#611=ORIENTED_EDGE('',*,*,#1660,.T.);
#612=ORIENTED_EDGE('',*,*,#1661,.F.);
#613=ORIENTED_EDGE('',*,*,#1662,.T.);
#614=ORIENTED_EDGE('',*,*,#1663,.F.);
#615=ORIENTED_EDGE('',*,*,#1664,.T.);
#616=ORIENTED_EDGE('',*,*,#1665,.F.);
#617=ORIENTED_EDGE('',*,*,#1666,.T.);
#618=ORIENTED_EDGE('',*,*,#1667,.F.);
#619=ORIENTED_EDGE('',*,*,#1668,.T.);
#620=ORIENTED_EDGE('',*,*,#1669,.F.);
#621=ORIENTED_EDGE('',*,*,#1670,.T.);
#622=ORIENTED_EDGE('',*,*,#1671,.F.);
#623=ORIENTED_EDGE('',*,*,#1672,.T.);
#624=ORIENTED_EDGE('',*,*,#1673,.F.);
#625=ORIENTED_EDGE('',*,*,#1674,.T.);
#626=ORIENTED_EDGE('',*,*,#1589,.T.);
#627=ORIENTED_EDGE('',*,*,#1675,.T.);
#628=ORIENTED_EDGE('',*,*,#1572,.T.);
#629=ORIENTED_EDGE('',*,*,#1676,.T.);
#630=ORIENTED_EDGE('',*,*,#1677,.T.);
#631=ORIENTED_EDGE('',*,*,#1678,.T.);
#632=ORIENTED_EDGE('',*,*,#1679,.T.);
#633=ORIENTED_EDGE('',*,*,#1680,.T.);
#634=ORIENTED_EDGE('',*,*,#1606,.F.);
#635=ORIENTED_EDGE('',*,*,#1608,.F.);
#636=ORIENTED_EDGE('',*,*,#1681,.T.);
#637=ORIENTED_EDGE('',*,*,#1682,.T.);
#638=ORIENTED_EDGE('',*,*,#1683,.T.);
#639=ORIENTED_EDGE('',*,*,#1570,.F.);
#640=ORIENTED_EDGE('',*,*,#1684,.T.);
#641=ORIENTED_EDGE('',*,*,#1583,.F.);
#642=ORIENTED_EDGE('',*,*,#1610,.F.);
#643=ORIENTED_EDGE('',*,*,#1685,.T.);
#644=ORIENTED_EDGE('',*,*,#1686,.T.);
#645=ORIENTED_EDGE('',*,*,#1687,.T.);
#646=ORIENTED_EDGE('',*,*,#1688,.F.);
#647=ORIENTED_EDGE('',*,*,#1689,.F.);
#648=ORIENTED_EDGE('',*,*,#1603,.F.);
#649=ORIENTED_EDGE('',*,*,#1690,.T.);
#650=ORIENTED_EDGE('',*,*,#1691,.T.);
#651=ORIENTED_EDGE('',*,*,#1692,.T.);
#652=ORIENTED_EDGE('',*,*,#1693,.T.);
#653=ORIENTED_EDGE('',*,*,#1694,.T.);
#654=ORIENTED_EDGE('',*,*,#1597,.F.);
#655=ORIENTED_EDGE('',*,*,#1695,.T.);
#656=ORIENTED_EDGE('',*,*,#1599,.F.);
#657=ORIENTED_EDGE('',*,*,#1696,.T.);
#658=ORIENTED_EDGE('',*,*,#1697,.T.);
#659=ORIENTED_EDGE('',*,*,#1698,.T.);
#660=ORIENTED_EDGE('',*,*,#1601,.F.);
#661=ORIENTED_EDGE('',*,*,#1699,.T.);
#662=ORIENTED_EDGE('',*,*,#1700,.T.);
#663=ORIENTED_EDGE('',*,*,#1701,.T.);
#664=ORIENTED_EDGE('',*,*,#1697,.F.);
#665=ORIENTED_EDGE('',*,*,#1702,.T.);
#666=ORIENTED_EDGE('',*,*,#1693,.F.);
#667=ORIENTED_EDGE('',*,*,#1703,.T.);
#668=ORIENTED_EDGE('',*,*,#1559,.F.);
#669=ORIENTED_EDGE('',*,*,#1704,.T.);
#670=ORIENTED_EDGE('',*,*,#1705,.F.);
#671=ORIENTED_EDGE('',*,*,#1706,.F.);
#672=ORIENTED_EDGE('',*,*,#1707,.F.);
#673=ORIENTED_EDGE('',*,*,#1708,.T.);
#674=ORIENTED_EDGE('',*,*,#1691,.F.);
#675=ORIENTED_EDGE('',*,*,#1709,.T.);
#676=ORIENTED_EDGE('',*,*,#1700,.F.);
#677=ORIENTED_EDGE('',*,*,#1710,.T.);
#678=ORIENTED_EDGE('',*,*,#1655,.F.);
#679=ORIENTED_EDGE('',*,*,#1614,.T.);
#680=ORIENTED_EDGE('',*,*,#1656,.F.);
#681=ORIENTED_EDGE('',*,*,#1613,.T.);
#682=ORIENTED_EDGE('',*,*,#1657,.F.);
#683=ORIENTED_EDGE('',*,*,#1612,.T.);
#684=ORIENTED_EDGE('',*,*,#1658,.F.);
#685=ORIENTED_EDGE('',*,*,#1611,.T.);
#686=ORIENTED_EDGE('',*,*,#1676,.F.);
#687=ORIENTED_EDGE('',*,*,#1571,.F.);
#688=ORIENTED_EDGE('',*,*,#1689,.T.);
#689=ORIENTED_EDGE('',*,*,#1711,.T.);
#690=ORIENTED_EDGE('',*,*,#1712,.F.);
#691=ORIENTED_EDGE('',*,*,#1713,.T.);
#692=ORIENTED_EDGE('',*,*,#1557,.F.);
#693=ORIENTED_EDGE('',*,*,#1714,.T.);
#694=ORIENTED_EDGE('',*,*,#1715,.F.);
#695=ORIENTED_EDGE('',*,*,#1716,.T.);
#696=ORIENTED_EDGE('',*,*,#1544,.F.);
#697=ORIENTED_EDGE('',*,*,#1717,.T.);
#698=ORIENTED_EDGE('',*,*,#1718,.F.);
#699=ORIENTED_EDGE('',*,*,#1719,.T.);
#700=ORIENTED_EDGE('',*,*,#1591,.F.);
#701=ORIENTED_EDGE('',*,*,#1720,.T.);
#702=ORIENTED_EDGE('',*,*,#1721,.F.);
#703=ORIENTED_EDGE('',*,*,#1722,.T.);
#704=ORIENTED_EDGE('',*,*,#1723,.T.);
#705=ORIENTED_EDGE('',*,*,#1677,.F.);
#706=ORIENTED_EDGE('',*,*,#1711,.F.);
#707=ORIENTED_EDGE('',*,*,#1688,.T.);
#708=ORIENTED_EDGE('',*,*,#1724,.T.);
#709=ORIENTED_EDGE('',*,*,#1563,.T.);
#710=ORIENTED_EDGE('',*,*,#1725,.T.);
#711=ORIENTED_EDGE('',*,*,#1726,.T.);
#712=ORIENTED_EDGE('',*,*,#1722,.F.);
#713=ORIENTED_EDGE('',*,*,#1727,.F.);
#714=ORIENTED_EDGE('',*,*,#1659,.T.);
#715=ORIENTED_EDGE('',*,*,#1728,.T.);
#716=ORIENTED_EDGE('',*,*,#1619,.F.);
#717=ORIENTED_EDGE('',*,*,#1729,.T.);
#718=ORIENTED_EDGE('',*,*,#1665,.T.);
#719=ORIENTED_EDGE('',*,*,#1730,.T.);
#720=ORIENTED_EDGE('',*,*,#1621,.F.);
#721=ORIENTED_EDGE('',*,*,#1731,.T.);
#722=ORIENTED_EDGE('',*,*,#1615,.F.);
#723=ORIENTED_EDGE('',*,*,#1732,.T.);
#724=ORIENTED_EDGE('',*,*,#1663,.T.);
#725=ORIENTED_EDGE('',*,*,#1733,.T.);
#726=ORIENTED_EDGE('',*,*,#1617,.F.);
#727=ORIENTED_EDGE('',*,*,#1734,.T.);
#728=ORIENTED_EDGE('',*,*,#1661,.T.);
#729=ORIENTED_EDGE('',*,*,#1735,.T.);
#730=ORIENTED_EDGE('',*,*,#1627,.F.);
#731=ORIENTED_EDGE('',*,*,#1736,.T.);
#732=ORIENTED_EDGE('',*,*,#1639,.T.);
#733=ORIENTED_EDGE('',*,*,#1737,.T.);
#734=ORIENTED_EDGE('',*,*,#1629,.F.);
#735=ORIENTED_EDGE('',*,*,#1738,.T.);
#736=ORIENTED_EDGE('',*,*,#1645,.T.);
#737=ORIENTED_EDGE('',*,*,#1739,.T.);
#738=ORIENTED_EDGE('',*,*,#1643,.T.);
#739=ORIENTED_EDGE('',*,*,#1740,.T.);
#740=ORIENTED_EDGE('',*,*,#1623,.F.);
#741=ORIENTED_EDGE('',*,*,#1741,.T.);
#742=ORIENTED_EDGE('',*,*,#1641,.T.);
#743=ORIENTED_EDGE('',*,*,#1742,.T.);
#744=ORIENTED_EDGE('',*,*,#1625,.F.);
#745=ORIENTED_EDGE('',*,*,#1743,.T.);
#746=ORIENTED_EDGE('',*,*,#1635,.F.);
#747=ORIENTED_EDGE('',*,*,#1744,.T.);
#748=ORIENTED_EDGE('',*,*,#1667,.T.);
#749=ORIENTED_EDGE('',*,*,#1745,.T.);
#750=ORIENTED_EDGE('',*,*,#1637,.F.);
#751=ORIENTED_EDGE('',*,*,#1746,.T.);
#752=ORIENTED_EDGE('',*,*,#1673,.T.);
#753=ORIENTED_EDGE('',*,*,#1747,.T.);
#754=ORIENTED_EDGE('',*,*,#1671,.T.);
#755=ORIENTED_EDGE('',*,*,#1748,.T.);
#756=ORIENTED_EDGE('',*,*,#1631,.F.);
#757=ORIENTED_EDGE('',*,*,#1749,.T.);
#758=ORIENTED_EDGE('',*,*,#1633,.F.);
#759=ORIENTED_EDGE('',*,*,#1750,.T.);
#760=ORIENTED_EDGE('',*,*,#1669,.T.);
#761=ORIENTED_EDGE('',*,*,#1751,.T.);
#762=ORIENTED_EDGE('',*,*,#1715,.T.);
#763=ORIENTED_EDGE('',*,*,#1752,.T.);
#764=ORIENTED_EDGE('',*,*,#1581,.F.);
#765=ORIENTED_EDGE('',*,*,#1753,.T.);
#766=ORIENTED_EDGE('',*,*,#1578,.F.);
#767=ORIENTED_EDGE('',*,*,#1754,.T.);
#768=ORIENTED_EDGE('',*,*,#1718,.T.);
#769=ORIENTED_EDGE('',*,*,#1755,.T.);
#770=ORIENTED_EDGE('',*,*,#1705,.T.);
#771=ORIENTED_EDGE('',*,*,#1756,.T.);
#772=ORIENTED_EDGE('',*,*,#1594,.T.);
#773=ORIENTED_EDGE('',*,*,#1585,.F.);
#774=ORIENTED_EDGE('',*,*,#1757,.T.);
#775=ORIENTED_EDGE('',*,*,#1568,.F.);
#776=ORIENTED_EDGE('',*,*,#1758,.T.);
#777=ORIENTED_EDGE('',*,*,#1712,.T.);
#778=ORIENTED_EDGE('',*,*,#1566,.T.);
#779=ORIENTED_EDGE('',*,*,#1759,.T.);
#780=ORIENTED_EDGE('',*,*,#1651,.F.);
#781=ORIENTED_EDGE('',*,*,#1760,.T.);
#782=ORIENTED_EDGE('',*,*,#1605,.T.);
#783=ORIENTED_EDGE('',*,*,#1761,.T.);
#784=ORIENTED_EDGE('',*,*,#1707,.T.);
#785=ORIENTED_EDGE('',*,*,#1762,.F.);
#786=ORIENTED_EDGE('',*,*,#1649,.F.);
#787=ORIENTED_EDGE('',*,*,#1763,.T.);
#788=ORIENTED_EDGE('',*,*,#1727,.T.);
#789=ORIENTED_EDGE('',*,*,#1721,.T.);
#790=ORIENTED_EDGE('',*,*,#1764,.T.);
#791=ORIENTED_EDGE('',*,*,#1574,.F.);
#792=ORIENTED_EDGE('',*,*,#1765,.T.);
#793=ORIENTED_EDGE('',*,*,#1587,.F.);
#794=ORIENTED_EDGE('',*,*,#1762,.T.);
#795=ORIENTED_EDGE('',*,*,#1706,.T.);
#796=ORIENTED_EDGE('',*,*,#1760,.F.);
#797=ORIENTED_EDGE('',*,*,#1650,.F.);
#798=ORIENTED_EDGE('',*,*,#1724,.F.);
#799=ORIENTED_EDGE('',*,*,#1687,.F.);
#800=ORIENTED_EDGE('',*,*,#1766,.F.);
#801=ORIENTED_EDGE('',*,*,#1564,.F.);
#802=ORIENTED_EDGE('',*,*,#1759,.F.);
#803=ORIENTED_EDGE('',*,*,#1565,.F.);
#804=ORIENTED_EDGE('',*,*,#1767,.F.);
#805=ORIENTED_EDGE('',*,*,#1652,.F.);
#806=ORIENTED_EDGE('',*,*,#1767,.T.);
#807=ORIENTED_EDGE('',*,*,#1766,.T.);
#808=ORIENTED_EDGE('',*,*,#1768,.F.);
#809=ORIENTED_EDGE('',*,*,#1609,.F.);
#810=ORIENTED_EDGE('',*,*,#1683,.F.);
#811=ORIENTED_EDGE('',*,*,#1769,.F.);
#812=ORIENTED_EDGE('',*,*,#1685,.F.);
#813=ORIENTED_EDGE('',*,*,#1768,.T.);
#814=ORIENTED_EDGE('',*,*,#1686,.F.);
#815=ORIENTED_EDGE('',*,*,#1770,.F.);
#816=ORIENTED_EDGE('',*,*,#1653,.F.);
#817=ORIENTED_EDGE('',*,*,#1770,.T.);
#818=ORIENTED_EDGE('',*,*,#1769,.T.);
#819=ORIENTED_EDGE('',*,*,#1771,.F.);
#820=ORIENTED_EDGE('',*,*,#1607,.F.);
#821=ORIENTED_EDGE('',*,*,#1680,.F.);
#822=ORIENTED_EDGE('',*,*,#1772,.F.);
#823=ORIENTED_EDGE('',*,*,#1681,.F.);
#824=ORIENTED_EDGE('',*,*,#1771,.T.);
#825=ORIENTED_EDGE('',*,*,#1682,.F.);
#826=ORIENTED_EDGE('',*,*,#1773,.F.);
#827=ORIENTED_EDGE('',*,*,#1654,.F.);
#828=ORIENTED_EDGE('',*,*,#1773,.T.);
#829=ORIENTED_EDGE('',*,*,#1772,.T.);
#830=ORIENTED_EDGE('',*,*,#1774,.F.);
#831=ORIENTED_EDGE('',*,*,#1774,.T.);
#832=ORIENTED_EDGE('',*,*,#1679,.F.);
#833=ORIENTED_EDGE('',*,*,#1775,.F.);
#834=ORIENTED_EDGE('',*,*,#1647,.F.);
#835=ORIENTED_EDGE('',*,*,#1763,.F.);
#836=ORIENTED_EDGE('',*,*,#1648,.F.);
#837=ORIENTED_EDGE('',*,*,#1776,.F.);
#838=ORIENTED_EDGE('',*,*,#1725,.F.);
#839=ORIENTED_EDGE('',*,*,#1776,.T.);
#840=ORIENTED_EDGE('',*,*,#1775,.T.);
#841=ORIENTED_EDGE('',*,*,#1777,.F.);
#842=ORIENTED_EDGE('',*,*,#1723,.F.);
#843=ORIENTED_EDGE('',*,*,#1726,.F.);
#844=ORIENTED_EDGE('',*,*,#1777,.T.);
#845=ORIENTED_EDGE('',*,*,#1678,.F.);
#846=ORIENTED_EDGE('',*,*,#1702,.F.);
#847=ORIENTED_EDGE('',*,*,#1696,.F.);
#848=ORIENTED_EDGE('',*,*,#1598,.F.);
#849=ORIENTED_EDGE('',*,*,#1694,.F.);
#850=ORIENTED_EDGE('',*,*,#1710,.F.);
#851=ORIENTED_EDGE('',*,*,#1699,.F.);
#852=ORIENTED_EDGE('',*,*,#1600,.F.);
#853=ORIENTED_EDGE('',*,*,#1698,.F.);
#854=ORIENTED_EDGE('',*,*,#1709,.F.);
#855=ORIENTED_EDGE('',*,*,#1690,.F.);
#856=ORIENTED_EDGE('',*,*,#1602,.F.);
#857=ORIENTED_EDGE('',*,*,#1701,.F.);
#858=ORIENTED_EDGE('',*,*,#1703,.F.);
#859=ORIENTED_EDGE('',*,*,#1695,.F.);
#860=ORIENTED_EDGE('',*,*,#1596,.F.);
#861=ORIENTED_EDGE('',*,*,#1560,.F.);
#862=ORIENTED_EDGE('',*,*,#1704,.F.);
#863=ORIENTED_EDGE('',*,*,#1562,.F.);
#864=ORIENTED_EDGE('',*,*,#1595,.F.);
#865=ORIENTED_EDGE('',*,*,#1756,.F.);
#866=ORIENTED_EDGE('',*,*,#1708,.F.);
#867=ORIENTED_EDGE('',*,*,#1761,.F.);
#868=ORIENTED_EDGE('',*,*,#1604,.F.);
#869=ORIENTED_EDGE('',*,*,#1692,.F.);
#870=ORIENTED_EDGE('',*,*,#1582,.F.);
#871=ORIENTED_EDGE('',*,*,#1752,.F.);
#872=ORIENTED_EDGE('',*,*,#1714,.F.);
#873=ORIENTED_EDGE('',*,*,#1556,.F.);
#874=ORIENTED_EDGE('',*,*,#1577,.F.);
#875=ORIENTED_EDGE('',*,*,#1592,.F.);
#876=ORIENTED_EDGE('',*,*,#1719,.F.);
#877=ORIENTED_EDGE('',*,*,#1754,.F.);
#878=ORIENTED_EDGE('',*,*,#1580,.F.);
#879=ORIENTED_EDGE('',*,*,#1545,.F.);
#880=ORIENTED_EDGE('',*,*,#1716,.F.);
#881=ORIENTED_EDGE('',*,*,#1753,.F.);
#882=ORIENTED_EDGE('',*,*,#1579,.F.);
#883=ORIENTED_EDGE('',*,*,#1755,.F.);
#884=ORIENTED_EDGE('',*,*,#1717,.F.);
#885=ORIENTED_EDGE('',*,*,#1547,.F.);
#886=ORIENTED_EDGE('',*,*,#1713,.F.);
#887=ORIENTED_EDGE('',*,*,#1758,.F.);
#888=ORIENTED_EDGE('',*,*,#1567,.F.);
#889=ORIENTED_EDGE('',*,*,#1558,.F.);
#890=ORIENTED_EDGE('',*,*,#1575,.F.);
#891=ORIENTED_EDGE('',*,*,#1764,.F.);
#892=ORIENTED_EDGE('',*,*,#1720,.F.);
#893=ORIENTED_EDGE('',*,*,#1593,.F.);
#894=ORIENTED_EDGE('',*,*,#1640,.F.);
#895=ORIENTED_EDGE('',*,*,#1736,.F.);
#896=ORIENTED_EDGE('',*,*,#1626,.F.);
#897=ORIENTED_EDGE('',*,*,#1742,.F.);
#898=ORIENTED_EDGE('',*,*,#1642,.F.);
#899=ORIENTED_EDGE('',*,*,#1743,.F.);
#900=ORIENTED_EDGE('',*,*,#1624,.F.);
#901=ORIENTED_EDGE('',*,*,#1740,.F.);
#902=ORIENTED_EDGE('',*,*,#1670,.F.);
#903=ORIENTED_EDGE('',*,*,#1750,.F.);
#904=ORIENTED_EDGE('',*,*,#1632,.F.);
#905=ORIENTED_EDGE('',*,*,#1748,.F.);
#906=ORIENTED_EDGE('',*,*,#1668,.F.);
#907=ORIENTED_EDGE('',*,*,#1744,.F.);
#908=ORIENTED_EDGE('',*,*,#1634,.F.);
#909=ORIENTED_EDGE('',*,*,#1751,.F.);
#910=ORIENTED_EDGE('',*,*,#1646,.F.);
#911=ORIENTED_EDGE('',*,*,#1738,.F.);
#912=ORIENTED_EDGE('',*,*,#1628,.F.);
#913=ORIENTED_EDGE('',*,*,#1737,.F.);
#914=ORIENTED_EDGE('',*,*,#1674,.F.);
#915=ORIENTED_EDGE('',*,*,#1746,.F.);
#916=ORIENTED_EDGE('',*,*,#1636,.F.);
#917=ORIENTED_EDGE('',*,*,#1745,.F.);
#918=ORIENTED_EDGE('',*,*,#1644,.F.);
#919=ORIENTED_EDGE('',*,*,#1741,.F.);
#920=ORIENTED_EDGE('',*,*,#1630,.F.);
#921=ORIENTED_EDGE('',*,*,#1739,.F.);
#922=ORIENTED_EDGE('',*,*,#1664,.F.);
#923=ORIENTED_EDGE('',*,*,#1732,.F.);
#924=ORIENTED_EDGE('',*,*,#1622,.F.);
#925=ORIENTED_EDGE('',*,*,#1730,.F.);
#926=ORIENTED_EDGE('',*,*,#1672,.F.);
#927=ORIENTED_EDGE('',*,*,#1749,.F.);
#928=ORIENTED_EDGE('',*,*,#1638,.F.);
#929=ORIENTED_EDGE('',*,*,#1747,.F.);
#930=ORIENTED_EDGE('',*,*,#1666,.F.);
#931=ORIENTED_EDGE('',*,*,#1731,.F.);
#932=ORIENTED_EDGE('',*,*,#1620,.F.);
#933=ORIENTED_EDGE('',*,*,#1728,.F.);
#934=ORIENTED_EDGE('',*,*,#1662,.F.);
#935=ORIENTED_EDGE('',*,*,#1734,.F.);
#936=ORIENTED_EDGE('',*,*,#1616,.F.);
#937=ORIENTED_EDGE('',*,*,#1733,.F.);
#938=ORIENTED_EDGE('',*,*,#1660,.F.);
#939=ORIENTED_EDGE('',*,*,#1729,.F.);
#940=ORIENTED_EDGE('',*,*,#1618,.F.);
#941=ORIENTED_EDGE('',*,*,#1735,.F.);
#942=ORIENTED_EDGE('',*,*,#1684,.F.);
#943=ORIENTED_EDGE('',*,*,#1569,.F.);
#944=ORIENTED_EDGE('',*,*,#1757,.F.);
#945=ORIENTED_EDGE('',*,*,#1584,.F.);
#946=ORIENTED_EDGE('',*,*,#1765,.F.);
#947=ORIENTED_EDGE('',*,*,#1573,.F.);
#948=ORIENTED_EDGE('',*,*,#1675,.F.);
#949=ORIENTED_EDGE('',*,*,#1588,.F.);
#950=ORIENTED_EDGE('',*,*,#1549,.F.);
#951=ORIENTED_EDGE('',*,*,#1778,.F.);
#952=ORIENTED_EDGE('',*,*,#1779,.T.);
#953=ORIENTED_EDGE('',*,*,#1780,.T.);
#954=ORIENTED_EDGE('',*,*,#1550,.F.);
#955=ORIENTED_EDGE('',*,*,#1780,.F.);
#956=ORIENTED_EDGE('',*,*,#1781,.T.);
#957=ORIENTED_EDGE('',*,*,#1782,.T.);
#958=ORIENTED_EDGE('',*,*,#1551,.F.);
#959=ORIENTED_EDGE('',*,*,#1782,.F.);
#960=ORIENTED_EDGE('',*,*,#1783,.T.);
#961=ORIENTED_EDGE('',*,*,#1784,.T.);
#962=ORIENTED_EDGE('',*,*,#1552,.F.);
#963=ORIENTED_EDGE('',*,*,#1784,.F.);
#964=ORIENTED_EDGE('',*,*,#1785,.T.);
#965=ORIENTED_EDGE('',*,*,#1786,.T.);
#966=ORIENTED_EDGE('',*,*,#1553,.F.);
#967=ORIENTED_EDGE('',*,*,#1786,.F.);
#968=ORIENTED_EDGE('',*,*,#1787,.T.);
#969=ORIENTED_EDGE('',*,*,#1788,.T.);
#970=ORIENTED_EDGE('',*,*,#1554,.F.);
#971=ORIENTED_EDGE('',*,*,#1788,.F.);
#972=ORIENTED_EDGE('',*,*,#1789,.T.);
#973=ORIENTED_EDGE('',*,*,#1790,.T.);
#974=ORIENTED_EDGE('',*,*,#1548,.F.);
#975=ORIENTED_EDGE('',*,*,#1790,.F.);
#976=ORIENTED_EDGE('',*,*,#1791,.T.);
#977=ORIENTED_EDGE('',*,*,#1778,.T.);
#978=ORIENTED_EDGE('',*,*,#1779,.F.);
#979=ORIENTED_EDGE('',*,*,#1791,.F.);
#980=ORIENTED_EDGE('',*,*,#1789,.F.);
#981=ORIENTED_EDGE('',*,*,#1787,.F.);
#982=ORIENTED_EDGE('',*,*,#1785,.F.);
#983=ORIENTED_EDGE('',*,*,#1783,.F.);
#984=ORIENTED_EDGE('',*,*,#1781,.F.);
#985=ORIENTED_EDGE('',*,*,#1792,.F.);
#986=ORIENTED_EDGE('',*,*,#1793,.T.);
#987=ORIENTED_EDGE('',*,*,#1794,.F.);
#988=ORIENTED_EDGE('',*,*,#1795,.T.);
#989=ORIENTED_EDGE('',*,*,#1796,.F.);
#990=ORIENTED_EDGE('',*,*,#1797,.T.);
#991=ORIENTED_EDGE('',*,*,#1798,.F.);
#992=ORIENTED_EDGE('',*,*,#1799,.T.);
#993=ORIENTED_EDGE('',*,*,#1800,.F.);
#994=ORIENTED_EDGE('',*,*,#1801,.T.);
#995=ORIENTED_EDGE('',*,*,#1802,.F.);
#996=ORIENTED_EDGE('',*,*,#1803,.T.);
#997=ORIENTED_EDGE('',*,*,#1804,.F.);
#998=ORIENTED_EDGE('',*,*,#1805,.T.);
#999=ORIENTED_EDGE('',*,*,#1806,.F.);
#1000=ORIENTED_EDGE('',*,*,#1807,.T.);
#1001=ORIENTED_EDGE('',*,*,#1808,.T.);
#1002=ORIENTED_EDGE('',*,*,#1809,.T.);
#1003=ORIENTED_EDGE('',*,*,#1810,.T.);
#1004=ORIENTED_EDGE('',*,*,#1811,.T.);
#1005=ORIENTED_EDGE('',*,*,#1812,.F.);
#1006=ORIENTED_EDGE('',*,*,#1813,.T.);
#1007=ORIENTED_EDGE('',*,*,#1814,.F.);
#1008=ORIENTED_EDGE('',*,*,#1815,.T.);
#1009=ORIENTED_EDGE('',*,*,#1816,.F.);
#1010=ORIENTED_EDGE('',*,*,#1817,.T.);
#1011=ORIENTED_EDGE('',*,*,#1818,.F.);
#1012=ORIENTED_EDGE('',*,*,#1819,.T.);
#1013=ORIENTED_EDGE('',*,*,#1820,.T.);
#1014=ORIENTED_EDGE('',*,*,#1821,.T.);
#1015=ORIENTED_EDGE('',*,*,#1822,.T.);
#1016=ORIENTED_EDGE('',*,*,#1823,.T.);
#1017=ORIENTED_EDGE('',*,*,#1824,.T.);
#1018=ORIENTED_EDGE('',*,*,#1825,.T.);
#1019=ORIENTED_EDGE('',*,*,#1826,.T.);
#1020=ORIENTED_EDGE('',*,*,#1827,.T.);
#1021=ORIENTED_EDGE('',*,*,#1828,.T.);
#1022=ORIENTED_EDGE('',*,*,#1829,.T.);
#1023=ORIENTED_EDGE('',*,*,#1830,.T.);
#1024=ORIENTED_EDGE('',*,*,#1831,.T.);
#1025=ORIENTED_EDGE('',*,*,#1832,.T.);
#1026=ORIENTED_EDGE('',*,*,#1833,.T.);
#1027=ORIENTED_EDGE('',*,*,#1834,.T.);
#1028=ORIENTED_EDGE('',*,*,#1835,.T.);
#1029=ORIENTED_EDGE('',*,*,#1836,.T.);
#1030=ORIENTED_EDGE('',*,*,#1837,.T.);
#1031=ORIENTED_EDGE('',*,*,#1838,.F.);
#1032=ORIENTED_EDGE('',*,*,#1839,.T.);
#1033=ORIENTED_EDGE('',*,*,#1840,.F.);
#1034=ORIENTED_EDGE('',*,*,#1841,.T.);
#1035=ORIENTED_EDGE('',*,*,#1842,.T.);
#1036=ORIENTED_EDGE('',*,*,#1843,.T.);
#1037=ORIENTED_EDGE('',*,*,#1844,.T.);
#1038=ORIENTED_EDGE('',*,*,#1845,.T.);
#1039=ORIENTED_EDGE('',*,*,#1846,.T.);
#1040=ORIENTED_EDGE('',*,*,#1847,.T.);
#1041=ORIENTED_EDGE('',*,*,#1848,.T.);
#1042=ORIENTED_EDGE('',*,*,#1849,.T.);
#1043=ORIENTED_EDGE('',*,*,#1850,.F.);
#1044=ORIENTED_EDGE('',*,*,#1851,.F.);
#1045=ORIENTED_EDGE('',*,*,#1852,.F.);
#1046=ORIENTED_EDGE('',*,*,#1853,.F.);
#1047=ORIENTED_EDGE('',*,*,#1854,.T.);
#1048=ORIENTED_EDGE('',*,*,#1855,.T.);
#1049=ORIENTED_EDGE('',*,*,#1856,.F.);
#1050=ORIENTED_EDGE('',*,*,#1857,.T.);
#1051=ORIENTED_EDGE('',*,*,#1858,.F.);
#1052=ORIENTED_EDGE('',*,*,#1859,.T.);
#1053=ORIENTED_EDGE('',*,*,#1860,.F.);
#1054=ORIENTED_EDGE('',*,*,#1861,.T.);
#1055=ORIENTED_EDGE('',*,*,#1862,.F.);
#1056=ORIENTED_EDGE('',*,*,#1863,.T.);
#1057=ORIENTED_EDGE('',*,*,#1864,.F.);
#1058=ORIENTED_EDGE('',*,*,#1865,.T.);
#1059=ORIENTED_EDGE('',*,*,#1866,.T.);
#1060=ORIENTED_EDGE('',*,*,#1867,.T.);
#1061=ORIENTED_EDGE('',*,*,#1868,.T.);
#1062=ORIENTED_EDGE('',*,*,#1869,.T.);
#1063=ORIENTED_EDGE('',*,*,#1870,.T.);
#1064=ORIENTED_EDGE('',*,*,#1871,.T.);
#1065=ORIENTED_EDGE('',*,*,#1872,.T.);
#1066=ORIENTED_EDGE('',*,*,#1873,.T.);
#1067=ORIENTED_EDGE('',*,*,#1874,.T.);
#1068=ORIENTED_EDGE('',*,*,#1875,.T.);
#1069=ORIENTED_EDGE('',*,*,#1876,.T.);
#1070=ORIENTED_EDGE('',*,*,#1877,.T.);
#1071=ORIENTED_EDGE('',*,*,#1878,.T.);
#1072=ORIENTED_EDGE('',*,*,#1879,.T.);
#1073=ORIENTED_EDGE('',*,*,#1880,.T.);
#1074=ORIENTED_EDGE('',*,*,#1881,.T.);
#1075=ORIENTED_EDGE('',*,*,#1882,.T.);
#1076=ORIENTED_EDGE('',*,*,#1883,.T.);
#1077=ORIENTED_EDGE('',*,*,#1884,.T.);
#1078=ORIENTED_EDGE('',*,*,#1885,.T.);
#1079=ORIENTED_EDGE('',*,*,#1886,.T.);
#1080=ORIENTED_EDGE('',*,*,#1887,.T.);
#1081=ORIENTED_EDGE('',*,*,#1888,.T.);
#1082=ORIENTED_EDGE('',*,*,#1889,.T.);
#1083=ORIENTED_EDGE('',*,*,#1890,.T.);
#1084=ORIENTED_EDGE('',*,*,#1891,.T.);
#1085=ORIENTED_EDGE('',*,*,#1892,.T.);
#1086=ORIENTED_EDGE('',*,*,#1893,.T.);
#1087=ORIENTED_EDGE('',*,*,#1894,.T.);
#1088=ORIENTED_EDGE('',*,*,#1895,.T.);
#1089=ORIENTED_EDGE('',*,*,#1896,.T.);
#1090=ORIENTED_EDGE('',*,*,#1897,.T.);
#1091=ORIENTED_EDGE('',*,*,#1898,.T.);
#1092=ORIENTED_EDGE('',*,*,#1899,.T.);
#1093=ORIENTED_EDGE('',*,*,#1900,.T.);
#1094=ORIENTED_EDGE('',*,*,#1901,.T.);
#1095=ORIENTED_EDGE('',*,*,#1874,.F.);
#1096=ORIENTED_EDGE('',*,*,#1902,.T.);
#1097=ORIENTED_EDGE('',*,*,#1868,.F.);
#1098=ORIENTED_EDGE('',*,*,#1903,.T.);
#1099=ORIENTED_EDGE('',*,*,#1904,.T.);
#1100=ORIENTED_EDGE('',*,*,#1905,.F.);
#1101=ORIENTED_EDGE('',*,*,#1836,.F.);
#1102=ORIENTED_EDGE('',*,*,#1906,.T.);
#1103=ORIENTED_EDGE('',*,*,#1856,.T.);
#1104=ORIENTED_EDGE('',*,*,#1907,.T.);
#1105=ORIENTED_EDGE('',*,*,#1864,.T.);
#1106=ORIENTED_EDGE('',*,*,#1908,.T.);
#1107=ORIENTED_EDGE('',*,*,#1842,.F.);
#1108=ORIENTED_EDGE('',*,*,#1909,.T.);
#1109=ORIENTED_EDGE('',*,*,#1910,.T.);
#1110=ORIENTED_EDGE('',*,*,#1911,.T.);
#1111=ORIENTED_EDGE('',*,*,#1869,.F.);
#1112=ORIENTED_EDGE('',*,*,#1905,.T.);
#1113=ORIENTED_EDGE('',*,*,#1912,.T.);
#1114=ORIENTED_EDGE('',*,*,#1913,.T.);
#1115=ORIENTED_EDGE('',*,*,#1871,.F.);
#1116=ORIENTED_EDGE('',*,*,#1914,.T.);
#1117=ORIENTED_EDGE('',*,*,#1915,.T.);
#1118=ORIENTED_EDGE('',*,*,#1916,.T.);
#1119=ORIENTED_EDGE('',*,*,#1902,.F.);
#1120=ORIENTED_EDGE('',*,*,#1873,.F.);
#1121=ORIENTED_EDGE('',*,*,#1808,.F.);
#1122=ORIENTED_EDGE('',*,*,#1853,.T.);
#1123=ORIENTED_EDGE('',*,*,#1809,.F.);
#1124=ORIENTED_EDGE('',*,*,#1852,.T.);
#1125=ORIENTED_EDGE('',*,*,#1810,.F.);
#1126=ORIENTED_EDGE('',*,*,#1851,.T.);
#1127=ORIENTED_EDGE('',*,*,#1811,.F.);
#1128=ORIENTED_EDGE('',*,*,#1850,.T.);
#1129=ORIENTED_EDGE('',*,*,#1860,.T.);
#1130=ORIENTED_EDGE('',*,*,#1917,.T.);
#1131=ORIENTED_EDGE('',*,*,#1832,.F.);
#1132=ORIENTED_EDGE('',*,*,#1918,.T.);
#1133=ORIENTED_EDGE('',*,*,#1834,.F.);
#1134=ORIENTED_EDGE('',*,*,#1919,.T.);
#1135=ORIENTED_EDGE('',*,*,#1858,.T.);
#1136=ORIENTED_EDGE('',*,*,#1920,.T.);
#1137=ORIENTED_EDGE('',*,*,#1862,.T.);
#1138=ORIENTED_EDGE('',*,*,#1921,.T.);
#1139=ORIENTED_EDGE('',*,*,#1844,.F.);
#1140=ORIENTED_EDGE('',*,*,#1922,.T.);
#1141=ORIENTED_EDGE('',*,*,#1923,.F.);
#1142=ORIENTED_EDGE('',*,*,#1838,.T.);
#1143=ORIENTED_EDGE('',*,*,#1924,.T.);
#1144=ORIENTED_EDGE('',*,*,#1854,.F.);
#1145=ORIENTED_EDGE('',*,*,#1925,.T.);
#1146=ORIENTED_EDGE('',*,*,#1820,.F.);
#1147=ORIENTED_EDGE('',*,*,#1866,.F.);
#1148=ORIENTED_EDGE('',*,*,#1926,.T.);
#1149=ORIENTED_EDGE('',*,*,#1840,.T.);
#1150=ORIENTED_EDGE('',*,*,#1927,.T.);
#1151=ORIENTED_EDGE('',*,*,#1826,.F.);
#1152=ORIENTED_EDGE('',*,*,#1928,.T.);
#1153=ORIENTED_EDGE('',*,*,#1923,.T.);
#1154=ORIENTED_EDGE('',*,*,#1827,.F.);
#1155=ORIENTED_EDGE('',*,*,#1927,.F.);
#1156=ORIENTED_EDGE('',*,*,#1839,.F.);
#1157=ORIENTED_EDGE('',*,*,#1880,.F.);
#1158=ORIENTED_EDGE('',*,*,#1929,.T.);
#1159=ORIENTED_EDGE('',*,*,#1800,.T.);
#1160=ORIENTED_EDGE('',*,*,#1930,.T.);
#1161=ORIENTED_EDGE('',*,*,#1806,.T.);
#1162=ORIENTED_EDGE('',*,*,#1931,.T.);
#1163=ORIENTED_EDGE('',*,*,#1882,.F.);
#1164=ORIENTED_EDGE('',*,*,#1932,.T.);
#1165=ORIENTED_EDGE('',*,*,#1804,.T.);
#1166=ORIENTED_EDGE('',*,*,#1933,.T.);
#1167=ORIENTED_EDGE('',*,*,#1876,.F.);
#1168=ORIENTED_EDGE('',*,*,#1934,.T.);
#1169=ORIENTED_EDGE('',*,*,#1802,.T.);
#1170=ORIENTED_EDGE('',*,*,#1935,.T.);
#1171=ORIENTED_EDGE('',*,*,#1878,.F.);
#1172=ORIENTED_EDGE('',*,*,#1936,.T.);
#1173=ORIENTED_EDGE('',*,*,#1812,.T.);
#1174=ORIENTED_EDGE('',*,*,#1937,.T.);
#1175=ORIENTED_EDGE('',*,*,#1888,.F.);
#1176=ORIENTED_EDGE('',*,*,#1938,.T.);
#1177=ORIENTED_EDGE('',*,*,#1890,.F.);
#1178=ORIENTED_EDGE('',*,*,#1939,.T.);
#1179=ORIENTED_EDGE('',*,*,#1818,.T.);
#1180=ORIENTED_EDGE('',*,*,#1940,.T.);
#1181=ORIENTED_EDGE('',*,*,#1884,.F.);
#1182=ORIENTED_EDGE('',*,*,#1941,.T.);
#1183=ORIENTED_EDGE('',*,*,#1816,.T.);
#1184=ORIENTED_EDGE('',*,*,#1942,.T.);
#1185=ORIENTED_EDGE('',*,*,#1886,.F.);
#1186=ORIENTED_EDGE('',*,*,#1943,.T.);
#1187=ORIENTED_EDGE('',*,*,#1814,.T.);
#1188=ORIENTED_EDGE('',*,*,#1944,.T.);
#1189=ORIENTED_EDGE('',*,*,#1792,.T.);
#1190=ORIENTED_EDGE('',*,*,#1945,.T.);
#1191=ORIENTED_EDGE('',*,*,#1896,.F.);
#1192=ORIENTED_EDGE('',*,*,#1946,.T.);
#1193=ORIENTED_EDGE('',*,*,#1898,.F.);
#1194=ORIENTED_EDGE('',*,*,#1947,.T.);
#1195=ORIENTED_EDGE('',*,*,#1798,.T.);
#1196=ORIENTED_EDGE('',*,*,#1948,.T.);
#1197=ORIENTED_EDGE('',*,*,#1892,.F.);
#1198=ORIENTED_EDGE('',*,*,#1949,.T.);
#1199=ORIENTED_EDGE('',*,*,#1796,.T.);
#1200=ORIENTED_EDGE('',*,*,#1950,.T.);
#1201=ORIENTED_EDGE('',*,*,#1794,.T.);
#1202=ORIENTED_EDGE('',*,*,#1951,.T.);
#1203=ORIENTED_EDGE('',*,*,#1894,.F.);
#1204=ORIENTED_EDGE('',*,*,#1952,.T.);
#1205=ORIENTED_EDGE('',*,*,#1867,.F.);
#1206=ORIENTED_EDGE('',*,*,#1928,.F.);
#1207=ORIENTED_EDGE('',*,*,#1953,.F.);
#1208=ORIENTED_EDGE('',*,*,#1903,.F.);
#1209=ORIENTED_EDGE('',*,*,#1953,.T.);
#1210=ORIENTED_EDGE('',*,*,#1825,.F.);
#1211=ORIENTED_EDGE('',*,*,#1954,.F.);
#1212=ORIENTED_EDGE('',*,*,#1904,.F.);
#1213=ORIENTED_EDGE('',*,*,#1954,.T.);
#1214=ORIENTED_EDGE('',*,*,#1824,.F.);
#1215=ORIENTED_EDGE('',*,*,#1955,.F.);
#1216=ORIENTED_EDGE('',*,*,#1910,.F.);
#1217=ORIENTED_EDGE('',*,*,#1870,.F.);
#1218=ORIENTED_EDGE('',*,*,#1911,.F.);
#1219=ORIENTED_EDGE('',*,*,#1956,.F.);
#1220=ORIENTED_EDGE('',*,*,#1914,.F.);
#1221=ORIENTED_EDGE('',*,*,#1956,.T.);
#1222=ORIENTED_EDGE('',*,*,#1955,.T.);
#1223=ORIENTED_EDGE('',*,*,#1957,.F.);
#1224=ORIENTED_EDGE('',*,*,#1957,.T.);
#1225=ORIENTED_EDGE('',*,*,#1823,.F.);
#1226=ORIENTED_EDGE('',*,*,#1958,.F.);
#1227=ORIENTED_EDGE('',*,*,#1912,.F.);
#1228=ORIENTED_EDGE('',*,*,#1872,.F.);
#1229=ORIENTED_EDGE('',*,*,#1913,.F.);
#1230=ORIENTED_EDGE('',*,*,#1959,.F.);
#1231=ORIENTED_EDGE('',*,*,#1915,.F.);
#1232=ORIENTED_EDGE('',*,*,#1959,.T.);
#1233=ORIENTED_EDGE('',*,*,#1958,.T.);
#1234=ORIENTED_EDGE('',*,*,#1960,.F.);
#1235=ORIENTED_EDGE('',*,*,#1960,.T.);
#1236=ORIENTED_EDGE('',*,*,#1822,.F.);
#1237=ORIENTED_EDGE('',*,*,#1961,.F.);
#1238=ORIENTED_EDGE('',*,*,#1916,.F.);
#1239=ORIENTED_EDGE('',*,*,#1961,.T.);
#1240=ORIENTED_EDGE('',*,*,#1821,.F.);
#1241=ORIENTED_EDGE('',*,*,#1962,.F.);
#1242=ORIENTED_EDGE('',*,*,#1900,.F.);
#1243=ORIENTED_EDGE('',*,*,#1875,.F.);
#1244=ORIENTED_EDGE('',*,*,#1901,.F.);
#1245=ORIENTED_EDGE('',*,*,#1962,.T.);
#1246=ORIENTED_EDGE('',*,*,#1925,.F.);
#1247=ORIENTED_EDGE('',*,*,#1833,.F.);
#1248=ORIENTED_EDGE('',*,*,#1917,.F.);
#1249=ORIENTED_EDGE('',*,*,#1859,.F.);
#1250=ORIENTED_EDGE('',*,*,#1919,.F.);
#1251=ORIENTED_EDGE('',*,*,#1845,.F.);
#1252=ORIENTED_EDGE('',*,*,#1921,.F.);
#1253=ORIENTED_EDGE('',*,*,#1861,.F.);
#1254=ORIENTED_EDGE('',*,*,#1918,.F.);
#1255=ORIENTED_EDGE('',*,*,#1843,.F.);
#1256=ORIENTED_EDGE('',*,*,#1908,.F.);
#1257=ORIENTED_EDGE('',*,*,#1863,.F.);
#1258=ORIENTED_EDGE('',*,*,#1922,.F.);
#1259=ORIENTED_EDGE('',*,*,#1835,.F.);
#1260=ORIENTED_EDGE('',*,*,#1920,.F.);
#1261=ORIENTED_EDGE('',*,*,#1857,.F.);
#1262=ORIENTED_EDGE('',*,*,#1906,.F.);
#1263=ORIENTED_EDGE('',*,*,#1819,.F.);
#1264=ORIENTED_EDGE('',*,*,#1939,.F.);
#1265=ORIENTED_EDGE('',*,*,#1889,.F.);
#1266=ORIENTED_EDGE('',*,*,#1937,.F.);
#1267=ORIENTED_EDGE('',*,*,#1817,.F.);
#1268=ORIENTED_EDGE('',*,*,#1941,.F.);
#1269=ORIENTED_EDGE('',*,*,#1891,.F.);
#1270=ORIENTED_EDGE('',*,*,#1940,.F.);
#1271=ORIENTED_EDGE('',*,*,#1815,.F.);
#1272=ORIENTED_EDGE('',*,*,#1943,.F.);
#1273=ORIENTED_EDGE('',*,*,#1885,.F.);
#1274=ORIENTED_EDGE('',*,*,#1942,.F.);
#1275=ORIENTED_EDGE('',*,*,#1813,.F.);
#1276=ORIENTED_EDGE('',*,*,#1938,.F.);
#1277=ORIENTED_EDGE('',*,*,#1887,.F.);
#1278=ORIENTED_EDGE('',*,*,#1944,.F.);
#1279=ORIENTED_EDGE('',*,*,#1801,.F.);
#1280=ORIENTED_EDGE('',*,*,#1929,.F.);
#1281=ORIENTED_EDGE('',*,*,#1879,.F.);
#1282=ORIENTED_EDGE('',*,*,#1935,.F.);
#1283=ORIENTED_EDGE('',*,*,#1803,.F.);
#1284=ORIENTED_EDGE('',*,*,#1936,.F.);
#1285=ORIENTED_EDGE('',*,*,#1877,.F.);
#1286=ORIENTED_EDGE('',*,*,#1933,.F.);
#1287=ORIENTED_EDGE('',*,*,#1805,.F.);
#1288=ORIENTED_EDGE('',*,*,#1934,.F.);
#1289=ORIENTED_EDGE('',*,*,#1883,.F.);
#1290=ORIENTED_EDGE('',*,*,#1931,.F.);
#1291=ORIENTED_EDGE('',*,*,#1807,.F.);
#1292=ORIENTED_EDGE('',*,*,#1932,.F.);
#1293=ORIENTED_EDGE('',*,*,#1881,.F.);
#1294=ORIENTED_EDGE('',*,*,#1930,.F.);
#1295=ORIENTED_EDGE('',*,*,#1799,.F.);
#1296=ORIENTED_EDGE('',*,*,#1947,.F.);
#1297=ORIENTED_EDGE('',*,*,#1897,.F.);
#1298=ORIENTED_EDGE('',*,*,#1945,.F.);
#1299=ORIENTED_EDGE('',*,*,#1797,.F.);
#1300=ORIENTED_EDGE('',*,*,#1949,.F.);
#1301=ORIENTED_EDGE('',*,*,#1899,.F.);
#1302=ORIENTED_EDGE('',*,*,#1948,.F.);
#1303=ORIENTED_EDGE('',*,*,#1793,.F.);
#1304=ORIENTED_EDGE('',*,*,#1946,.F.);
#1305=ORIENTED_EDGE('',*,*,#1895,.F.);
#1306=ORIENTED_EDGE('',*,*,#1951,.F.);
#1307=ORIENTED_EDGE('',*,*,#1795,.F.);
#1308=ORIENTED_EDGE('',*,*,#1952,.F.);
#1309=ORIENTED_EDGE('',*,*,#1893,.F.);
#1310=ORIENTED_EDGE('',*,*,#1950,.F.);
#1311=ORIENTED_EDGE('',*,*,#1855,.F.);
#1312=ORIENTED_EDGE('',*,*,#1924,.F.);
#1313=ORIENTED_EDGE('',*,*,#1837,.F.);
#1314=ORIENTED_EDGE('',*,*,#1907,.F.);
#1315=ORIENTED_EDGE('',*,*,#1865,.F.);
#1316=ORIENTED_EDGE('',*,*,#1909,.F.);
#1317=ORIENTED_EDGE('',*,*,#1841,.F.);
#1318=ORIENTED_EDGE('',*,*,#1926,.F.);
#1319=ORIENTED_EDGE('',*,*,#1963,.T.);
#1320=ORIENTED_EDGE('',*,*,#1828,.F.);
#1321=ORIENTED_EDGE('',*,*,#1964,.F.);
#1322=ORIENTED_EDGE('',*,*,#1847,.F.);
#1323=ORIENTED_EDGE('',*,*,#1965,.T.);
#1324=ORIENTED_EDGE('',*,*,#1829,.F.);
#1325=ORIENTED_EDGE('',*,*,#1963,.F.);
#1326=ORIENTED_EDGE('',*,*,#1846,.F.);
#1327=ORIENTED_EDGE('',*,*,#1966,.T.);
#1328=ORIENTED_EDGE('',*,*,#1830,.F.);
#1329=ORIENTED_EDGE('',*,*,#1965,.F.);
#1330=ORIENTED_EDGE('',*,*,#1849,.F.);
#1331=ORIENTED_EDGE('',*,*,#1964,.T.);
#1332=ORIENTED_EDGE('',*,*,#1831,.F.);
#1333=ORIENTED_EDGE('',*,*,#1966,.F.);
#1334=ORIENTED_EDGE('',*,*,#1848,.F.);
#1335=ORIENTED_EDGE('',*,*,#1967,.T.);
#1336=ORIENTED_EDGE('',*,*,#1968,.T.);
#1337=ORIENTED_EDGE('',*,*,#1969,.F.);
#1338=ORIENTED_EDGE('',*,*,#1970,.T.);
#1339=ORIENTED_EDGE('',*,*,#1971,.F.);
#1340=ORIENTED_EDGE('',*,*,#1972,.T.);
#1341=ORIENTED_EDGE('',*,*,#1973,.T.);
#1342=ORIENTED_EDGE('',*,*,#1974,.T.);
#1343=ORIENTED_EDGE('',*,*,#1975,.F.);
#1344=ORIENTED_EDGE('',*,*,#1976,.T.);
#1345=ORIENTED_EDGE('',*,*,#1977,.T.);
#1346=ORIENTED_EDGE('',*,*,#1978,.T.);
#1347=ORIENTED_EDGE('',*,*,#1979,.F.);
#1348=ORIENTED_EDGE('',*,*,#1980,.T.);
#1349=ORIENTED_EDGE('',*,*,#1981,.T.);
#1350=ORIENTED_EDGE('',*,*,#1982,.T.);
#1351=ORIENTED_EDGE('',*,*,#1973,.F.);
#1352=ORIENTED_EDGE('',*,*,#1983,.T.);
#1353=ORIENTED_EDGE('',*,*,#1967,.F.);
#1354=ORIENTED_EDGE('',*,*,#1984,.T.);
#1355=ORIENTED_EDGE('',*,*,#1981,.F.);
#1356=ORIENTED_EDGE('',*,*,#1985,.T.);
#1357=ORIENTED_EDGE('',*,*,#1977,.F.);
#1358=ORIENTED_EDGE('',*,*,#1986,.T.);
#1359=ORIENTED_EDGE('',*,*,#1969,.T.);
#1360=ORIENTED_EDGE('',*,*,#1987,.T.);
#1361=ORIENTED_EDGE('',*,*,#1971,.T.);
#1362=ORIENTED_EDGE('',*,*,#1988,.T.);
#1363=ORIENTED_EDGE('',*,*,#1975,.T.);
#1364=ORIENTED_EDGE('',*,*,#1989,.T.);
#1365=ORIENTED_EDGE('',*,*,#1979,.T.);
#1366=ORIENTED_EDGE('',*,*,#1990,.T.);
#1367=ORIENTED_EDGE('',*,*,#1983,.F.);
#1368=ORIENTED_EDGE('',*,*,#1972,.F.);
#1369=ORIENTED_EDGE('',*,*,#1987,.F.);
#1370=ORIENTED_EDGE('',*,*,#1968,.F.);
#1371=ORIENTED_EDGE('',*,*,#1986,.F.);
#1372=ORIENTED_EDGE('',*,*,#1976,.F.);
#1373=ORIENTED_EDGE('',*,*,#1988,.F.);
#1374=ORIENTED_EDGE('',*,*,#1974,.F.);
#1375=ORIENTED_EDGE('',*,*,#1985,.F.);
#1376=ORIENTED_EDGE('',*,*,#1980,.F.);
#1377=ORIENTED_EDGE('',*,*,#1989,.F.);
#1378=ORIENTED_EDGE('',*,*,#1978,.F.);
#1379=ORIENTED_EDGE('',*,*,#1984,.F.);
#1380=ORIENTED_EDGE('',*,*,#1970,.F.);
#1381=ORIENTED_EDGE('',*,*,#1990,.F.);
#1382=ORIENTED_EDGE('',*,*,#1982,.F.);
#1383=ORIENTED_EDGE('',*,*,#1991,.T.);
#1384=ORIENTED_EDGE('',*,*,#1992,.T.);
#1385=ORIENTED_EDGE('',*,*,#1993,.F.);
#1386=ORIENTED_EDGE('',*,*,#1994,.T.);
#1387=ORIENTED_EDGE('',*,*,#1995,.F.);
#1388=ORIENTED_EDGE('',*,*,#1996,.T.);
#1389=ORIENTED_EDGE('',*,*,#1997,.T.);
#1390=ORIENTED_EDGE('',*,*,#1998,.T.);
#1391=ORIENTED_EDGE('',*,*,#1999,.F.);
#1392=ORIENTED_EDGE('',*,*,#2000,.T.);
#1393=ORIENTED_EDGE('',*,*,#2001,.T.);
#1394=ORIENTED_EDGE('',*,*,#2002,.T.);
#1395=ORIENTED_EDGE('',*,*,#2003,.F.);
#1396=ORIENTED_EDGE('',*,*,#2004,.T.);
#1397=ORIENTED_EDGE('',*,*,#2005,.T.);
#1398=ORIENTED_EDGE('',*,*,#2006,.T.);
#1399=ORIENTED_EDGE('',*,*,#2007,.T.);
#1400=ORIENTED_EDGE('',*,*,#2008,.T.);
#1401=ORIENTED_EDGE('',*,*,#2009,.T.);
#1402=ORIENTED_EDGE('',*,*,#2010,.T.);
#1403=ORIENTED_EDGE('',*,*,#1997,.F.);
#1404=ORIENTED_EDGE('',*,*,#2011,.T.);
#1405=ORIENTED_EDGE('',*,*,#1991,.F.);
#1406=ORIENTED_EDGE('',*,*,#2012,.T.);
#1407=ORIENTED_EDGE('',*,*,#2005,.F.);
#1408=ORIENTED_EDGE('',*,*,#2013,.T.);
#1409=ORIENTED_EDGE('',*,*,#2001,.F.);
#1410=ORIENTED_EDGE('',*,*,#2014,.T.);
#1411=ORIENTED_EDGE('',*,*,#1993,.T.);
#1412=ORIENTED_EDGE('',*,*,#2015,.T.);
#1413=ORIENTED_EDGE('',*,*,#1995,.T.);
#1414=ORIENTED_EDGE('',*,*,#2016,.T.);
#1415=ORIENTED_EDGE('',*,*,#1999,.T.);
#1416=ORIENTED_EDGE('',*,*,#2017,.T.);
#1417=ORIENTED_EDGE('',*,*,#2003,.T.);
#1418=ORIENTED_EDGE('',*,*,#2018,.T.);
#1419=ORIENTED_EDGE('',*,*,#2011,.F.);
#1420=ORIENTED_EDGE('',*,*,#1996,.F.);
#1421=ORIENTED_EDGE('',*,*,#2015,.F.);
#1422=ORIENTED_EDGE('',*,*,#1992,.F.);
#1423=ORIENTED_EDGE('',*,*,#2014,.F.);
#1424=ORIENTED_EDGE('',*,*,#2000,.F.);
#1425=ORIENTED_EDGE('',*,*,#2016,.F.);
#1426=ORIENTED_EDGE('',*,*,#1998,.F.);
#1427=ORIENTED_EDGE('',*,*,#2013,.F.);
#1428=ORIENTED_EDGE('',*,*,#2004,.F.);
#1429=ORIENTED_EDGE('',*,*,#2017,.F.);
#1430=ORIENTED_EDGE('',*,*,#2002,.F.);
#1431=ORIENTED_EDGE('',*,*,#2012,.F.);
#1432=ORIENTED_EDGE('',*,*,#1994,.F.);
#1433=ORIENTED_EDGE('',*,*,#2018,.F.);
#1434=ORIENTED_EDGE('',*,*,#2006,.F.);
#1435=ORIENTED_EDGE('',*,*,#2019,.F.);
#1436=ORIENTED_EDGE('',*,*,#2019,.T.);
#1437=ORIENTED_EDGE('',*,*,#2010,.F.);
#1438=ORIENTED_EDGE('',*,*,#2020,.F.);
#1439=ORIENTED_EDGE('',*,*,#2020,.T.);
#1440=ORIENTED_EDGE('',*,*,#2009,.F.);
#1441=ORIENTED_EDGE('',*,*,#2021,.F.);
#1442=ORIENTED_EDGE('',*,*,#2021,.T.);
#1443=ORIENTED_EDGE('',*,*,#2008,.F.);
#1444=ORIENTED_EDGE('',*,*,#2022,.F.);
#1445=ORIENTED_EDGE('',*,*,#2022,.T.);
#1446=ORIENTED_EDGE('',*,*,#2007,.F.);
#1447=ORIENTED_EDGE('',*,*,#2023,.T.);
#1448=ORIENTED_EDGE('',*,*,#2024,.F.);
#1449=ORIENTED_EDGE('',*,*,#2025,.F.);
#1450=ORIENTED_EDGE('',*,*,#2026,.T.);
#1451=ORIENTED_EDGE('',*,*,#2027,.T.);
#1452=ORIENTED_EDGE('',*,*,#2028,.F.);
#1453=ORIENTED_EDGE('',*,*,#2029,.F.);
#1454=ORIENTED_EDGE('',*,*,#2024,.T.);
#1455=ORIENTED_EDGE('',*,*,#2030,.T.);
#1456=ORIENTED_EDGE('',*,*,#2031,.F.);
#1457=ORIENTED_EDGE('',*,*,#2032,.F.);
#1458=ORIENTED_EDGE('',*,*,#2028,.T.);
#1459=ORIENTED_EDGE('',*,*,#2033,.T.);
#1460=ORIENTED_EDGE('',*,*,#2026,.F.);
#1461=ORIENTED_EDGE('',*,*,#2034,.F.);
#1462=ORIENTED_EDGE('',*,*,#2031,.T.);
#1463=ORIENTED_EDGE('',*,*,#2025,.T.);
#1464=ORIENTED_EDGE('',*,*,#2029,.T.);
#1465=ORIENTED_EDGE('',*,*,#2032,.T.);
#1466=ORIENTED_EDGE('',*,*,#2034,.T.);
#1467=ORIENTED_EDGE('',*,*,#2023,.F.);
#1468=ORIENTED_EDGE('',*,*,#2033,.F.);
#1469=ORIENTED_EDGE('',*,*,#2030,.F.);
#1470=ORIENTED_EDGE('',*,*,#2027,.F.);
#1471=EDGE_CURVE('',#2035,#2036,#2409,.T.);
#1472=EDGE_CURVE('',#2036,#2037,#2410,.F.);
#1473=EDGE_CURVE('',#2037,#2038,#2411,.F.);
#1474=EDGE_CURVE('',#2038,#2035,#2412,.T.);
#1475=EDGE_CURVE('',#2039,#2040,#2413,.T.);
#1476=EDGE_CURVE('',#2041,#2039,#2414,.T.);
#1477=EDGE_CURVE('',#2042,#2041,#2415,.T.);
#1478=EDGE_CURVE('',#2043,#2042,#2416,.T.);
#1479=EDGE_CURVE('',#2044,#2043,#2417,.T.);
#1480=EDGE_CURVE('',#2045,#2044,#2418,.T.);
#1481=EDGE_CURVE('',#2040,#2045,#2419,.T.);
#1482=EDGE_CURVE('',#2046,#2047,#167,.F.);
#1483=EDGE_CURVE('',#2047,#2048,#2420,.T.);
#1484=EDGE_CURVE('',#2048,#2049,#168,.F.);
#1485=EDGE_CURVE('',#2049,#2050,#2421,.F.);
#1486=EDGE_CURVE('',#2050,#2051,#169,.F.);
#1487=EDGE_CURVE('',#2051,#2052,#2422,.F.);
#1488=EDGE_CURVE('',#2052,#2053,#170,.F.);
#1489=EDGE_CURVE('',#2053,#2046,#2423,.T.);
#1490=EDGE_CURVE('',#2054,#2055,#2424,.T.);
#1491=EDGE_CURVE('',#2056,#2054,#2425,.T.);
#1492=EDGE_CURVE('',#2057,#2056,#2426,.T.);
#1493=EDGE_CURVE('',#2055,#2057,#2427,.T.);
#1494=EDGE_CURVE('',#2058,#2059,#2428,.F.);
#1495=EDGE_CURVE('',#2059,#2060,#2429,.T.);
#1496=EDGE_CURVE('',#2060,#2061,#2430,.T.);
#1497=EDGE_CURVE('',#2058,#2061,#2431,.T.);
#1498=EDGE_CURVE('',#2062,#2063,#2432,.T.);
#1499=EDGE_CURVE('',#2063,#2064,#2433,.T.);
#1500=EDGE_CURVE('',#2064,#2065,#2434,.T.);
#1501=EDGE_CURVE('',#2065,#2066,#2435,.T.);
#1502=EDGE_CURVE('',#2066,#2067,#2436,.T.);
#1503=EDGE_CURVE('',#2067,#2068,#2437,.T.);
#1504=EDGE_CURVE('',#2068,#2062,#2438,.T.);
#1505=EDGE_CURVE('',#2061,#2069,#171,.F.);
#1506=EDGE_CURVE('',#2069,#2070,#2439,.T.);
#1507=EDGE_CURVE('',#2070,#2035,#172,.F.);
#1508=EDGE_CURVE('',#2038,#2071,#173,.F.);
#1509=EDGE_CURVE('',#2072,#2071,#2440,.T.);
#1510=EDGE_CURVE('',#2072,#2058,#174,.F.);
#1511=EDGE_CURVE('',#2071,#2073,#2441,.T.);
#1512=EDGE_CURVE('',#2073,#2074,#2442,.T.);
#1513=EDGE_CURVE('',#2074,#2072,#2443,.T.);
#1514=EDGE_CURVE('',#2069,#2075,#2444,.F.);
#1515=EDGE_CURVE('',#2075,#2076,#2445,.F.);
#1516=EDGE_CURVE('',#2076,#2070,#2446,.F.);
#1517=EDGE_CURVE('',#2077,#2054,#2447,.T.);
#1518=EDGE_CURVE('',#2078,#2077,#2448,.T.);
#1519=EDGE_CURVE('',#2078,#2056,#2449,.T.);
#1520=EDGE_CURVE('',#2079,#2055,#2450,.T.);
#1521=EDGE_CURVE('',#2077,#2079,#2451,.T.);
#1522=EDGE_CURVE('',#2080,#2057,#2452,.T.);
#1523=EDGE_CURVE('',#2079,#2080,#2453,.T.);
#1524=EDGE_CURVE('',#2080,#2078,#2454,.T.);
#1525=EDGE_CURVE('',#2060,#2075,#175,.T.);
#1526=EDGE_CURVE('',#2076,#2036,#176,.T.);
#1527=EDGE_CURVE('',#2037,#2073,#177,.T.);
#1528=EDGE_CURVE('',#2074,#2059,#178,.T.);
#1529=EDGE_CURVE('',#2074,#2051,#179,.T.);
#1530=EDGE_CURVE('',#2052,#2073,#180,.T.);
#1531=EDGE_CURVE('',#2053,#2037,#181,.T.);
#1532=EDGE_CURVE('',#2059,#2050,#182,.T.);
#1533=EDGE_CURVE('',#2046,#2036,#183,.T.);
#1534=EDGE_CURVE('',#2060,#2049,#184,.T.);
#1535=EDGE_CURVE('',#2047,#2076,#185,.T.);
#1536=EDGE_CURVE('',#2075,#2048,#186,.T.);
#1537=EDGE_CURVE('',#2063,#2041,#2455,.T.);
#1538=EDGE_CURVE('',#2064,#2039,#2456,.T.);
#1539=EDGE_CURVE('',#2065,#2040,#2457,.T.);
#1540=EDGE_CURVE('',#2066,#2045,#2458,.T.);
#1541=EDGE_CURVE('',#2067,#2044,#2459,.T.);
#1542=EDGE_CURVE('',#2068,#2043,#2460,.T.);
#1543=EDGE_CURVE('',#2062,#2042,#2461,.T.);
#1544=EDGE_CURVE('',#2081,#2082,#2462,.T.);
#1545=EDGE_CURVE('',#2082,#2083,#2463,.F.);
#1546=EDGE_CURVE('',#2084,#2083,#2464,.T.);
#1547=EDGE_CURVE('',#2084,#2081,#2465,.T.);
#1548=EDGE_CURVE('',#2085,#2086,#2466,.T.);
#1549=EDGE_CURVE('',#2086,#2087,#2467,.T.);
#1550=EDGE_CURVE('',#2087,#2088,#2468,.T.);
#1551=EDGE_CURVE('',#2088,#2089,#2469,.T.);
#1552=EDGE_CURVE('',#2089,#2090,#2470,.T.);
#1553=EDGE_CURVE('',#2090,#2091,#2471,.T.);
#1554=EDGE_CURVE('',#2091,#2085,#2472,.T.);
#1555=EDGE_CURVE('',#2092,#2093,#2473,.T.);
#1556=EDGE_CURVE('',#2092,#2094,#2474,.T.);
#1557=EDGE_CURVE('',#2094,#2095,#2475,.T.);
#1558=EDGE_CURVE('',#2095,#2093,#2476,.T.);
#1559=EDGE_CURVE('',#2096,#2097,#2477,.T.);
#1560=EDGE_CURVE('',#2097,#2098,#2478,.T.);
#1561=EDGE_CURVE('',#2099,#2098,#2479,.T.);
#1562=EDGE_CURVE('',#2099,#2096,#2480,.F.);
#1563=EDGE_CURVE('',#2100,#2101,#2481,.T.);
#1564=EDGE_CURVE('',#2100,#2102,#2482,.T.);
#1565=EDGE_CURVE('',#2102,#2103,#2483,.T.);
#1566=EDGE_CURVE('',#2101,#2103,#2484,.T.);
#1567=EDGE_CURVE('',#2093,#2104,#187,.T.);
#1568=EDGE_CURVE('',#2104,#2105,#2485,.T.);
#1569=EDGE_CURVE('',#2105,#2106,#2486,.F.);
#1570=EDGE_CURVE('',#2106,#2107,#2487,.T.);
#1571=EDGE_CURVE('',#2107,#2108,#2488,.T.);
#1572=EDGE_CURVE('',#2109,#2108,#2489,.T.);
#1573=EDGE_CURVE('',#2109,#2110,#2490,.F.);
#1574=EDGE_CURVE('',#2110,#2111,#2491,.T.);
#1575=EDGE_CURVE('',#2111,#2112,#188,.T.);
#1576=EDGE_CURVE('',#2112,#2113,#2492,.T.);
#1577=EDGE_CURVE('',#2113,#2114,#189,.F.);
#1578=EDGE_CURVE('',#2114,#2115,#2493,.T.);
#1579=EDGE_CURVE('',#2115,#2084,#190,.F.);
#1580=EDGE_CURVE('',#2083,#2116,#191,.F.);
#1581=EDGE_CURVE('',#2116,#2117,#2494,.T.);
#1582=EDGE_CURVE('',#2117,#2092,#192,.F.);
#1583=EDGE_CURVE('',#2118,#2119,#2495,.T.);
#1584=EDGE_CURVE('',#2119,#2120,#2496,.T.);
#1585=EDGE_CURVE('',#2120,#2121,#2497,.T.);
#1586=EDGE_CURVE('',#2118,#2121,#2498,.T.);
#1587=EDGE_CURVE('',#2122,#2123,#2499,.T.);
#1588=EDGE_CURVE('',#2123,#2124,#2500,.T.);
#1589=EDGE_CURVE('',#2125,#2124,#2501,.T.);
#1590=EDGE_CURVE('',#2122,#2125,#2502,.T.);
#1591=EDGE_CURVE('',#2126,#2127,#2503,.T.);
#1592=EDGE_CURVE('',#2127,#2113,#2504,.F.);
#1593=EDGE_CURVE('',#2112,#2126,#2505,.T.);
#1594=EDGE_CURVE('',#2128,#2121,#2506,.T.);
#1595=EDGE_CURVE('',#2128,#2099,#193,.T.);
#1596=EDGE_CURVE('',#2098,#2129,#194,.F.);
#1597=EDGE_CURVE('',#2129,#2130,#2507,.T.);
#1598=EDGE_CURVE('',#2130,#2131,#195,.F.);
#1599=EDGE_CURVE('',#2131,#2132,#2508,.T.);
#1600=EDGE_CURVE('',#2132,#2133,#196,.F.);
#1601=EDGE_CURVE('',#2133,#2134,#2509,.T.);
#1602=EDGE_CURVE('',#2134,#2135,#197,.F.);
#1603=EDGE_CURVE('',#2135,#2136,#2510,.T.);
#1604=EDGE_CURVE('',#2136,#2137,#198,.T.);
#1605=EDGE_CURVE('',#2122,#2137,#2511,.T.);
#1606=EDGE_CURVE('',#2125,#2138,#2512,.T.);
#1607=EDGE_CURVE('',#2138,#2139,#199,.T.);
#1608=EDGE_CURVE('',#2139,#2140,#2513,.T.);
#1609=EDGE_CURVE('',#2140,#2141,#200,.T.);
#1610=EDGE_CURVE('',#2141,#2118,#2514,.T.);
#1611=EDGE_CURVE('',#2142,#2142,#201,.T.);
#1612=EDGE_CURVE('',#2143,#2143,#202,.T.);
#1613=EDGE_CURVE('',#2144,#2144,#203,.T.);
#1614=EDGE_CURVE('',#2145,#2145,#204,.T.);
#1615=EDGE_CURVE('',#2146,#2147,#2515,.T.);
#1616=EDGE_CURVE('',#2147,#2148,#205,.F.);
#1617=EDGE_CURVE('',#2148,#2149,#2516,.T.);
#1618=EDGE_CURVE('',#2149,#2150,#206,.F.);
#1619=EDGE_CURVE('',#2150,#2151,#2517,.T.);
#1620=EDGE_CURVE('',#2151,#2152,#207,.F.);
#1621=EDGE_CURVE('',#2152,#2153,#2518,.T.);
#1622=EDGE_CURVE('',#2153,#2146,#208,.F.);
#1623=EDGE_CURVE('',#2154,#2155,#2519,.T.);
#1624=EDGE_CURVE('',#2155,#2156,#209,.F.);
#1625=EDGE_CURVE('',#2156,#2157,#2520,.T.);
#1626=EDGE_CURVE('',#2157,#2158,#210,.F.);
#1627=EDGE_CURVE('',#2158,#2159,#2521,.T.);
#1628=EDGE_CURVE('',#2159,#2160,#211,.F.);
#1629=EDGE_CURVE('',#2160,#2161,#2522,.T.);
#1630=EDGE_CURVE('',#2161,#2154,#212,.F.);
#1631=EDGE_CURVE('',#2162,#2163,#2523,.T.);
#1632=EDGE_CURVE('',#2163,#2164,#213,.F.);
#1633=EDGE_CURVE('',#2164,#2165,#2524,.T.);
#1634=EDGE_CURVE('',#2165,#2166,#214,.F.);
#1635=EDGE_CURVE('',#2166,#2167,#2525,.T.);
#1636=EDGE_CURVE('',#2167,#2168,#215,.F.);
#1637=EDGE_CURVE('',#2168,#2169,#2526,.T.);
#1638=EDGE_CURVE('',#2169,#2162,#216,.F.);
#1639=EDGE_CURVE('',#2170,#2171,#2527,.T.);
#1640=EDGE_CURVE('',#2170,#2172,#217,.T.);
#1641=EDGE_CURVE('',#2173,#2172,#2528,.T.);
#1642=EDGE_CURVE('',#2173,#2174,#218,.T.);
#1643=EDGE_CURVE('',#2175,#2174,#2529,.T.);
#1644=EDGE_CURVE('',#2175,#2176,#219,.T.);
#1645=EDGE_CURVE('',#2177,#2176,#2530,.T.);
#1646=EDGE_CURVE('',#2177,#2171,#220,.T.);
#1647=EDGE_CURVE('',#2178,#2179,#2531,.F.);
#1648=EDGE_CURVE('',#2179,#2180,#2532,.F.);
#1649=EDGE_CURVE('',#2180,#2181,#2533,.T.);
#1650=EDGE_CURVE('',#2181,#2182,#2534,.T.);
#1651=EDGE_CURVE('',#2182,#2183,#2535,.T.);
#1652=EDGE_CURVE('',#2183,#2184,#2536,.F.);
#1653=EDGE_CURVE('',#2184,#2185,#2537,.F.);
#1654=EDGE_CURVE('',#2185,#2178,#2538,.F.);
#1655=EDGE_CURVE('',#2186,#2186,#221,.T.);
#1656=EDGE_CURVE('',#2187,#2187,#222,.T.);
#1657=EDGE_CURVE('',#2188,#2188,#223,.T.);
#1658=EDGE_CURVE('',#2189,#2189,#224,.T.);
#1659=EDGE_CURVE('',#2190,#2191,#2539,.T.);
#1660=EDGE_CURVE('',#2190,#2192,#225,.T.);
#1661=EDGE_CURVE('',#2193,#2192,#2540,.T.);
#1662=EDGE_CURVE('',#2193,#2194,#226,.T.);
#1663=EDGE_CURVE('',#2195,#2194,#2541,.T.);
#1664=EDGE_CURVE('',#2195,#2196,#227,.T.);
#1665=EDGE_CURVE('',#2197,#2196,#2542,.T.);
#1666=EDGE_CURVE('',#2197,#2191,#228,.T.);
#1667=EDGE_CURVE('',#2198,#2199,#2543,.T.);
#1668=EDGE_CURVE('',#2198,#2200,#229,.T.);
#1669=EDGE_CURVE('',#2201,#2200,#2544,.T.);
#1670=EDGE_CURVE('',#2201,#2202,#230,.T.);
#1671=EDGE_CURVE('',#2203,#2202,#2545,.T.);
#1672=EDGE_CURVE('',#2203,#2204,#231,.T.);
#1673=EDGE_CURVE('',#2205,#2204,#2546,.T.);
#1674=EDGE_CURVE('',#2205,#2199,#232,.T.);
#1675=EDGE_CURVE('',#2124,#2109,#233,.F.);
#1676=EDGE_CURVE('',#2108,#2206,#2547,.T.);
#1677=EDGE_CURVE('',#2206,#2207,#2548,.T.);
#1678=EDGE_CURVE('',#2207,#2208,#2549,.T.);
#1679=EDGE_CURVE('',#2208,#2209,#2550,.T.);
#1680=EDGE_CURVE('',#2209,#2138,#2551,.F.);
#1681=EDGE_CURVE('',#2139,#2210,#2552,.T.);
#1682=EDGE_CURVE('',#2210,#2211,#2553,.T.);
#1683=EDGE_CURVE('',#2211,#2140,#2554,.F.);
#1684=EDGE_CURVE('',#2106,#2119,#234,.F.);
#1685=EDGE_CURVE('',#2141,#2212,#2555,.T.);
#1686=EDGE_CURVE('',#2212,#2213,#2556,.T.);
#1687=EDGE_CURVE('',#2213,#2214,#2557,.F.);
#1688=EDGE_CURVE('',#2215,#2214,#2558,.T.);
#1689=EDGE_CURVE('',#2107,#2215,#2559,.T.);
#1690=EDGE_CURVE('',#2135,#2216,#2560,.F.);
#1691=EDGE_CURVE('',#2216,#2217,#2561,.T.);
#1692=EDGE_CURVE('',#2217,#2136,#2562,.T.);
#1693=EDGE_CURVE('',#2218,#2219,#2563,.T.);
#1694=EDGE_CURVE('',#2219,#2130,#2564,.T.);
#1695=EDGE_CURVE('',#2129,#2218,#2565,.F.);
#1696=EDGE_CURVE('',#2131,#2220,#2566,.F.);
#1697=EDGE_CURVE('',#2220,#2221,#2567,.T.);
#1698=EDGE_CURVE('',#2221,#2132,#2568,.T.);
#1699=EDGE_CURVE('',#2133,#2222,#2569,.F.);
#1700=EDGE_CURVE('',#2222,#2223,#2570,.T.);
#1701=EDGE_CURVE('',#2223,#2134,#2571,.T.);
#1702=EDGE_CURVE('',#2220,#2219,#235,.F.);
#1703=EDGE_CURVE('',#2218,#2097,#236,.F.);
#1704=EDGE_CURVE('',#2096,#2224,#237,.T.);
#1705=EDGE_CURVE('',#2225,#2224,#2572,.T.);
#1706=EDGE_CURVE('',#2226,#2225,#2573,.T.);
#1707=EDGE_CURVE('',#2227,#2226,#2574,.T.);
#1708=EDGE_CURVE('',#2227,#2217,#238,.T.);
#1709=EDGE_CURVE('',#2216,#2223,#239,.F.);
#1710=EDGE_CURVE('',#2222,#2221,#240,.F.);
#1711=EDGE_CURVE('',#2215,#2206,#2575,.T.);
#1712=EDGE_CURVE('',#2228,#2101,#2576,.T.);
#1713=EDGE_CURVE('',#2228,#2095,#241,.T.);
#1714=EDGE_CURVE('',#2094,#2229,#242,.F.);
#1715=EDGE_CURVE('',#2230,#2229,#2577,.T.);
#1716=EDGE_CURVE('',#2230,#2082,#243,.F.);
#1717=EDGE_CURVE('',#2081,#2231,#244,.F.);
#1718=EDGE_CURVE('',#2232,#2231,#2578,.T.);
#1719=EDGE_CURVE('',#2232,#2127,#245,.F.);
#1720=EDGE_CURVE('',#2126,#2233,#246,.T.);
#1721=EDGE_CURVE('',#2234,#2233,#2579,.T.);
#1722=EDGE_CURVE('',#2234,#2235,#2580,.T.);
#1723=EDGE_CURVE('',#2235,#2207,#247,.F.);
#1724=EDGE_CURVE('',#2214,#2100,#248,.F.);
#1725=EDGE_CURVE('',#2236,#2237,#2581,.T.);
#1726=EDGE_CURVE('',#2237,#2235,#2582,.F.);
#1727=EDGE_CURVE('',#2236,#2234,#2583,.T.);
#1728=EDGE_CURVE('',#2191,#2151,#2584,.T.);
#1729=EDGE_CURVE('',#2150,#2190,#2585,.F.);
#1730=EDGE_CURVE('',#2196,#2153,#2586,.T.);
#1731=EDGE_CURVE('',#2152,#2197,#2587,.F.);
#1732=EDGE_CURVE('',#2146,#2195,#2588,.F.);
#1733=EDGE_CURVE('',#2194,#2147,#2589,.T.);
#1734=EDGE_CURVE('',#2148,#2193,#2590,.F.);
#1735=EDGE_CURVE('',#2192,#2149,#2591,.T.);
#1736=EDGE_CURVE('',#2158,#2170,#2592,.F.);
#1737=EDGE_CURVE('',#2171,#2159,#2593,.T.);
#1738=EDGE_CURVE('',#2160,#2177,#2594,.F.);
#1739=EDGE_CURVE('',#2176,#2161,#2595,.T.);
#1740=EDGE_CURVE('',#2174,#2155,#2596,.T.);
#1741=EDGE_CURVE('',#2154,#2175,#2597,.F.);
#1742=EDGE_CURVE('',#2172,#2157,#2598,.T.);
#1743=EDGE_CURVE('',#2156,#2173,#2599,.F.);
#1744=EDGE_CURVE('',#2166,#2198,#2600,.F.);
#1745=EDGE_CURVE('',#2199,#2167,#2601,.T.);
#1746=EDGE_CURVE('',#2168,#2205,#2602,.F.);
#1747=EDGE_CURVE('',#2204,#2169,#2603,.T.);
#1748=EDGE_CURVE('',#2202,#2163,#2604,.T.);
#1749=EDGE_CURVE('',#2162,#2203,#2605,.F.);
#1750=EDGE_CURVE('',#2164,#2201,#2606,.F.);
#1751=EDGE_CURVE('',#2200,#2165,#2607,.T.);
#1752=EDGE_CURVE('',#2229,#2117,#2608,.F.);
#1753=EDGE_CURVE('',#2116,#2230,#2609,.T.);
#1754=EDGE_CURVE('',#2114,#2232,#2610,.T.);
#1755=EDGE_CURVE('',#2231,#2115,#2611,.F.);
#1756=EDGE_CURVE('',#2224,#2128,#2612,.T.);
#1757=EDGE_CURVE('',#2120,#2105,#249,.T.);
#1758=EDGE_CURVE('',#2104,#2228,#2613,.F.);
#1759=EDGE_CURVE('',#2103,#2183,#250,.T.);
#1760=EDGE_CURVE('',#2182,#2225,#2614,.T.);
#1761=EDGE_CURVE('',#2137,#2227,#2615,.F.);
#1762=EDGE_CURVE('',#2181,#2226,#2616,.T.);
#1763=EDGE_CURVE('',#2180,#2236,#251,.T.);
#1764=EDGE_CURVE('',#2233,#2111,#2617,.F.);
#1765=EDGE_CURVE('',#2110,#2123,#252,.T.);
#1766=EDGE_CURVE('',#2102,#2213,#253,.T.);
#1767=EDGE_CURVE('',#2184,#2102,#254,.T.);
#1768=EDGE_CURVE('',#2184,#2213,#255,.F.);
#1769=EDGE_CURVE('',#2212,#2211,#256,.T.);
#1770=EDGE_CURVE('',#2185,#2212,#257,.T.);
#1771=EDGE_CURVE('',#2185,#2211,#258,.F.);
#1772=EDGE_CURVE('',#2210,#2209,#259,.T.);
#1773=EDGE_CURVE('',#2178,#2210,#260,.T.);
#1774=EDGE_CURVE('',#2178,#2209,#261,.F.);
#1775=EDGE_CURVE('',#2179,#2208,#262,.T.);
#1776=EDGE_CURVE('',#2237,#2179,#263,.T.);
#1777=EDGE_CURVE('',#2237,#2208,#264,.F.);
#1778=EDGE_CURVE('',#2238,#2086,#2618,.T.);
#1779=EDGE_CURVE('',#2238,#2239,#2619,.T.);
#1780=EDGE_CURVE('',#2239,#2087,#2620,.T.);
#1781=EDGE_CURVE('',#2239,#2240,#2621,.T.);
#1782=EDGE_CURVE('',#2240,#2088,#2622,.T.);
#1783=EDGE_CURVE('',#2240,#2241,#2623,.T.);
#1784=EDGE_CURVE('',#2241,#2089,#2624,.T.);
#1785=EDGE_CURVE('',#2241,#2242,#2625,.T.);
#1786=EDGE_CURVE('',#2242,#2090,#2626,.T.);
#1787=EDGE_CURVE('',#2242,#2243,#2627,.T.);
#1788=EDGE_CURVE('',#2243,#2091,#2628,.T.);
#1789=EDGE_CURVE('',#2243,#2244,#2629,.T.);
#1790=EDGE_CURVE('',#2244,#2085,#2630,.T.);
#1791=EDGE_CURVE('',#2244,#2238,#2631,.T.);
#1792=EDGE_CURVE('',#2245,#2246,#2632,.T.);
#1793=EDGE_CURVE('',#2245,#2247,#265,.T.);
#1794=EDGE_CURVE('',#2248,#2247,#2633,.T.);
#1795=EDGE_CURVE('',#2248,#2249,#266,.T.);
#1796=EDGE_CURVE('',#2250,#2249,#2634,.T.);
#1797=EDGE_CURVE('',#2250,#2251,#267,.T.);
#1798=EDGE_CURVE('',#2252,#2251,#2635,.T.);
#1799=EDGE_CURVE('',#2252,#2246,#268,.T.);
#1800=EDGE_CURVE('',#2253,#2254,#2636,.T.);
#1801=EDGE_CURVE('',#2253,#2255,#269,.T.);
#1802=EDGE_CURVE('',#2256,#2255,#2637,.T.);
#1803=EDGE_CURVE('',#2256,#2257,#270,.T.);
#1804=EDGE_CURVE('',#2258,#2257,#2638,.T.);
#1805=EDGE_CURVE('',#2258,#2259,#271,.T.);
#1806=EDGE_CURVE('',#2260,#2259,#2639,.T.);
#1807=EDGE_CURVE('',#2260,#2254,#272,.T.);
#1808=EDGE_CURVE('',#2261,#2261,#273,.T.);
#1809=EDGE_CURVE('',#2262,#2262,#274,.T.);
#1810=EDGE_CURVE('',#2263,#2263,#275,.T.);
#1811=EDGE_CURVE('',#2264,#2264,#276,.T.);
#1812=EDGE_CURVE('',#2265,#2266,#2640,.T.);
#1813=EDGE_CURVE('',#2265,#2267,#277,.T.);
#1814=EDGE_CURVE('',#2268,#2267,#2641,.T.);
#1815=EDGE_CURVE('',#2268,#2269,#278,.T.);
#1816=EDGE_CURVE('',#2270,#2269,#2642,.T.);
#1817=EDGE_CURVE('',#2270,#2271,#279,.T.);
#1818=EDGE_CURVE('',#2272,#2271,#2643,.T.);
#1819=EDGE_CURVE('',#2272,#2266,#280,.T.);
#1820=EDGE_CURVE('',#2273,#2274,#2644,.T.);
#1821=EDGE_CURVE('',#2274,#2275,#2645,.F.);
#1822=EDGE_CURVE('',#2275,#2276,#2646,.F.);
#1823=EDGE_CURVE('',#2276,#2277,#2647,.F.);
#1824=EDGE_CURVE('',#2277,#2278,#2648,.F.);
#1825=EDGE_CURVE('',#2278,#2279,#2649,.F.);
#1826=EDGE_CURVE('',#2279,#2280,#2650,.T.);
#1827=EDGE_CURVE('',#2280,#2273,#2651,.T.);
#1828=EDGE_CURVE('',#2281,#2282,#25,.T.);
#1829=EDGE_CURVE('',#2282,#2283,#26,.T.);
#1830=EDGE_CURVE('',#2283,#2284,#27,.T.);
#1831=EDGE_CURVE('',#2284,#2281,#2652,.T.);
#1832=EDGE_CURVE('',#2285,#2286,#2653,.T.);
#1833=EDGE_CURVE('',#2286,#2287,#281,.T.);
#1834=EDGE_CURVE('',#2287,#2288,#2654,.T.);
#1835=EDGE_CURVE('',#2288,#2289,#282,.T.);
#1836=EDGE_CURVE('',#2289,#2290,#2655,.T.);
#1837=EDGE_CURVE('',#2290,#2291,#283,.F.);
#1838=EDGE_CURVE('',#2292,#2291,#2656,.T.);
#1839=EDGE_CURVE('',#2292,#2293,#2657,.T.);
#1840=EDGE_CURVE('',#2294,#2293,#2658,.T.);
#1841=EDGE_CURVE('',#2294,#2295,#284,.F.);
#1842=EDGE_CURVE('',#2295,#2296,#2659,.T.);
#1843=EDGE_CURVE('',#2296,#2297,#285,.T.);
#1844=EDGE_CURVE('',#2297,#2298,#2660,.T.);
#1845=EDGE_CURVE('',#2298,#2285,#286,.T.);
#1846=EDGE_CURVE('',#2299,#2300,#28,.F.);
#1847=EDGE_CURVE('',#2300,#2301,#29,.F.);
#1848=EDGE_CURVE('',#2301,#2302,#2661,.T.);
#1849=EDGE_CURVE('',#2302,#2299,#30,.F.);
#1850=EDGE_CURVE('',#2303,#2303,#287,.T.);
#1851=EDGE_CURVE('',#2304,#2304,#288,.T.);
#1852=EDGE_CURVE('',#2305,#2305,#289,.T.);
#1853=EDGE_CURVE('',#2306,#2306,#290,.T.);
#1854=EDGE_CURVE('',#2307,#2308,#2662,.T.);
#1855=EDGE_CURVE('',#2308,#2309,#291,.T.);
#1856=EDGE_CURVE('',#2310,#2309,#2663,.T.);
#1857=EDGE_CURVE('',#2310,#2311,#292,.F.);
#1858=EDGE_CURVE('',#2312,#2311,#2664,.T.);
#1859=EDGE_CURVE('',#2312,#2313,#293,.F.);
#1860=EDGE_CURVE('',#2314,#2313,#2665,.T.);
#1861=EDGE_CURVE('',#2314,#2315,#294,.F.);
#1862=EDGE_CURVE('',#2316,#2315,#2666,.T.);
#1863=EDGE_CURVE('',#2316,#2317,#295,.F.);
#1864=EDGE_CURVE('',#2318,#2317,#2667,.T.);
#1865=EDGE_CURVE('',#2318,#2319,#296,.T.);
#1866=EDGE_CURVE('',#2319,#2320,#2668,.T.);
#1867=EDGE_CURVE('',#2320,#2321,#297,.T.);
#1868=EDGE_CURVE('',#2321,#2322,#2669,.T.);
#1869=EDGE_CURVE('',#2322,#2323,#2670,.T.);
#1870=EDGE_CURVE('',#2323,#2324,#298,.T.);
#1871=EDGE_CURVE('',#2324,#2325,#2671,.T.);
#1872=EDGE_CURVE('',#2325,#2326,#299,.T.);
#1873=EDGE_CURVE('',#2326,#2327,#2672,.T.);
#1874=EDGE_CURVE('',#2327,#2328,#2673,.T.);
#1875=EDGE_CURVE('',#2328,#2307,#300,.T.);
#1876=EDGE_CURVE('',#2329,#2330,#2674,.T.);
#1877=EDGE_CURVE('',#2330,#2331,#301,.F.);
#1878=EDGE_CURVE('',#2331,#2332,#2675,.T.);
#1879=EDGE_CURVE('',#2332,#2333,#302,.F.);
#1880=EDGE_CURVE('',#2333,#2334,#2676,.T.);
#1881=EDGE_CURVE('',#2334,#2335,#303,.F.);
#1882=EDGE_CURVE('',#2335,#2336,#2677,.T.);
#1883=EDGE_CURVE('',#2336,#2329,#304,.F.);
#1884=EDGE_CURVE('',#2337,#2338,#2678,.T.);
#1885=EDGE_CURVE('',#2338,#2339,#305,.F.);
#1886=EDGE_CURVE('',#2339,#2340,#2679,.T.);
#1887=EDGE_CURVE('',#2340,#2341,#306,.F.);
#1888=EDGE_CURVE('',#2341,#2342,#2680,.T.);
#1889=EDGE_CURVE('',#2342,#2343,#307,.F.);
#1890=EDGE_CURVE('',#2343,#2344,#2681,.T.);
#1891=EDGE_CURVE('',#2344,#2337,#308,.F.);
#1892=EDGE_CURVE('',#2345,#2346,#2682,.T.);
#1893=EDGE_CURVE('',#2346,#2347,#309,.F.);
#1894=EDGE_CURVE('',#2347,#2348,#2683,.T.);
#1895=EDGE_CURVE('',#2348,#2349,#310,.F.);
#1896=EDGE_CURVE('',#2349,#2350,#2684,.T.);
#1897=EDGE_CURVE('',#2350,#2351,#311,.F.);
#1898=EDGE_CURVE('',#2351,#2352,#2685,.T.);
#1899=EDGE_CURVE('',#2352,#2345,#312,.F.);
#1900=EDGE_CURVE('',#2353,#2354,#2686,.T.);
#1901=EDGE_CURVE('',#2354,#2328,#2687,.F.);
#1902=EDGE_CURVE('',#2327,#2353,#2688,.T.);
#1903=EDGE_CURVE('',#2321,#2355,#2689,.T.);
#1904=EDGE_CURVE('',#2355,#2356,#2690,.T.);
#1905=EDGE_CURVE('',#2322,#2356,#2691,.T.);
#1906=EDGE_CURVE('',#2289,#2310,#2692,.T.);
#1907=EDGE_CURVE('',#2309,#2290,#2693,.T.);
#1908=EDGE_CURVE('',#2317,#2296,#2694,.F.);
#1909=EDGE_CURVE('',#2295,#2318,#2695,.F.);
#1910=EDGE_CURVE('',#2356,#2357,#2696,.T.);
#1911=EDGE_CURVE('',#2357,#2323,#2697,.F.);
#1912=EDGE_CURVE('',#2358,#2359,#2698,.T.);
#1913=EDGE_CURVE('',#2359,#2325,#2699,.F.);
#1914=EDGE_CURVE('',#2324,#2358,#2700,.T.);
#1915=EDGE_CURVE('',#2326,#2360,#2701,.T.);
#1916=EDGE_CURVE('',#2360,#2353,#2702,.T.);
#1917=EDGE_CURVE('',#2313,#2286,#2703,.F.);
#1918=EDGE_CURVE('',#2285,#2314,#2704,.T.);
#1919=EDGE_CURVE('',#2287,#2312,#2705,.T.);
#1920=EDGE_CURVE('',#2311,#2288,#2706,.F.);
#1921=EDGE_CURVE('',#2315,#2298,#2707,.F.);
#1922=EDGE_CURVE('',#2297,#2316,#2708,.T.);
#1923=EDGE_CURVE('',#2292,#2273,#2709,.T.);
#1924=EDGE_CURVE('',#2291,#2308,#2710,.F.);
#1925=EDGE_CURVE('',#2307,#2274,#2711,.T.);
#1926=EDGE_CURVE('',#2319,#2294,#2712,.T.);
#1927=EDGE_CURVE('',#2293,#2280,#2713,.T.);
#1928=EDGE_CURVE('',#2279,#2320,#2714,.F.);
#1929=EDGE_CURVE('',#2333,#2253,#2715,.F.);
#1930=EDGE_CURVE('',#2254,#2334,#2716,.T.);
#1931=EDGE_CURVE('',#2259,#2336,#2717,.T.);
#1932=EDGE_CURVE('',#2335,#2260,#2718,.F.);
#1933=EDGE_CURVE('',#2257,#2330,#2719,.T.);
#1934=EDGE_CURVE('',#2329,#2258,#2720,.F.);
#1935=EDGE_CURVE('',#2255,#2332,#2721,.T.);
#1936=EDGE_CURVE('',#2331,#2256,#2722,.F.);
#1937=EDGE_CURVE('',#2266,#2342,#2723,.T.);
#1938=EDGE_CURVE('',#2341,#2265,#2724,.F.);
#1939=EDGE_CURVE('',#2343,#2272,#2725,.F.);
#1940=EDGE_CURVE('',#2271,#2344,#2726,.T.);
#1941=EDGE_CURVE('',#2337,#2270,#2727,.F.);
#1942=EDGE_CURVE('',#2269,#2338,#2728,.T.);
#1943=EDGE_CURVE('',#2339,#2268,#2729,.F.);
#1944=EDGE_CURVE('',#2267,#2340,#2730,.T.);
#1945=EDGE_CURVE('',#2246,#2350,#2731,.T.);
#1946=EDGE_CURVE('',#2349,#2245,#2732,.F.);
#1947=EDGE_CURVE('',#2351,#2252,#2733,.F.);
#1948=EDGE_CURVE('',#2251,#2352,#2734,.T.);
#1949=EDGE_CURVE('',#2345,#2250,#2735,.F.);
#1950=EDGE_CURVE('',#2249,#2346,#2736,.T.);
#1951=EDGE_CURVE('',#2247,#2348,#2737,.T.);
#1952=EDGE_CURVE('',#2347,#2248,#2738,.F.);
#1953=EDGE_CURVE('',#2355,#2279,#21,.T.);
#1954=EDGE_CURVE('',#2356,#2278,#22,.T.);
#1955=EDGE_CURVE('',#2357,#2277,#313,.T.);
#1956=EDGE_CURVE('',#2358,#2357,#314,.T.);
#1957=EDGE_CURVE('',#2358,#2277,#315,.F.);
#1958=EDGE_CURVE('',#2359,#2276,#316,.T.);
#1959=EDGE_CURVE('',#2360,#2359,#317,.T.);
#1960=EDGE_CURVE('',#2360,#2276,#318,.F.);
#1961=EDGE_CURVE('',#2353,#2275,#23,.T.);
#1962=EDGE_CURVE('',#2354,#2274,#24,.T.);
#1963=EDGE_CURVE('',#2300,#2282,#2739,.T.);
#1964=EDGE_CURVE('',#2301,#2281,#2740,.T.);
#1965=EDGE_CURVE('',#2299,#2283,#2741,.T.);
#1966=EDGE_CURVE('',#2302,#2284,#2742,.T.);
#1967=EDGE_CURVE('',#2361,#2362,#2743,.T.);
#1968=EDGE_CURVE('',#2362,#2363,#2744,.T.);
#1969=EDGE_CURVE('',#2364,#2363,#2745,.T.);
#1970=EDGE_CURVE('',#2364,#2361,#2746,.F.);
#1971=EDGE_CURVE('',#2365,#2366,#2747,.T.);
#1972=EDGE_CURVE('',#2365,#2367,#2748,.F.);
#1973=EDGE_CURVE('',#2367,#2368,#2749,.T.);
#1974=EDGE_CURVE('',#2368,#2366,#2750,.T.);
#1975=EDGE_CURVE('',#2369,#2370,#2751,.T.);
#1976=EDGE_CURVE('',#2369,#2371,#2752,.F.);
#1977=EDGE_CURVE('',#2371,#2372,#2753,.T.);
#1978=EDGE_CURVE('',#2372,#2370,#2754,.T.);
#1979=EDGE_CURVE('',#2373,#2374,#2755,.T.);
#1980=EDGE_CURVE('',#2373,#2375,#2756,.F.);
#1981=EDGE_CURVE('',#2375,#2376,#2757,.T.);
#1982=EDGE_CURVE('',#2376,#2374,#2758,.T.);
#1983=EDGE_CURVE('',#2367,#2362,#319,.F.);
#1984=EDGE_CURVE('',#2361,#2376,#320,.F.);
#1985=EDGE_CURVE('',#2375,#2372,#321,.F.);
#1986=EDGE_CURVE('',#2371,#2368,#322,.F.);
#1987=EDGE_CURVE('',#2363,#2365,#323,.T.);
#1988=EDGE_CURVE('',#2366,#2369,#324,.T.);
#1989=EDGE_CURVE('',#2370,#2373,#325,.T.);
#1990=EDGE_CURVE('',#2374,#2364,#326,.T.);
#1991=EDGE_CURVE('',#2377,#2378,#2759,.T.);
#1992=EDGE_CURVE('',#2378,#2379,#2760,.T.);
#1993=EDGE_CURVE('',#2380,#2379,#2761,.T.);
#1994=EDGE_CURVE('',#2380,#2377,#2762,.F.);
#1995=EDGE_CURVE('',#2381,#2382,#2763,.T.);
#1996=EDGE_CURVE('',#2381,#2383,#2764,.F.);
#1997=EDGE_CURVE('',#2383,#2384,#2765,.T.);
#1998=EDGE_CURVE('',#2384,#2382,#2766,.T.);
#1999=EDGE_CURVE('',#2385,#2386,#2767,.T.);
#2000=EDGE_CURVE('',#2385,#2387,#2768,.F.);
#2001=EDGE_CURVE('',#2387,#2388,#2769,.T.);
#2002=EDGE_CURVE('',#2388,#2386,#2770,.T.);
#2003=EDGE_CURVE('',#2389,#2390,#2771,.T.);
#2004=EDGE_CURVE('',#2389,#2391,#2772,.F.);
#2005=EDGE_CURVE('',#2391,#2392,#2773,.T.);
#2006=EDGE_CURVE('',#2392,#2390,#2774,.T.);
#2007=EDGE_CURVE('',#2393,#2393,#327,.T.);
#2008=EDGE_CURVE('',#2394,#2394,#328,.T.);
#2009=EDGE_CURVE('',#2395,#2395,#329,.T.);
#2010=EDGE_CURVE('',#2396,#2396,#330,.T.);
#2011=EDGE_CURVE('',#2383,#2378,#331,.F.);
#2012=EDGE_CURVE('',#2377,#2392,#332,.F.);
#2013=EDGE_CURVE('',#2391,#2388,#333,.F.);
#2014=EDGE_CURVE('',#2387,#2384,#334,.F.);
#2015=EDGE_CURVE('',#2379,#2381,#335,.T.);
#2016=EDGE_CURVE('',#2382,#2385,#336,.T.);
#2017=EDGE_CURVE('',#2386,#2389,#337,.T.);
#2018=EDGE_CURVE('',#2390,#2380,#338,.T.);
#2019=EDGE_CURVE('',#2397,#2397,#339,.T.);
#2020=EDGE_CURVE('',#2398,#2398,#340,.T.);
#2021=EDGE_CURVE('',#2399,#2399,#341,.T.);
#2022=EDGE_CURVE('',#2400,#2400,#342,.T.);
#2023=EDGE_CURVE('',#2401,#2402,#2775,.T.);
#2024=EDGE_CURVE('',#2403,#2402,#2776,.T.);
#2025=EDGE_CURVE('',#2404,#2403,#2777,.T.);
#2026=EDGE_CURVE('',#2404,#2401,#2778,.T.);
#2027=EDGE_CURVE('',#2402,#2405,#2779,.T.);
#2028=EDGE_CURVE('',#2406,#2405,#2780,.T.);
#2029=EDGE_CURVE('',#2403,#2406,#2781,.T.);
#2030=EDGE_CURVE('',#2405,#2407,#2782,.T.);
#2031=EDGE_CURVE('',#2408,#2407,#2783,.T.);
#2032=EDGE_CURVE('',#2406,#2408,#2784,.T.);
#2033=EDGE_CURVE('',#2407,#2401,#2785,.T.);
#2034=EDGE_CURVE('',#2408,#2404,#2786,.T.);
#2035=VERTEX_POINT('',#5699);
#2036=VERTEX_POINT('',#5700);
#2037=VERTEX_POINT('',#5702);
#2038=VERTEX_POINT('',#5704);
#2039=VERTEX_POINT('',#5708);
#2040=VERTEX_POINT('',#5709);
#2041=VERTEX_POINT('',#5711);
#2042=VERTEX_POINT('',#5713);
#2043=VERTEX_POINT('',#5715);
#2044=VERTEX_POINT('',#5717);
#2045=VERTEX_POINT('',#5719);
#2046=VERTEX_POINT('',#5722);
#2047=VERTEX_POINT('',#5723);
#2048=VERTEX_POINT('',#5725);
#2049=VERTEX_POINT('',#5727);
#2050=VERTEX_POINT('',#5729);
#2051=VERTEX_POINT('',#5731);
#2052=VERTEX_POINT('',#5733);
#2053=VERTEX_POINT('',#5735);
#2054=VERTEX_POINT('',#5738);
#2055=VERTEX_POINT('',#5739);
#2056=VERTEX_POINT('',#5741);
#2057=VERTEX_POINT('',#5743);
#2058=VERTEX_POINT('',#5747);
#2059=VERTEX_POINT('',#5748);
#2060=VERTEX_POINT('',#5750);
#2061=VERTEX_POINT('',#5752);
#2062=VERTEX_POINT('',#5756);
#2063=VERTEX_POINT('',#5757);
#2064=VERTEX_POINT('',#5759);
#2065=VERTEX_POINT('',#5761);
#2066=VERTEX_POINT('',#5763);
#2067=VERTEX_POINT('',#5765);
#2068=VERTEX_POINT('',#5767);
#2069=VERTEX_POINT('',#5770);
#2070=VERTEX_POINT('',#5772);
#2071=VERTEX_POINT('',#5775);
#2072=VERTEX_POINT('',#5777);
#2073=VERTEX_POINT('',#5781);
#2074=VERTEX_POINT('',#5783);
#2075=VERTEX_POINT('',#5787);
#2076=VERTEX_POINT('',#5789);
#2077=VERTEX_POINT('',#5793);
#2078=VERTEX_POINT('',#5795);
#2079=VERTEX_POINT('',#5799);
#2080=VERTEX_POINT('',#5803);
#2081=VERTEX_POINT('',#5849);
#2082=VERTEX_POINT('',#5850);
#2083=VERTEX_POINT('',#5852);
#2084=VERTEX_POINT('',#5854);
#2085=VERTEX_POINT('',#5857);
#2086=VERTEX_POINT('',#5858);
#2087=VERTEX_POINT('',#5860);
#2088=VERTEX_POINT('',#5862);
#2089=VERTEX_POINT('',#5864);
#2090=VERTEX_POINT('',#5866);
#2091=VERTEX_POINT('',#5868);
#2092=VERTEX_POINT('',#5872);
#2093=VERTEX_POINT('',#5873);
#2094=VERTEX_POINT('',#5875);
#2095=VERTEX_POINT('',#5877);
#2096=VERTEX_POINT('',#5881);
#2097=VERTEX_POINT('',#5882);
#2098=VERTEX_POINT('',#5884);
#2099=VERTEX_POINT('',#5886);
#2100=VERTEX_POINT('',#5890);
#2101=VERTEX_POINT('',#5891);
#2102=VERTEX_POINT('',#5893);
#2103=VERTEX_POINT('',#5895);
#2104=VERTEX_POINT('',#5899);
#2105=VERTEX_POINT('',#5901);
#2106=VERTEX_POINT('',#5903);
#2107=VERTEX_POINT('',#5905);
#2108=VERTEX_POINT('',#5907);
#2109=VERTEX_POINT('',#5909);
#2110=VERTEX_POINT('',#5911);
#2111=VERTEX_POINT('',#5913);
#2112=VERTEX_POINT('',#5915);
#2113=VERTEX_POINT('',#5917);
#2114=VERTEX_POINT('',#5919);
#2115=VERTEX_POINT('',#5921);
#2116=VERTEX_POINT('',#5924);
#2117=VERTEX_POINT('',#5926);
#2118=VERTEX_POINT('',#5930);
#2119=VERTEX_POINT('',#5931);
#2120=VERTEX_POINT('',#5933);
#2121=VERTEX_POINT('',#5935);
#2122=VERTEX_POINT('',#5939);
#2123=VERTEX_POINT('',#5940);
#2124=VERTEX_POINT('',#5942);
#2125=VERTEX_POINT('',#5944);
#2126=VERTEX_POINT('',#5948);
#2127=VERTEX_POINT('',#5949);
#2128=VERTEX_POINT('',#5954);
#2129=VERTEX_POINT('',#5957);
#2130=VERTEX_POINT('',#5959);
#2131=VERTEX_POINT('',#5961);
#2132=VERTEX_POINT('',#5963);
#2133=VERTEX_POINT('',#5965);
#2134=VERTEX_POINT('',#5967);
#2135=VERTEX_POINT('',#5969);
#2136=VERTEX_POINT('',#5971);
#2137=VERTEX_POINT('',#5973);
#2138=VERTEX_POINT('',#5976);
#2139=VERTEX_POINT('',#5978);
#2140=VERTEX_POINT('',#5980);
#2141=VERTEX_POINT('',#5982);
#2142=VERTEX_POINT('',#5985);
#2143=VERTEX_POINT('',#5987);
#2144=VERTEX_POINT('',#5989);
#2145=VERTEX_POINT('',#5991);
#2146=VERTEX_POINT('',#5993);
#2147=VERTEX_POINT('',#5994);
#2148=VERTEX_POINT('',#5996);
#2149=VERTEX_POINT('',#5998);
#2150=VERTEX_POINT('',#6000);
#2151=VERTEX_POINT('',#6002);
#2152=VERTEX_POINT('',#6004);
#2153=VERTEX_POINT('',#6006);
#2154=VERTEX_POINT('',#6009);
#2155=VERTEX_POINT('',#6010);
#2156=VERTEX_POINT('',#6012);
#2157=VERTEX_POINT('',#6014);
#2158=VERTEX_POINT('',#6016);
#2159=VERTEX_POINT('',#6018);
#2160=VERTEX_POINT('',#6020);
#2161=VERTEX_POINT('',#6022);
#2162=VERTEX_POINT('',#6025);
#2163=VERTEX_POINT('',#6026);
#2164=VERTEX_POINT('',#6028);
#2165=VERTEX_POINT('',#6030);
#2166=VERTEX_POINT('',#6032);
#2167=VERTEX_POINT('',#6034);
#2168=VERTEX_POINT('',#6036);
#2169=VERTEX_POINT('',#6038);
#2170=VERTEX_POINT('',#6042);
#2171=VERTEX_POINT('',#6043);
#2172=VERTEX_POINT('',#6045);
#2173=VERTEX_POINT('',#6047);
#2174=VERTEX_POINT('',#6049);
#2175=VERTEX_POINT('',#6051);
#2176=VERTEX_POINT('',#6053);
#2177=VERTEX_POINT('',#6055);
#2178=VERTEX_POINT('',#6058);
#2179=VERTEX_POINT('',#6059);
#2180=VERTEX_POINT('',#6061);
#2181=VERTEX_POINT('',#6063);
#2182=VERTEX_POINT('',#6065);
#2183=VERTEX_POINT('',#6067);
#2184=VERTEX_POINT('',#6069);
#2185=VERTEX_POINT('',#6071);
#2186=VERTEX_POINT('',#6074);
#2187=VERTEX_POINT('',#6076);
#2188=VERTEX_POINT('',#6078);
#2189=VERTEX_POINT('',#6080);
#2190=VERTEX_POINT('',#6082);
#2191=VERTEX_POINT('',#6083);
#2192=VERTEX_POINT('',#6085);
#2193=VERTEX_POINT('',#6087);
#2194=VERTEX_POINT('',#6089);
#2195=VERTEX_POINT('',#6091);
#2196=VERTEX_POINT('',#6093);
#2197=VERTEX_POINT('',#6095);
#2198=VERTEX_POINT('',#6098);
#2199=VERTEX_POINT('',#6099);
#2200=VERTEX_POINT('',#6101);
#2201=VERTEX_POINT('',#6103);
#2202=VERTEX_POINT('',#6105);
#2203=VERTEX_POINT('',#6107);
#2204=VERTEX_POINT('',#6109);
#2205=VERTEX_POINT('',#6111);
#2206=VERTEX_POINT('',#6116);
#2207=VERTEX_POINT('',#6118);
#2208=VERTEX_POINT('',#6120);
#2209=VERTEX_POINT('',#6122);
#2210=VERTEX_POINT('',#6126);
#2211=VERTEX_POINT('',#6128);
#2212=VERTEX_POINT('',#6133);
#2213=VERTEX_POINT('',#6135);
#2214=VERTEX_POINT('',#6137);
#2215=VERTEX_POINT('',#6139);
#2216=VERTEX_POINT('',#6143);
#2217=VERTEX_POINT('',#6145);
#2218=VERTEX_POINT('',#6149);
#2219=VERTEX_POINT('',#6150);
#2220=VERTEX_POINT('',#6155);
#2221=VERTEX_POINT('',#6157);
#2222=VERTEX_POINT('',#6161);
#2223=VERTEX_POINT('',#6163);
#2224=VERTEX_POINT('',#6169);
#2225=VERTEX_POINT('',#6171);
#2226=VERTEX_POINT('',#6173);
#2227=VERTEX_POINT('',#6175);
#2228=VERTEX_POINT('',#6187);
#2229=VERTEX_POINT('',#6190);
#2230=VERTEX_POINT('',#6192);
#2231=VERTEX_POINT('',#6195);
#2232=VERTEX_POINT('',#6197);
#2233=VERTEX_POINT('',#6200);
#2234=VERTEX_POINT('',#6202);
#2235=VERTEX_POINT('',#6204);
#2236=VERTEX_POINT('',#6209);
#2237=VERTEX_POINT('',#6210);
#2238=VERTEX_POINT('',#6321);
#2239=VERTEX_POINT('',#6323);
#2240=VERTEX_POINT('',#6327);
#2241=VERTEX_POINT('',#6331);
#2242=VERTEX_POINT('',#6335);
#2243=VERTEX_POINT('',#6339);
#2244=VERTEX_POINT('',#6343);
#2245=VERTEX_POINT('',#6351);
#2246=VERTEX_POINT('',#6352);
#2247=VERTEX_POINT('',#6354);
#2248=VERTEX_POINT('',#6356);
#2249=VERTEX_POINT('',#6358);
#2250=VERTEX_POINT('',#6360);
#2251=VERTEX_POINT('',#6362);
#2252=VERTEX_POINT('',#6364);
#2253=VERTEX_POINT('',#6367);
#2254=VERTEX_POINT('',#6368);
#2255=VERTEX_POINT('',#6370);
#2256=VERTEX_POINT('',#6372);
#2257=VERTEX_POINT('',#6374);
#2258=VERTEX_POINT('',#6376);
#2259=VERTEX_POINT('',#6378);
#2260=VERTEX_POINT('',#6380);
#2261=VERTEX_POINT('',#6383);
#2262=VERTEX_POINT('',#6385);
#2263=VERTEX_POINT('',#6387);
#2264=VERTEX_POINT('',#6389);
#2265=VERTEX_POINT('',#6391);
#2266=VERTEX_POINT('',#6392);
#2267=VERTEX_POINT('',#6394);
#2268=VERTEX_POINT('',#6396);
#2269=VERTEX_POINT('',#6398);
#2270=VERTEX_POINT('',#6400);
#2271=VERTEX_POINT('',#6402);
#2272=VERTEX_POINT('',#6404);
#2273=VERTEX_POINT('',#6407);
#2274=VERTEX_POINT('',#6408);
#2275=VERTEX_POINT('',#6410);
#2276=VERTEX_POINT('',#6412);
#2277=VERTEX_POINT('',#6414);
#2278=VERTEX_POINT('',#6416);
#2279=VERTEX_POINT('',#6418);
#2280=VERTEX_POINT('',#6420);
#2281=VERTEX_POINT('',#6437);
#2282=VERTEX_POINT('',#6438);
#2283=VERTEX_POINT('',#6443);
#2284=VERTEX_POINT('',#6454);
#2285=VERTEX_POINT('',#6458);
#2286=VERTEX_POINT('',#6459);
#2287=VERTEX_POINT('',#6461);
#2288=VERTEX_POINT('',#6463);
#2289=VERTEX_POINT('',#6465);
#2290=VERTEX_POINT('',#6467);
#2291=VERTEX_POINT('',#6469);
#2292=VERTEX_POINT('',#6471);
#2293=VERTEX_POINT('',#6473);
#2294=VERTEX_POINT('',#6475);
#2295=VERTEX_POINT('',#6477);
#2296=VERTEX_POINT('',#6479);
#2297=VERTEX_POINT('',#6481);
#2298=VERTEX_POINT('',#6483);
#2299=VERTEX_POINT('',#6489);
#2300=VERTEX_POINT('',#6490);
#2301=VERTEX_POINT('',#6506);
#2302=VERTEX_POINT('',#6508);
#2303=VERTEX_POINT('',#6521);
#2304=VERTEX_POINT('',#6523);
#2305=VERTEX_POINT('',#6525);
#2306=VERTEX_POINT('',#6527);
#2307=VERTEX_POINT('',#6529);
#2308=VERTEX_POINT('',#6530);
#2309=VERTEX_POINT('',#6532);
#2310=VERTEX_POINT('',#6534);
#2311=VERTEX_POINT('',#6536);
#2312=VERTEX_POINT('',#6538);
#2313=VERTEX_POINT('',#6540);
#2314=VERTEX_POINT('',#6542);
#2315=VERTEX_POINT('',#6544);
#2316=VERTEX_POINT('',#6546);
#2317=VERTEX_POINT('',#6548);
#2318=VERTEX_POINT('',#6550);
#2319=VERTEX_POINT('',#6552);
#2320=VERTEX_POINT('',#6554);
#2321=VERTEX_POINT('',#6556);
#2322=VERTEX_POINT('',#6558);
#2323=VERTEX_POINT('',#6560);
#2324=VERTEX_POINT('',#6562);
#2325=VERTEX_POINT('',#6564);
#2326=VERTEX_POINT('',#6566);
#2327=VERTEX_POINT('',#6568);
#2328=VERTEX_POINT('',#6570);
#2329=VERTEX_POINT('',#6573);
#2330=VERTEX_POINT('',#6574);
#2331=VERTEX_POINT('',#6576);
#2332=VERTEX_POINT('',#6578);
#2333=VERTEX_POINT('',#6580);
#2334=VERTEX_POINT('',#6582);
#2335=VERTEX_POINT('',#6584);
#2336=VERTEX_POINT('',#6586);
#2337=VERTEX_POINT('',#6589);
#2338=VERTEX_POINT('',#6590);
#2339=VERTEX_POINT('',#6592);
#2340=VERTEX_POINT('',#6594);
#2341=VERTEX_POINT('',#6596);
#2342=VERTEX_POINT('',#6598);
#2343=VERTEX_POINT('',#6600);
#2344=VERTEX_POINT('',#6602);
#2345=VERTEX_POINT('',#6605);
#2346=VERTEX_POINT('',#6606);
#2347=VERTEX_POINT('',#6608);
#2348=VERTEX_POINT('',#6610);
#2349=VERTEX_POINT('',#6612);
#2350=VERTEX_POINT('',#6614);
#2351=VERTEX_POINT('',#6616);
#2352=VERTEX_POINT('',#6618);
#2353=VERTEX_POINT('',#6622);
#2354=VERTEX_POINT('',#6623);
#2355=VERTEX_POINT('',#6628);
#2356=VERTEX_POINT('',#6630);
#2357=VERTEX_POINT('',#6640);
#2358=VERTEX_POINT('',#6644);
#2359=VERTEX_POINT('',#6645);
#2360=VERTEX_POINT('',#6650);
#2361=VERTEX_POINT('',#6841);
#2362=VERTEX_POINT('',#6842);
#2363=VERTEX_POINT('',#6844);
#2364=VERTEX_POINT('',#6846);
#2365=VERTEX_POINT('',#6850);
#2366=VERTEX_POINT('',#6851);
#2367=VERTEX_POINT('',#6853);
#2368=VERTEX_POINT('',#6855);
#2369=VERTEX_POINT('',#6859);
#2370=VERTEX_POINT('',#6860);
#2371=VERTEX_POINT('',#6862);
#2372=VERTEX_POINT('',#6864);
#2373=VERTEX_POINT('',#6868);
#2374=VERTEX_POINT('',#6869);
#2375=VERTEX_POINT('',#6871);
#2376=VERTEX_POINT('',#6873);
#2377=VERTEX_POINT('',#6892);
#2378=VERTEX_POINT('',#6893);
#2379=VERTEX_POINT('',#6895);
#2380=VERTEX_POINT('',#6897);
#2381=VERTEX_POINT('',#6901);
#2382=VERTEX_POINT('',#6902);
#2383=VERTEX_POINT('',#6904);
#2384=VERTEX_POINT('',#6906);
#2385=VERTEX_POINT('',#6910);
#2386=VERTEX_POINT('',#6911);
#2387=VERTEX_POINT('',#6913);
#2388=VERTEX_POINT('',#6915);
#2389=VERTEX_POINT('',#6919);
#2390=VERTEX_POINT('',#6920);
#2391=VERTEX_POINT('',#6922);
#2392=VERTEX_POINT('',#6924);
#2393=VERTEX_POINT('',#6928);
#2394=VERTEX_POINT('',#6930);
#2395=VERTEX_POINT('',#6932);
#2396=VERTEX_POINT('',#6934);
#2397=VERTEX_POINT('',#6950);
#2398=VERTEX_POINT('',#6954);
#2399=VERTEX_POINT('',#6958);
#2400=VERTEX_POINT('',#6962);
#2401=VERTEX_POINT('',#6967);
#2402=VERTEX_POINT('',#6968);
#2403=VERTEX_POINT('',#6970);
#2404=VERTEX_POINT('',#6972);
#2405=VERTEX_POINT('',#6976);
#2406=VERTEX_POINT('',#6978);
#2407=VERTEX_POINT('',#6982);
#2408=VERTEX_POINT('',#6984);
#2409=LINE('',#5698,#2787);
#2410=LINE('',#5701,#2788);
#2411=LINE('',#5703,#2789);
#2412=LINE('',#5705,#2790);
#2413=LINE('',#5707,#2791);
#2414=LINE('',#5710,#2792);
#2415=LINE('',#5712,#2793);
#2416=LINE('',#5714,#2794);
#2417=LINE('',#5716,#2795);
#2418=LINE('',#5718,#2796);
#2419=LINE('',#5720,#2797);
#2420=LINE('',#5724,#2798);
#2421=LINE('',#5728,#2799);
#2422=LINE('',#5732,#2800);
#2423=LINE('',#5736,#2801);
#2424=LINE('',#5737,#2802);
#2425=LINE('',#5740,#2803);
#2426=LINE('',#5742,#2804);
#2427=LINE('',#5744,#2805);
#2428=LINE('',#5746,#2806);
#2429=LINE('',#5749,#2807);
#2430=LINE('',#5751,#2808);
#2431=LINE('',#5753,#2809);
#2432=LINE('',#5755,#2810);
#2433=LINE('',#5758,#2811);
#2434=LINE('',#5760,#2812);
#2435=LINE('',#5762,#2813);
#2436=LINE('',#5764,#2814);
#2437=LINE('',#5766,#2815);
#2438=LINE('',#5768,#2816);
#2439=LINE('',#5771,#2817);
#2440=LINE('',#5776,#2818);
#2441=LINE('',#5780,#2819);
#2442=LINE('',#5782,#2820);
#2443=LINE('',#5784,#2821);
#2444=LINE('',#5786,#2822);
#2445=LINE('',#5788,#2823);
#2446=LINE('',#5790,#2824);
#2447=LINE('',#5792,#2825);
#2448=LINE('',#5794,#2826);
#2449=LINE('',#5796,#2827);
#2450=LINE('',#5798,#2828);
#2451=LINE('',#5800,#2829);
#2452=LINE('',#5802,#2830);
#2453=LINE('',#5804,#2831);
#2454=LINE('',#5806,#2832);
#2455=LINE('',#5833,#2833);
#2456=LINE('',#5834,#2834);
#2457=LINE('',#5836,#2835);
#2458=LINE('',#5838,#2836);
#2459=LINE('',#5840,#2837);
#2460=LINE('',#5842,#2838);
#2461=LINE('',#5844,#2839);
#2462=LINE('',#5848,#2840);
#2463=LINE('',#5851,#2841);
#2464=LINE('',#5853,#2842);
#2465=LINE('',#5855,#2843);
#2466=LINE('',#5856,#2844);
#2467=LINE('',#5859,#2845);
#2468=LINE('',#5861,#2846);
#2469=LINE('',#5863,#2847);
#2470=LINE('',#5865,#2848);
#2471=LINE('',#5867,#2849);
#2472=LINE('',#5869,#2850);
#2473=LINE('',#5871,#2851);
#2474=LINE('',#5874,#2852);
#2475=LINE('',#5876,#2853);
#2476=LINE('',#5878,#2854);
#2477=LINE('',#5880,#2855);
#2478=LINE('',#5883,#2856);
#2479=LINE('',#5885,#2857);
#2480=LINE('',#5887,#2858);
#2481=LINE('',#5889,#2859);
#2482=LINE('',#5892,#2860);
#2483=LINE('',#5894,#2861);
#2484=LINE('',#5896,#2862);
#2485=LINE('',#5900,#2863);
#2486=LINE('',#5902,#2864);
#2487=LINE('',#5904,#2865);
#2488=LINE('',#5906,#2866);
#2489=LINE('',#5908,#2867);
#2490=LINE('',#5910,#2868);
#2491=LINE('',#5912,#2869);
#2492=LINE('',#5916,#2870);
#2493=LINE('',#5920,#2871);
#2494=LINE('',#5925,#2872);
#2495=LINE('',#5929,#2873);
#2496=LINE('',#5932,#2874);
#2497=LINE('',#5934,#2875);
#2498=LINE('',#5936,#2876);
#2499=LINE('',#5938,#2877);
#2500=LINE('',#5941,#2878);
#2501=LINE('',#5943,#2879);
#2502=LINE('',#5945,#2880);
#2503=LINE('',#5947,#2881);
#2504=LINE('',#5950,#2882);
#2505=LINE('',#5951,#2883);
#2506=LINE('',#5953,#2884);
#2507=LINE('',#5958,#2885);
#2508=LINE('',#5962,#2886);
#2509=LINE('',#5966,#2887);
#2510=LINE('',#5970,#2888);
#2511=LINE('',#5974,#2889);
#2512=LINE('',#5975,#2890);
#2513=LINE('',#5979,#2891);
#2514=LINE('',#5983,#2892);
#2515=LINE('',#5992,#2893);
#2516=LINE('',#5997,#2894);
#2517=LINE('',#6001,#2895);
#2518=LINE('',#6005,#2896);
#2519=LINE('',#6008,#2897);
#2520=LINE('',#6013,#2898);
#2521=LINE('',#6017,#2899);
#2522=LINE('',#6021,#2900);
#2523=LINE('',#6024,#2901);
#2524=LINE('',#6029,#2902);
#2525=LINE('',#6033,#2903);
#2526=LINE('',#6037,#2904);
#2527=LINE('',#6041,#2905);
#2528=LINE('',#6046,#2906);
#2529=LINE('',#6050,#2907);
#2530=LINE('',#6054,#2908);
#2531=LINE('',#6057,#2909);
#2532=LINE('',#6060,#2910);
#2533=LINE('',#6062,#2911);
#2534=LINE('',#6064,#2912);
#2535=LINE('',#6066,#2913);
#2536=LINE('',#6068,#2914);
#2537=LINE('',#6070,#2915);
#2538=LINE('',#6072,#2916);
#2539=LINE('',#6081,#2917);
#2540=LINE('',#6086,#2918);
#2541=LINE('',#6090,#2919);
#2542=LINE('',#6094,#2920);
#2543=LINE('',#6097,#2921);
#2544=LINE('',#6102,#2922);
#2545=LINE('',#6106,#2923);
#2546=LINE('',#6110,#2924);
#2547=LINE('',#6115,#2925);
#2548=LINE('',#6117,#2926);
#2549=LINE('',#6119,#2927);
#2550=LINE('',#6121,#2928);
#2551=LINE('',#6123,#2929);
#2552=LINE('',#6125,#2930);
#2553=LINE('',#6127,#2931);
#2554=LINE('',#6129,#2932);
#2555=LINE('',#6132,#2933);
#2556=LINE('',#6134,#2934);
#2557=LINE('',#6136,#2935);
#2558=LINE('',#6138,#2936);
#2559=LINE('',#6140,#2937);
#2560=LINE('',#6142,#2938);
#2561=LINE('',#6144,#2939);
#2562=LINE('',#6146,#2940);
#2563=LINE('',#6148,#2941);
#2564=LINE('',#6151,#2942);
#2565=LINE('',#6152,#2943);
#2566=LINE('',#6154,#2944);
#2567=LINE('',#6156,#2945);
#2568=LINE('',#6158,#2946);
#2569=LINE('',#6160,#2947);
#2570=LINE('',#6162,#2948);
#2571=LINE('',#6164,#2949);
#2572=LINE('',#6170,#2950);
#2573=LINE('',#6172,#2951);
#2574=LINE('',#6174,#2952);
#2575=LINE('',#6184,#2953);
#2576=LINE('',#6186,#2954);
#2577=LINE('',#6191,#2955);
#2578=LINE('',#6196,#2956);
#2579=LINE('',#6201,#2957);
#2580=LINE('',#6203,#2958);
#2581=LINE('',#6208,#2959);
#2582=LINE('',#6211,#2960);
#2583=LINE('',#6212,#2961);
#2584=LINE('',#6214,#2962);
#2585=LINE('',#6215,#2963);
#2586=LINE('',#6217,#2964);
#2587=LINE('',#6218,#2965);
#2588=LINE('',#6220,#2966);
#2589=LINE('',#6221,#2967);
#2590=LINE('',#6223,#2968);
#2591=LINE('',#6224,#2969);
#2592=LINE('',#6226,#2970);
#2593=LINE('',#6227,#2971);
#2594=LINE('',#6229,#2972);
#2595=LINE('',#6230,#2973);
#2596=LINE('',#6232,#2974);
#2597=LINE('',#6233,#2975);
#2598=LINE('',#6235,#2976);
#2599=LINE('',#6236,#2977);
#2600=LINE('',#6238,#2978);
#2601=LINE('',#6239,#2979);
#2602=LINE('',#6241,#2980);
#2603=LINE('',#6242,#2981);
#2604=LINE('',#6244,#2982);
#2605=LINE('',#6245,#2983);
#2606=LINE('',#6247,#2984);
#2607=LINE('',#6248,#2985);
#2608=LINE('',#6250,#2986);
#2609=LINE('',#6251,#2987);
#2610=LINE('',#6253,#2988);
#2611=LINE('',#6254,#2989);
#2612=LINE('',#6256,#2990);
#2613=LINE('',#6258,#2991);
#2614=LINE('',#6260,#2992);
#2615=LINE('',#6262,#2993);
#2616=LINE('',#6263,#2994);
#2617=LINE('',#6265,#2995);
#2618=LINE('',#6320,#2996);
#2619=LINE('',#6322,#2997);
#2620=LINE('',#6324,#2998);
#2621=LINE('',#6326,#2999);
#2622=LINE('',#6328,#3000);
#2623=LINE('',#6330,#3001);
#2624=LINE('',#6332,#3002);
#2625=LINE('',#6334,#3003);
#2626=LINE('',#6336,#3004);
#2627=LINE('',#6338,#3005);
#2628=LINE('',#6340,#3006);
#2629=LINE('',#6342,#3007);
#2630=LINE('',#6344,#3008);
#2631=LINE('',#6346,#3009);
#2632=LINE('',#6350,#3010);
#2633=LINE('',#6355,#3011);
#2634=LINE('',#6359,#3012);
#2635=LINE('',#6363,#3013);
#2636=LINE('',#6366,#3014);
#2637=LINE('',#6371,#3015);
#2638=LINE('',#6375,#3016);
#2639=LINE('',#6379,#3017);
#2640=LINE('',#6390,#3018);
#2641=LINE('',#6395,#3019);
#2642=LINE('',#6399,#3020);
#2643=LINE('',#6403,#3021);
#2644=LINE('',#6406,#3022);
#2645=LINE('',#6409,#3023);
#2646=LINE('',#6411,#3024);
#2647=LINE('',#6413,#3025);
#2648=LINE('',#6415,#3026);
#2649=LINE('',#6417,#3027);
#2650=LINE('',#6419,#3028);
#2651=LINE('',#6421,#3029);
#2652=LINE('',#6455,#3030);
#2653=LINE('',#6457,#3031);
#2654=LINE('',#6462,#3032);
#2655=LINE('',#6466,#3033);
#2656=LINE('',#6470,#3034);
#2657=LINE('',#6472,#3035);
#2658=LINE('',#6474,#3036);
#2659=LINE('',#6478,#3037);
#2660=LINE('',#6482,#3038);
#2661=LINE('',#6507,#3039);
#2662=LINE('',#6528,#3040);
#2663=LINE('',#6533,#3041);
#2664=LINE('',#6537,#3042);
#2665=LINE('',#6541,#3043);
#2666=LINE('',#6545,#3044);
#2667=LINE('',#6549,#3045);
#2668=LINE('',#6553,#3046);
#2669=LINE('',#6557,#3047);
#2670=LINE('',#6559,#3048);
#2671=LINE('',#6563,#3049);
#2672=LINE('',#6567,#3050);
#2673=LINE('',#6569,#3051);
#2674=LINE('',#6572,#3052);
#2675=LINE('',#6577,#3053);
#2676=LINE('',#6581,#3054);
#2677=LINE('',#6585,#3055);
#2678=LINE('',#6588,#3056);
#2679=LINE('',#6593,#3057);
#2680=LINE('',#6597,#3058);
#2681=LINE('',#6601,#3059);
#2682=LINE('',#6604,#3060);
#2683=LINE('',#6609,#3061);
#2684=LINE('',#6613,#3062);
#2685=LINE('',#6617,#3063);
#2686=LINE('',#6621,#3064);
#2687=LINE('',#6624,#3065);
#2688=LINE('',#6625,#3066);
#2689=LINE('',#6627,#3067);
#2690=LINE('',#6629,#3068);
#2691=LINE('',#6631,#3069);
#2692=LINE('',#6633,#3070);
#2693=LINE('',#6634,#3071);
#2694=LINE('',#6636,#3072);
#2695=LINE('',#6637,#3073);
#2696=LINE('',#6639,#3074);
#2697=LINE('',#6641,#3075);
#2698=LINE('',#6643,#3076);
#2699=LINE('',#6646,#3077);
#2700=LINE('',#6647,#3078);
#2701=LINE('',#6649,#3079);
#2702=LINE('',#6651,#3080);
#2703=LINE('',#6657,#3081);
#2704=LINE('',#6658,#3082);
#2705=LINE('',#6660,#3083);
#2706=LINE('',#6661,#3084);
#2707=LINE('',#6663,#3085);
#2708=LINE('',#6664,#3086);
#2709=LINE('',#6666,#3087);
#2710=LINE('',#6667,#3088);
#2711=LINE('',#6668,#3089);
#2712=LINE('',#6670,#3090);
#2713=LINE('',#6671,#3091);
#2714=LINE('',#6672,#3092);
#2715=LINE('',#6675,#3093);
#2716=LINE('',#6676,#3094);
#2717=LINE('',#6678,#3095);
#2718=LINE('',#6679,#3096);
#2719=LINE('',#6681,#3097);
#2720=LINE('',#6682,#3098);
#2721=LINE('',#6684,#3099);
#2722=LINE('',#6685,#3100);
#2723=LINE('',#6687,#3101);
#2724=LINE('',#6688,#3102);
#2725=LINE('',#6690,#3103);
#2726=LINE('',#6691,#3104);
#2727=LINE('',#6693,#3105);
#2728=LINE('',#6694,#3106);
#2729=LINE('',#6696,#3107);
#2730=LINE('',#6697,#3108);
#2731=LINE('',#6699,#3109);
#2732=LINE('',#6700,#3110);
#2733=LINE('',#6702,#3111);
#2734=LINE('',#6703,#3112);
#2735=LINE('',#6705,#3113);
#2736=LINE('',#6706,#3114);
#2737=LINE('',#6708,#3115);
#2738=LINE('',#6709,#3116);
#2739=LINE('',#6797,#3117);
#2740=LINE('',#6798,#3118);
#2741=LINE('',#6807,#3119);
#2742=LINE('',#6836,#3120);
#2743=LINE('',#6840,#3121);
#2744=LINE('',#6843,#3122);
#2745=LINE('',#6845,#3123);
#2746=LINE('',#6847,#3124);
#2747=LINE('',#6849,#3125);
#2748=LINE('',#6852,#3126);
#2749=LINE('',#6854,#3127);
#2750=LINE('',#6856,#3128);
#2751=LINE('',#6858,#3129);
#2752=LINE('',#6861,#3130);
#2753=LINE('',#6863,#3131);
#2754=LINE('',#6865,#3132);
#2755=LINE('',#6867,#3133);
#2756=LINE('',#6870,#3134);
#2757=LINE('',#6872,#3135);
#2758=LINE('',#6874,#3136);
#2759=LINE('',#6891,#3137);
#2760=LINE('',#6894,#3138);
#2761=LINE('',#6896,#3139);
#2762=LINE('',#6898,#3140);
#2763=LINE('',#6900,#3141);
#2764=LINE('',#6903,#3142);
#2765=LINE('',#6905,#3143);
#2766=LINE('',#6907,#3144);
#2767=LINE('',#6909,#3145);
#2768=LINE('',#6912,#3146);
#2769=LINE('',#6914,#3147);
#2770=LINE('',#6916,#3148);
#2771=LINE('',#6918,#3149);
#2772=LINE('',#6921,#3150);
#2773=LINE('',#6923,#3151);
#2774=LINE('',#6925,#3152);
#2775=LINE('',#6966,#3153);
#2776=LINE('',#6969,#3154);
#2777=LINE('',#6971,#3155);
#2778=LINE('',#6973,#3156);
#2779=LINE('',#6975,#3157);
#2780=LINE('',#6977,#3158);
#2781=LINE('',#6979,#3159);
#2782=LINE('',#6981,#3160);
#2783=LINE('',#6983,#3161);
#2784=LINE('',#6985,#3162);
#2785=LINE('',#6987,#3163);
#2786=LINE('',#6988,#3164);
#2787=VECTOR('',#4518,1000.);
#2788=VECTOR('',#4519,1000.);
#2789=VECTOR('',#4520,1000.);
#2790=VECTOR('',#4521,1000.);
#2791=VECTOR('',#4524,1000.);
#2792=VECTOR('',#4525,1000.);
#2793=VECTOR('',#4526,1000.);
#2794=VECTOR('',#4527,1000.);
#2795=VECTOR('',#4528,1000.);
#2796=VECTOR('',#4529,1000.);
#2797=VECTOR('',#4530,1000.);
#2798=VECTOR('',#4533,1000.);
#2799=VECTOR('',#4536,1000.);
#2800=VECTOR('',#4539,1000.);
#2801=VECTOR('',#4542,1000.);
#2802=VECTOR('',#4543,1000.);
#2803=VECTOR('',#4544,1000.);
#2804=VECTOR('',#4545,1000.);
#2805=VECTOR('',#4546,1000.);
#2806=VECTOR('',#4549,1000.);
#2807=VECTOR('',#4550,1000.);
#2808=VECTOR('',#4551,1000.);
#2809=VECTOR('',#4552,1000.);
#2810=VECTOR('',#4555,1000.);
#2811=VECTOR('',#4556,1000.);
#2812=VECTOR('',#4557,1000.);
#2813=VECTOR('',#4558,1000.);
#2814=VECTOR('',#4559,1000.);
#2815=VECTOR('',#4560,1000.);
#2816=VECTOR('',#4561,1000.);
#2817=VECTOR('',#4564,1000.);
#2818=VECTOR('',#4569,1000.);
#2819=VECTOR('',#4574,1000.);
#2820=VECTOR('',#4575,1000.);
#2821=VECTOR('',#4576,1000.);
#2822=VECTOR('',#4579,1000.);
#2823=VECTOR('',#4580,1000.);
#2824=VECTOR('',#4581,1000.);
#2825=VECTOR('',#4584,1000.);
#2826=VECTOR('',#4585,1000.);
#2827=VECTOR('',#4586,1000.);
#2828=VECTOR('',#4589,1000.);
#2829=VECTOR('',#4590,1000.);
#2830=VECTOR('',#4593,1000.);
#2831=VECTOR('',#4594,1000.);
#2832=VECTOR('',#4597,1000.);
#2833=VECTOR('',#4650,1000.);
#2834=VECTOR('',#4651,1000.);
#2835=VECTOR('',#4654,1000.);
#2836=VECTOR('',#4657,1000.);
#2837=VECTOR('',#4660,1000.);
#2838=VECTOR('',#4663,1000.);
#2839=VECTOR('',#4666,1000.);
#2840=VECTOR('',#4673,1000.);
#2841=VECTOR('',#4674,1000.);
#2842=VECTOR('',#4675,1000.);
#2843=VECTOR('',#4676,1000.);
#2844=VECTOR('',#4677,1000.);
#2845=VECTOR('',#4678,1000.);
#2846=VECTOR('',#4679,1000.);
#2847=VECTOR('',#4680,1000.);
#2848=VECTOR('',#4681,1000.);
#2849=VECTOR('',#4682,1000.);
#2850=VECTOR('',#4683,1000.);
#2851=VECTOR('',#4686,1000.);
#2852=VECTOR('',#4687,1000.);
#2853=VECTOR('',#4688,1000.);
#2854=VECTOR('',#4689,1000.);
#2855=VECTOR('',#4692,1000.);
#2856=VECTOR('',#4693,1000.);
#2857=VECTOR('',#4694,1000.);
#2858=VECTOR('',#4695,1000.);
#2859=VECTOR('',#4698,1000.);
#2860=VECTOR('',#4699,1000.);
#2861=VECTOR('',#4700,1000.);
#2862=VECTOR('',#4701,1000.);
#2863=VECTOR('',#4706,1000.);
#2864=VECTOR('',#4707,1000.);
#2865=VECTOR('',#4708,1000.);
#2866=VECTOR('',#4709,1000.);
#2867=VECTOR('',#4710,1000.);
#2868=VECTOR('',#4711,1000.);
#2869=VECTOR('',#4712,1000.);
#2870=VECTOR('',#4715,1000.);
#2871=VECTOR('',#4718,1000.);
#2872=VECTOR('',#4723,1000.);
#2873=VECTOR('',#4728,1000.);
#2874=VECTOR('',#4729,1000.);
#2875=VECTOR('',#4730,1000.);
#2876=VECTOR('',#4731,1000.);
#2877=VECTOR('',#4734,1000.);
#2878=VECTOR('',#4735,1000.);
#2879=VECTOR('',#4736,1000.);
#2880=VECTOR('',#4737,1000.);
#2881=VECTOR('',#4740,1000.);
#2882=VECTOR('',#4741,1000.);
#2883=VECTOR('',#4742,1000.);
#2884=VECTOR('',#4745,1000.);
#2885=VECTOR('',#4750,1000.);
#2886=VECTOR('',#4753,1000.);
#2887=VECTOR('',#4756,1000.);
#2888=VECTOR('',#4759,1000.);
#2889=VECTOR('',#4762,1000.);
#2890=VECTOR('',#4763,1000.);
#2891=VECTOR('',#4766,1000.);
#2892=VECTOR('',#4769,1000.);
#2893=VECTOR('',#4778,1000.);
#2894=VECTOR('',#4781,1000.);
#2895=VECTOR('',#4784,1000.);
#2896=VECTOR('',#4787,1000.);
#2897=VECTOR('',#4790,1000.);
#2898=VECTOR('',#4793,1000.);
#2899=VECTOR('',#4796,1000.);
#2900=VECTOR('',#4799,1000.);
#2901=VECTOR('',#4802,1000.);
#2902=VECTOR('',#4805,1000.);
#2903=VECTOR('',#4808,1000.);
#2904=VECTOR('',#4811,1000.);
#2905=VECTOR('',#4816,1000.);
#2906=VECTOR('',#4819,1000.);
#2907=VECTOR('',#4822,1000.);
#2908=VECTOR('',#4825,1000.);
#2909=VECTOR('',#4828,1000.);
#2910=VECTOR('',#4829,1000.);
#2911=VECTOR('',#4830,1000.);
#2912=VECTOR('',#4831,1000.);
#2913=VECTOR('',#4832,1000.);
#2914=VECTOR('',#4833,1000.);
#2915=VECTOR('',#4834,1000.);
#2916=VECTOR('',#4835,1000.);
#2917=VECTOR('',#4844,1000.);
#2918=VECTOR('',#4847,1000.);
#2919=VECTOR('',#4850,1000.);
#2920=VECTOR('',#4853,1000.);
#2921=VECTOR('',#4856,1000.);
#2922=VECTOR('',#4859,1000.);
#2923=VECTOR('',#4862,1000.);
#2924=VECTOR('',#4865,1000.);
#2925=VECTOR('',#4872,1000.);
#2926=VECTOR('',#4873,1000.);
#2927=VECTOR('',#4874,1000.);
#2928=VECTOR('',#4875,1000.);
#2929=VECTOR('',#4876,1000.);
#2930=VECTOR('',#4879,1000.);
#2931=VECTOR('',#4880,1000.);
#2932=VECTOR('',#4881,1000.);
#2933=VECTOR('',#4886,1000.);
#2934=VECTOR('',#4887,1000.);
#2935=VECTOR('',#4888,1000.);
#2936=VECTOR('',#4889,1000.);
#2937=VECTOR('',#4890,1000.);
#2938=VECTOR('',#4893,1000.);
#2939=VECTOR('',#4894,1000.);
#2940=VECTOR('',#4895,1000.);
#2941=VECTOR('',#4898,1000.);
#2942=VECTOR('',#4899,1000.);
#2943=VECTOR('',#4900,1000.);
#2944=VECTOR('',#4903,1000.);
#2945=VECTOR('',#4904,1000.);
#2946=VECTOR('',#4905,1000.);
#2947=VECTOR('',#4908,1000.);
#2948=VECTOR('',#4909,1000.);
#2949=VECTOR('',#4910,1000.);
#2950=VECTOR('',#4919,1000.);
#2951=VECTOR('',#4920,1000.);
#2952=VECTOR('',#4921,1000.);
#2953=VECTOR('',#4938,1000.);
#2954=VECTOR('',#4941,1000.);
#2955=VECTOR('',#4946,1000.);
#2956=VECTOR('',#4951,1000.);
#2957=VECTOR('',#4956,1000.);
#2958=VECTOR('',#4957,1000.);
#2959=VECTOR('',#4964,1000.);
#2960=VECTOR('',#4965,1000.);
#2961=VECTOR('',#4966,1000.);
#2962=VECTOR('',#4969,1000.);
#2963=VECTOR('',#4970,1000.);
#2964=VECTOR('',#4973,1000.);
#2965=VECTOR('',#4974,1000.);
#2966=VECTOR('',#4977,1000.);
#2967=VECTOR('',#4978,1000.);
#2968=VECTOR('',#4981,1000.);
#2969=VECTOR('',#4982,1000.);
#2970=VECTOR('',#4985,1000.);
#2971=VECTOR('',#4986,1000.);
#2972=VECTOR('',#4989,1000.);
#2973=VECTOR('',#4990,1000.);
#2974=VECTOR('',#4993,1000.);
#2975=VECTOR('',#4994,1000.);
#2976=VECTOR('',#4997,1000.);
#2977=VECTOR('',#4998,1000.);
#2978=VECTOR('',#5001,1000.);
#2979=VECTOR('',#5002,1000.);
#2980=VECTOR('',#5005,1000.);
#2981=VECTOR('',#5006,1000.);
#2982=VECTOR('',#5009,1000.);
#2983=VECTOR('',#5010,1000.);
#2984=VECTOR('',#5013,1000.);
#2985=VECTOR('',#5014,1000.);
#2986=VECTOR('',#5017,1000.);
#2987=VECTOR('',#5018,1000.);
#2988=VECTOR('',#5021,1000.);
#2989=VECTOR('',#5022,1000.);
#2990=VECTOR('',#5025,1000.);
#2991=VECTOR('',#5028,1000.);
#2992=VECTOR('',#5031,1000.);
#2993=VECTOR('',#5034,1000.);
#2994=VECTOR('',#5035,1000.);
#2995=VECTOR('',#5038,1000.);
#2996=VECTOR('',#5147,1000.);
#2997=VECTOR('',#5148,1000.);
#2998=VECTOR('',#5149,1000.);
#2999=VECTOR('',#5152,1000.);
#3000=VECTOR('',#5153,1000.);
#3001=VECTOR('',#5156,1000.);
#3002=VECTOR('',#5157,1000.);
#3003=VECTOR('',#5160,1000.);
#3004=VECTOR('',#5161,1000.);
#3005=VECTOR('',#5164,1000.);
#3006=VECTOR('',#5165,1000.);
#3007=VECTOR('',#5168,1000.);
#3008=VECTOR('',#5169,1000.);
#3009=VECTOR('',#5172,1000.);
#3010=VECTOR('',#5179,1000.);
#3011=VECTOR('',#5182,1000.);
#3012=VECTOR('',#5185,1000.);
#3013=VECTOR('',#5188,1000.);
#3014=VECTOR('',#5191,1000.);
#3015=VECTOR('',#5194,1000.);
#3016=VECTOR('',#5197,1000.);
#3017=VECTOR('',#5200,1000.);
#3018=VECTOR('',#5211,1000.);
#3019=VECTOR('',#5214,1000.);
#3020=VECTOR('',#5217,1000.);
#3021=VECTOR('',#5220,1000.);
#3022=VECTOR('',#5223,1000.);
#3023=VECTOR('',#5224,1000.);
#3024=VECTOR('',#5225,1000.);
#3025=VECTOR('',#5226,1000.);
#3026=VECTOR('',#5227,1000.);
#3027=VECTOR('',#5228,1000.);
#3028=VECTOR('',#5229,1000.);
#3029=VECTOR('',#5230,1000.);
#3030=VECTOR('',#5231,1000.);
#3031=VECTOR('',#5234,1000.);
#3032=VECTOR('',#5237,1000.);
#3033=VECTOR('',#5240,1000.);
#3034=VECTOR('',#5243,1000.);
#3035=VECTOR('',#5244,1000.);
#3036=VECTOR('',#5245,1000.);
#3037=VECTOR('',#5248,1000.);
#3038=VECTOR('',#5251,1000.);
#3039=VECTOR('',#5254,1000.);
#3040=VECTOR('',#5265,1000.);
#3041=VECTOR('',#5268,1000.);
#3042=VECTOR('',#5271,1000.);
#3043=VECTOR('',#5274,1000.);
#3044=VECTOR('',#5277,1000.);
#3045=VECTOR('',#5280,1000.);
#3046=VECTOR('',#5283,1000.);
#3047=VECTOR('',#5286,1000.);
#3048=VECTOR('',#5287,1000.);
#3049=VECTOR('',#5290,1000.);
#3050=VECTOR('',#5293,1000.);
#3051=VECTOR('',#5294,1000.);
#3052=VECTOR('',#5297,1000.);
#3053=VECTOR('',#5300,1000.);
#3054=VECTOR('',#5303,1000.);
#3055=VECTOR('',#5306,1000.);
#3056=VECTOR('',#5309,1000.);
#3057=VECTOR('',#5312,1000.);
#3058=VECTOR('',#5315,1000.);
#3059=VECTOR('',#5318,1000.);
#3060=VECTOR('',#5321,1000.);
#3061=VECTOR('',#5324,1000.);
#3062=VECTOR('',#5327,1000.);
#3063=VECTOR('',#5330,1000.);
#3064=VECTOR('',#5335,1000.);
#3065=VECTOR('',#5336,1000.);
#3066=VECTOR('',#5337,1000.);
#3067=VECTOR('',#5340,1000.);
#3068=VECTOR('',#5341,1000.);
#3069=VECTOR('',#5342,1000.);
#3070=VECTOR('',#5345,1000.);
#3071=VECTOR('',#5346,1000.);
#3072=VECTOR('',#5349,1000.);
#3073=VECTOR('',#5350,1000.);
#3074=VECTOR('',#5353,1000.);
#3075=VECTOR('',#5354,1000.);
#3076=VECTOR('',#5357,1000.);
#3077=VECTOR('',#5358,1000.);
#3078=VECTOR('',#5359,1000.);
#3079=VECTOR('',#5362,1000.);
#3080=VECTOR('',#5363,1000.);
#3081=VECTOR('',#5374,1000.);
#3082=VECTOR('',#5375,1000.);
#3083=VECTOR('',#5378,1000.);
#3084=VECTOR('',#5379,1000.);
#3085=VECTOR('',#5382,1000.);
#3086=VECTOR('',#5383,1000.);
#3087=VECTOR('',#5386,1000.);
#3088=VECTOR('',#5387,1000.);
#3089=VECTOR('',#5388,1000.);
#3090=VECTOR('',#5391,1000.);
#3091=VECTOR('',#5392,1000.);
#3092=VECTOR('',#5393,1000.);
#3093=VECTOR('',#5398,1000.);
#3094=VECTOR('',#5399,1000.);
#3095=VECTOR('',#5402,1000.);
#3096=VECTOR('',#5403,1000.);
#3097=VECTOR('',#5406,1000.);
#3098=VECTOR('',#5407,1000.);
#3099=VECTOR('',#5410,1000.);
#3100=VECTOR('',#5411,1000.);
#3101=VECTOR('',#5414,1000.);
#3102=VECTOR('',#5415,1000.);
#3103=VECTOR('',#5418,1000.);
#3104=VECTOR('',#5419,1000.);
#3105=VECTOR('',#5422,1000.);
#3106=VECTOR('',#5423,1000.);
#3107=VECTOR('',#5426,1000.);
#3108=VECTOR('',#5427,1000.);
#3109=VECTOR('',#5430,1000.);
#3110=VECTOR('',#5431,1000.);
#3111=VECTOR('',#5434,1000.);
#3112=VECTOR('',#5435,1000.);
#3113=VECTOR('',#5438,1000.);
#3114=VECTOR('',#5439,1000.);
#3115=VECTOR('',#5442,1000.);
#3116=VECTOR('',#5443,1000.);
#3117=VECTOR('',#5522,1000.);
#3118=VECTOR('',#5523,1000.);
#3119=VECTOR('',#5524,1000.);
#3120=VECTOR('',#5525,1000.);
#3121=VECTOR('',#5532,1000.);
#3122=VECTOR('',#5533,1000.);
#3123=VECTOR('',#5534,1000.);
#3124=VECTOR('',#5535,1000.);
#3125=VECTOR('',#5538,1000.);
#3126=VECTOR('',#5539,1000.);
#3127=VECTOR('',#5540,1000.);
#3128=VECTOR('',#5541,1000.);
#3129=VECTOR('',#5544,1000.);
#3130=VECTOR('',#5545,1000.);
#3131=VECTOR('',#5546,1000.);
#3132=VECTOR('',#5547,1000.);
#3133=VECTOR('',#5550,1000.);
#3134=VECTOR('',#5551,1000.);
#3135=VECTOR('',#5552,1000.);
#3136=VECTOR('',#5553,1000.);
#3137=VECTOR('',#5586,1000.);
#3138=VECTOR('',#5587,1000.);
#3139=VECTOR('',#5588,1000.);
#3140=VECTOR('',#5589,1000.);
#3141=VECTOR('',#5592,1000.);
#3142=VECTOR('',#5593,1000.);
#3143=VECTOR('',#5594,1000.);
#3144=VECTOR('',#5595,1000.);
#3145=VECTOR('',#5598,1000.);
#3146=VECTOR('',#5599,1000.);
#3147=VECTOR('',#5600,1000.);
#3148=VECTOR('',#5601,1000.);
#3149=VECTOR('',#5604,1000.);
#3150=VECTOR('',#5605,1000.);
#3151=VECTOR('',#5606,1000.);
#3152=VECTOR('',#5607,1000.);
#3153=VECTOR('',#5672,1000.);
#3154=VECTOR('',#5673,1000.);
#3155=VECTOR('',#5674,1000.);
#3156=VECTOR('',#5675,1000.);
#3157=VECTOR('',#5678,1000.);
#3158=VECTOR('',#5679,1000.);
#3159=VECTOR('',#5680,1000.);
#3160=VECTOR('',#5683,1000.);
#3161=VECTOR('',#5684,1000.);
#3162=VECTOR('',#5685,1000.);
#3163=VECTOR('',#5688,1000.);
#3164=VECTOR('',#5689,1000.);
#3165=EDGE_LOOP('',(#343,#344,#345,#346));
#3166=EDGE_LOOP('',(#347,#348,#349,#350,#351,#352,#353));
#3167=EDGE_LOOP('',(#354,#355,#356,#357,#358,#359,#360,#361));
#3168=EDGE_LOOP('',(#362,#363,#364,#365));
#3169=EDGE_LOOP('',(#366,#367,#368,#369));
#3170=EDGE_LOOP('',(#370,#371,#372,#373,#374,#375,#376));
#3171=EDGE_LOOP('',(#377,#378,#379,#380,#381,#382,#383,#384));
#3172=EDGE_LOOP('',(#385,#386,#387,#388));
#3173=EDGE_LOOP('',(#389,#390,#391,#392));
#3174=EDGE_LOOP('',(#393,#394,#395,#396));
#3175=EDGE_LOOP('',(#397,#398,#399,#400));
#3176=EDGE_LOOP('',(#401,#402,#403,#404));
#3177=EDGE_LOOP('',(#405,#406,#407,#408));
#3178=EDGE_LOOP('',(#409,#410,#411,#412));
#3179=EDGE_LOOP('',(#413,#414,#415,#416));
#3180=EDGE_LOOP('',(#417,#418,#419,#420));
#3181=EDGE_LOOP('',(#421,#422,#423,#424));
#3182=EDGE_LOOP('',(#425,#426,#427,#428));
#3183=EDGE_LOOP('',(#429,#430,#431,#432));
#3184=EDGE_LOOP('',(#433,#434,#435,#436));
#3185=EDGE_LOOP('',(#437,#438,#439,#440));
#3186=EDGE_LOOP('',(#441,#442,#443,#444));
#3187=EDGE_LOOP('',(#445,#446,#447,#448));
#3188=EDGE_LOOP('',(#449,#450,#451,#452));
#3189=EDGE_LOOP('',(#453,#454,#455,#456));
#3190=EDGE_LOOP('',(#457,#458,#459,#460));
#3191=EDGE_LOOP('',(#461,#462,#463,#464));
#3192=EDGE_LOOP('',(#465,#466,#467,#468));
#3193=EDGE_LOOP('',(#469,#470,#471,#472));
#3194=EDGE_LOOP('',(#473,#474,#475,#476));
#3195=EDGE_LOOP('',(#477,#478,#479,#480));
#3196=EDGE_LOOP('',(#481,#482,#483,#484));
#3197=EDGE_LOOP('',(#485,#486,#487,#488));
#3198=EDGE_LOOP('',(#489,#490,#491,#492));
#3199=EDGE_LOOP('',(#493,#494,#495,#496,#497,#498,#499));
#3200=EDGE_LOOP('',(#500,#501,#502,#503));
#3201=EDGE_LOOP('',(#504,#505,#506,#507));
#3202=EDGE_LOOP('',(#508,#509,#510,#511));
#3203=EDGE_LOOP('',(#512,#513,#514,#515,#516,#517,#518,#519,#520,#521,#522,
#523,#524,#525,#526,#527,#528,#529));
#3204=EDGE_LOOP('',(#530,#531,#532,#533));
#3205=EDGE_LOOP('',(#534,#535,#536,#537));
#3206=EDGE_LOOP('',(#538,#539,#540,#541));
#3207=EDGE_LOOP('',(#542,#543,#544,#545,#546,#547,#548,#549,#550,#551,#552,
#553,#554,#555,#556,#557,#558,#559,#560,#561));
#3208=EDGE_LOOP('',(#562));
#3209=EDGE_LOOP('',(#563));
#3210=EDGE_LOOP('',(#564));
#3211=EDGE_LOOP('',(#565));
#3212=EDGE_LOOP('',(#566,#567,#568,#569,#570,#571,#572,#573));
#3213=EDGE_LOOP('',(#574,#575,#576,#577,#578,#579,#580,#581));
#3214=EDGE_LOOP('',(#582,#583,#584,#585,#586,#587,#588,#589));
#3215=EDGE_LOOP('',(#590,#591,#592,#593,#594,#595,#596,#597));
#3216=EDGE_LOOP('',(#598,#599,#600,#601,#602,#603,#604,#605));
#3217=EDGE_LOOP('',(#606));
#3218=EDGE_LOOP('',(#607));
#3219=EDGE_LOOP('',(#608));
#3220=EDGE_LOOP('',(#609));
#3221=EDGE_LOOP('',(#610,#611,#612,#613,#614,#615,#616,#617));
#3222=EDGE_LOOP('',(#618,#619,#620,#621,#622,#623,#624,#625));
#3223=EDGE_LOOP('',(#626,#627,#628,#629,#630,#631,#632,#633,#634));
#3224=EDGE_LOOP('',(#635,#636,#637,#638));
#3225=EDGE_LOOP('',(#639,#640,#641,#642,#643,#644,#645,#646,#647));
#3226=EDGE_LOOP('',(#648,#649,#650,#651));
#3227=EDGE_LOOP('',(#652,#653,#654,#655));
#3228=EDGE_LOOP('',(#656,#657,#658,#659));
#3229=EDGE_LOOP('',(#660,#661,#662,#663));
#3230=EDGE_LOOP('',(#664,#665,#666,#667,#668,#669,#670,#671,#672,#673,#674,
#675,#676,#677));
#3231=EDGE_LOOP('',(#678));
#3232=EDGE_LOOP('',(#679));
#3233=EDGE_LOOP('',(#680));
#3234=EDGE_LOOP('',(#681));
#3235=EDGE_LOOP('',(#682));
#3236=EDGE_LOOP('',(#683));
#3237=EDGE_LOOP('',(#684));
#3238=EDGE_LOOP('',(#685));
#3239=EDGE_LOOP('',(#686,#687,#688,#689));
#3240=EDGE_LOOP('',(#690,#691,#692,#693,#694,#695,#696,#697,#698,#699,#700,
#701,#702,#703,#704,#705,#706,#707,#708,#709));
#3241=EDGE_LOOP('',(#710,#711,#712,#713));
#3242=EDGE_LOOP('',(#714,#715,#716,#717));
#3243=EDGE_LOOP('',(#718,#719,#720,#721));
#3244=EDGE_LOOP('',(#722,#723,#724,#725));
#3245=EDGE_LOOP('',(#726,#727,#728,#729));
#3246=EDGE_LOOP('',(#730,#731,#732,#733));
#3247=EDGE_LOOP('',(#734,#735,#736,#737));
#3248=EDGE_LOOP('',(#738,#739,#740,#741));
#3249=EDGE_LOOP('',(#742,#743,#744,#745));
#3250=EDGE_LOOP('',(#746,#747,#748,#749));
#3251=EDGE_LOOP('',(#750,#751,#752,#753));
#3252=EDGE_LOOP('',(#754,#755,#756,#757));
#3253=EDGE_LOOP('',(#758,#759,#760,#761));
#3254=EDGE_LOOP('',(#762,#763,#764,#765));
#3255=EDGE_LOOP('',(#766,#767,#768,#769));
#3256=EDGE_LOOP('',(#770,#771,#772,#773,#774,#775,#776,#777,#778,#779,#780,
#781));
#3257=EDGE_LOOP('',(#782,#783,#784,#785,#786,#787,#788,#789,#790,#791,#792,
#793));
#3258=EDGE_LOOP('',(#794,#795,#796,#797));
#3259=EDGE_LOOP('',(#798,#799,#800,#801));
#3260=EDGE_LOOP('',(#802,#803,#804,#805));
#3261=EDGE_LOOP('',(#806,#807,#808));
#3262=EDGE_LOOP('',(#809,#810,#811,#812));
#3263=EDGE_LOOP('',(#813,#814,#815,#816));
#3264=EDGE_LOOP('',(#817,#818,#819));
#3265=EDGE_LOOP('',(#820,#821,#822,#823));
#3266=EDGE_LOOP('',(#824,#825,#826,#827));
#3267=EDGE_LOOP('',(#828,#829,#830));
#3268=EDGE_LOOP('',(#831,#832,#833,#834));
#3269=EDGE_LOOP('',(#835,#836,#837,#838));
#3270=EDGE_LOOP('',(#839,#840,#841));
#3271=EDGE_LOOP('',(#842,#843,#844,#845));
#3272=EDGE_LOOP('',(#846,#847,#848,#849));
#3273=EDGE_LOOP('',(#850,#851,#852,#853));
#3274=EDGE_LOOP('',(#854,#855,#856,#857));
#3275=EDGE_LOOP('',(#858,#859,#860,#861));
#3276=EDGE_LOOP('',(#862,#863,#864,#865));
#3277=EDGE_LOOP('',(#866,#867,#868,#869));
#3278=EDGE_LOOP('',(#870,#871,#872,#873));
#3279=EDGE_LOOP('',(#874,#875,#876,#877));
#3280=EDGE_LOOP('',(#878,#879,#880,#881));
#3281=EDGE_LOOP('',(#882,#883,#884,#885));
#3282=EDGE_LOOP('',(#886,#887,#888,#889));
#3283=EDGE_LOOP('',(#890,#891,#892,#893));
#3284=EDGE_LOOP('',(#894,#895,#896,#897));
#3285=EDGE_LOOP('',(#898,#899,#900,#901));
#3286=EDGE_LOOP('',(#902,#903,#904,#905));
#3287=EDGE_LOOP('',(#906,#907,#908,#909));
#3288=EDGE_LOOP('',(#910,#911,#912,#913));
#3289=EDGE_LOOP('',(#914,#915,#916,#917));
#3290=EDGE_LOOP('',(#918,#919,#920,#921));
#3291=EDGE_LOOP('',(#922,#923,#924,#925));
#3292=EDGE_LOOP('',(#926,#927,#928,#929));
#3293=EDGE_LOOP('',(#930,#931,#932,#933));
#3294=EDGE_LOOP('',(#934,#935,#936,#937));
#3295=EDGE_LOOP('',(#938,#939,#940,#941));
#3296=EDGE_LOOP('',(#942,#943,#944,#945));
#3297=EDGE_LOOP('',(#946,#947,#948,#949));
#3298=EDGE_LOOP('',(#950,#951,#952,#953));
#3299=EDGE_LOOP('',(#954,#955,#956,#957));
#3300=EDGE_LOOP('',(#958,#959,#960,#961));
#3301=EDGE_LOOP('',(#962,#963,#964,#965));
#3302=EDGE_LOOP('',(#966,#967,#968,#969));
#3303=EDGE_LOOP('',(#970,#971,#972,#973));
#3304=EDGE_LOOP('',(#974,#975,#976,#977));
#3305=EDGE_LOOP('',(#978,#979,#980,#981,#982,#983,#984));
#3306=EDGE_LOOP('',(#985,#986,#987,#988,#989,#990,#991,#992));
#3307=EDGE_LOOP('',(#993,#994,#995,#996,#997,#998,#999,#1000));
#3308=EDGE_LOOP('',(#1001));
#3309=EDGE_LOOP('',(#1002));
#3310=EDGE_LOOP('',(#1003));
#3311=EDGE_LOOP('',(#1004));
#3312=EDGE_LOOP('',(#1005,#1006,#1007,#1008,#1009,#1010,#1011,#1012));
#3313=EDGE_LOOP('',(#1013,#1014,#1015,#1016,#1017,#1018,#1019,#1020));
#3314=EDGE_LOOP('',(#1021,#1022,#1023,#1024));
#3315=EDGE_LOOP('',(#1025,#1026,#1027,#1028,#1029,#1030,#1031,#1032,#1033,
#1034,#1035,#1036,#1037,#1038));
#3316=EDGE_LOOP('',(#1039,#1040,#1041,#1042));
#3317=EDGE_LOOP('',(#1043));
#3318=EDGE_LOOP('',(#1044));
#3319=EDGE_LOOP('',(#1045));
#3320=EDGE_LOOP('',(#1046));
#3321=EDGE_LOOP('',(#1047,#1048,#1049,#1050,#1051,#1052,#1053,#1054,#1055,
#1056,#1057,#1058,#1059,#1060,#1061,#1062,#1063,#1064,#1065,#1066,#1067,
#1068));
#3322=EDGE_LOOP('',(#1069,#1070,#1071,#1072,#1073,#1074,#1075,#1076));
#3323=EDGE_LOOP('',(#1077,#1078,#1079,#1080,#1081,#1082,#1083,#1084));
#3324=EDGE_LOOP('',(#1085,#1086,#1087,#1088,#1089,#1090,#1091,#1092));
#3325=EDGE_LOOP('',(#1093,#1094,#1095,#1096));
#3326=EDGE_LOOP('',(#1097,#1098,#1099,#1100));
#3327=EDGE_LOOP('',(#1101,#1102,#1103,#1104));
#3328=EDGE_LOOP('',(#1105,#1106,#1107,#1108));
#3329=EDGE_LOOP('',(#1109,#1110,#1111,#1112));
#3330=EDGE_LOOP('',(#1113,#1114,#1115,#1116));
#3331=EDGE_LOOP('',(#1117,#1118,#1119,#1120));
#3332=EDGE_LOOP('',(#1121));
#3333=EDGE_LOOP('',(#1122));
#3334=EDGE_LOOP('',(#1123));
#3335=EDGE_LOOP('',(#1124));
#3336=EDGE_LOOP('',(#1125));
#3337=EDGE_LOOP('',(#1126));
#3338=EDGE_LOOP('',(#1127));
#3339=EDGE_LOOP('',(#1128));
#3340=EDGE_LOOP('',(#1129,#1130,#1131,#1132));
#3341=EDGE_LOOP('',(#1133,#1134,#1135,#1136));
#3342=EDGE_LOOP('',(#1137,#1138,#1139,#1140));
#3343=EDGE_LOOP('',(#1141,#1142,#1143,#1144,#1145,#1146));
#3344=EDGE_LOOP('',(#1147,#1148,#1149,#1150,#1151,#1152));
#3345=EDGE_LOOP('',(#1153,#1154,#1155,#1156));
#3346=EDGE_LOOP('',(#1157,#1158,#1159,#1160));
#3347=EDGE_LOOP('',(#1161,#1162,#1163,#1164));
#3348=EDGE_LOOP('',(#1165,#1166,#1167,#1168));
#3349=EDGE_LOOP('',(#1169,#1170,#1171,#1172));
#3350=EDGE_LOOP('',(#1173,#1174,#1175,#1176));
#3351=EDGE_LOOP('',(#1177,#1178,#1179,#1180));
#3352=EDGE_LOOP('',(#1181,#1182,#1183,#1184));
#3353=EDGE_LOOP('',(#1185,#1186,#1187,#1188));
#3354=EDGE_LOOP('',(#1189,#1190,#1191,#1192));
#3355=EDGE_LOOP('',(#1193,#1194,#1195,#1196));
#3356=EDGE_LOOP('',(#1197,#1198,#1199,#1200));
#3357=EDGE_LOOP('',(#1201,#1202,#1203,#1204));
#3358=EDGE_LOOP('',(#1205,#1206,#1207,#1208));
#3359=EDGE_LOOP('',(#1209,#1210,#1211,#1212));
#3360=EDGE_LOOP('',(#1213,#1214,#1215,#1216));
#3361=EDGE_LOOP('',(#1217,#1218,#1219,#1220));
#3362=EDGE_LOOP('',(#1221,#1222,#1223));
#3363=EDGE_LOOP('',(#1224,#1225,#1226,#1227));
#3364=EDGE_LOOP('',(#1228,#1229,#1230,#1231));
#3365=EDGE_LOOP('',(#1232,#1233,#1234));
#3366=EDGE_LOOP('',(#1235,#1236,#1237,#1238));
#3367=EDGE_LOOP('',(#1239,#1240,#1241,#1242));
#3368=EDGE_LOOP('',(#1243,#1244,#1245,#1246));
#3369=EDGE_LOOP('',(#1247,#1248,#1249,#1250));
#3370=EDGE_LOOP('',(#1251,#1252,#1253,#1254));
#3371=EDGE_LOOP('',(#1255,#1256,#1257,#1258));
#3372=EDGE_LOOP('',(#1259,#1260,#1261,#1262));
#3373=EDGE_LOOP('',(#1263,#1264,#1265,#1266));
#3374=EDGE_LOOP('',(#1267,#1268,#1269,#1270));
#3375=EDGE_LOOP('',(#1271,#1272,#1273,#1274));
#3376=EDGE_LOOP('',(#1275,#1276,#1277,#1278));
#3377=EDGE_LOOP('',(#1279,#1280,#1281,#1282));
#3378=EDGE_LOOP('',(#1283,#1284,#1285,#1286));
#3379=EDGE_LOOP('',(#1287,#1288,#1289,#1290));
#3380=EDGE_LOOP('',(#1291,#1292,#1293,#1294));
#3381=EDGE_LOOP('',(#1295,#1296,#1297,#1298));
#3382=EDGE_LOOP('',(#1299,#1300,#1301,#1302));
#3383=EDGE_LOOP('',(#1303,#1304,#1305,#1306));
#3384=EDGE_LOOP('',(#1307,#1308,#1309,#1310));
#3385=EDGE_LOOP('',(#1311,#1312,#1313,#1314));
#3386=EDGE_LOOP('',(#1315,#1316,#1317,#1318));
#3387=EDGE_LOOP('',(#1319,#1320,#1321,#1322));
#3388=EDGE_LOOP('',(#1323,#1324,#1325,#1326));
#3389=EDGE_LOOP('',(#1327,#1328,#1329,#1330));
#3390=EDGE_LOOP('',(#1331,#1332,#1333,#1334));
#3391=EDGE_LOOP('',(#1335,#1336,#1337,#1338));
#3392=EDGE_LOOP('',(#1339,#1340,#1341,#1342));
#3393=EDGE_LOOP('',(#1343,#1344,#1345,#1346));
#3394=EDGE_LOOP('',(#1347,#1348,#1349,#1350));
#3395=EDGE_LOOP('',(#1351,#1352,#1353,#1354,#1355,#1356,#1357,#1358));
#3396=EDGE_LOOP('',(#1359,#1360,#1361,#1362,#1363,#1364,#1365,#1366));
#3397=EDGE_LOOP('',(#1367,#1368,#1369,#1370));
#3398=EDGE_LOOP('',(#1371,#1372,#1373,#1374));
#3399=EDGE_LOOP('',(#1375,#1376,#1377,#1378));
#3400=EDGE_LOOP('',(#1379,#1380,#1381,#1382));
#3401=EDGE_LOOP('',(#1383,#1384,#1385,#1386));
#3402=EDGE_LOOP('',(#1387,#1388,#1389,#1390));
#3403=EDGE_LOOP('',(#1391,#1392,#1393,#1394));
#3404=EDGE_LOOP('',(#1395,#1396,#1397,#1398));
#3405=EDGE_LOOP('',(#1399));
#3406=EDGE_LOOP('',(#1400));
#3407=EDGE_LOOP('',(#1401));
#3408=EDGE_LOOP('',(#1402));
#3409=EDGE_LOOP('',(#1403,#1404,#1405,#1406,#1407,#1408,#1409,#1410));
#3410=EDGE_LOOP('',(#1411,#1412,#1413,#1414,#1415,#1416,#1417,#1418));
#3411=EDGE_LOOP('',(#1419,#1420,#1421,#1422));
#3412=EDGE_LOOP('',(#1423,#1424,#1425,#1426));
#3413=EDGE_LOOP('',(#1427,#1428,#1429,#1430));
#3414=EDGE_LOOP('',(#1431,#1432,#1433,#1434));
#3415=EDGE_LOOP('',(#1435));
#3416=EDGE_LOOP('',(#1436));
#3417=EDGE_LOOP('',(#1437));
#3418=EDGE_LOOP('',(#1438));
#3419=EDGE_LOOP('',(#1439));
#3420=EDGE_LOOP('',(#1440));
#3421=EDGE_LOOP('',(#1441));
#3422=EDGE_LOOP('',(#1442));
#3423=EDGE_LOOP('',(#1443));
#3424=EDGE_LOOP('',(#1444));
#3425=EDGE_LOOP('',(#1445));
#3426=EDGE_LOOP('',(#1446));
#3427=EDGE_LOOP('',(#1447,#1448,#1449,#1450));
#3428=EDGE_LOOP('',(#1451,#1452,#1453,#1454));
#3429=EDGE_LOOP('',(#1455,#1456,#1457,#1458));
#3430=EDGE_LOOP('',(#1459,#1460,#1461,#1462));
#3431=EDGE_LOOP('',(#1463,#1464,#1465,#1466));
#3432=EDGE_LOOP('',(#1467,#1468,#1469,#1470));
#3433=FACE_BOUND('',#3165,.T.);
#3434=FACE_BOUND('',#3166,.T.);
#3435=FACE_BOUND('',#3167,.T.);
#3436=FACE_BOUND('',#3168,.T.);
#3437=FACE_BOUND('',#3169,.T.);
#3438=FACE_BOUND('',#3170,.T.);
#3439=FACE_BOUND('',#3171,.T.);
#3440=FACE_BOUND('',#3172,.T.);
#3441=FACE_BOUND('',#3173,.T.);
#3442=FACE_BOUND('',#3174,.T.);
#3443=FACE_BOUND('',#3175,.T.);
#3444=FACE_BOUND('',#3176,.T.);
#3445=FACE_BOUND('',#3177,.T.);
#3446=FACE_BOUND('',#3178,.T.);
#3447=FACE_BOUND('',#3179,.T.);
#3448=FACE_BOUND('',#3180,.T.);
#3449=FACE_BOUND('',#3181,.T.);
#3450=FACE_BOUND('',#3182,.T.);
#3451=FACE_BOUND('',#3183,.T.);
#3452=FACE_BOUND('',#3184,.T.);
#3453=FACE_BOUND('',#3185,.T.);
#3454=FACE_BOUND('',#3186,.T.);
#3455=FACE_BOUND('',#3187,.T.);
#3456=FACE_BOUND('',#3188,.T.);
#3457=FACE_BOUND('',#3189,.T.);
#3458=FACE_BOUND('',#3190,.T.);
#3459=FACE_BOUND('',#3191,.T.);
#3460=FACE_BOUND('',#3192,.T.);
#3461=FACE_BOUND('',#3193,.T.);
#3462=FACE_BOUND('',#3194,.T.);
#3463=FACE_BOUND('',#3195,.T.);
#3464=FACE_BOUND('',#3196,.T.);
#3465=FACE_BOUND('',#3197,.T.);
#3466=FACE_BOUND('',#3198,.T.);
#3467=FACE_BOUND('',#3199,.T.);
#3468=FACE_BOUND('',#3200,.T.);
#3469=FACE_BOUND('',#3201,.T.);
#3470=FACE_BOUND('',#3202,.T.);
#3471=FACE_BOUND('',#3203,.T.);
#3472=FACE_BOUND('',#3204,.T.);
#3473=FACE_BOUND('',#3205,.T.);
#3474=FACE_BOUND('',#3206,.T.);
#3475=FACE_BOUND('',#3207,.T.);
#3476=FACE_BOUND('',#3208,.T.);
#3477=FACE_BOUND('',#3209,.T.);
#3478=FACE_BOUND('',#3210,.T.);
#3479=FACE_BOUND('',#3211,.T.);
#3480=FACE_BOUND('',#3212,.T.);
#3481=FACE_BOUND('',#3213,.T.);
#3482=FACE_BOUND('',#3214,.T.);
#3483=FACE_BOUND('',#3215,.T.);
#3484=FACE_BOUND('',#3216,.T.);
#3485=FACE_BOUND('',#3217,.T.);
#3486=FACE_BOUND('',#3218,.T.);
#3487=FACE_BOUND('',#3219,.T.);
#3488=FACE_BOUND('',#3220,.T.);
#3489=FACE_BOUND('',#3221,.T.);
#3490=FACE_BOUND('',#3222,.T.);
#3491=FACE_BOUND('',#3223,.T.);
#3492=FACE_BOUND('',#3224,.T.);
#3493=FACE_BOUND('',#3225,.T.);
#3494=FACE_BOUND('',#3226,.T.);
#3495=FACE_BOUND('',#3227,.T.);
#3496=FACE_BOUND('',#3228,.T.);
#3497=FACE_BOUND('',#3229,.T.);
#3498=FACE_BOUND('',#3230,.T.);
#3499=FACE_BOUND('',#3231,.T.);
#3500=FACE_BOUND('',#3232,.T.);
#3501=FACE_BOUND('',#3233,.T.);
#3502=FACE_BOUND('',#3234,.T.);
#3503=FACE_BOUND('',#3235,.T.);
#3504=FACE_BOUND('',#3236,.T.);
#3505=FACE_BOUND('',#3237,.T.);
#3506=FACE_BOUND('',#3238,.T.);
#3507=FACE_BOUND('',#3239,.T.);
#3508=FACE_BOUND('',#3240,.T.);
#3509=FACE_BOUND('',#3241,.T.);
#3510=FACE_BOUND('',#3242,.T.);
#3511=FACE_BOUND('',#3243,.T.);
#3512=FACE_BOUND('',#3244,.T.);
#3513=FACE_BOUND('',#3245,.T.);
#3514=FACE_BOUND('',#3246,.T.);
#3515=FACE_BOUND('',#3247,.T.);
#3516=FACE_BOUND('',#3248,.T.);
#3517=FACE_BOUND('',#3249,.T.);
#3518=FACE_BOUND('',#3250,.T.);
#3519=FACE_BOUND('',#3251,.T.);
#3520=FACE_BOUND('',#3252,.T.);
#3521=FACE_BOUND('',#3253,.T.);
#3522=FACE_BOUND('',#3254,.T.);
#3523=FACE_BOUND('',#3255,.T.);
#3524=FACE_BOUND('',#3256,.T.);
#3525=FACE_BOUND('',#3257,.T.);
#3526=FACE_BOUND('',#3258,.T.);
#3527=FACE_BOUND('',#3259,.T.);
#3528=FACE_BOUND('',#3260,.T.);
#3529=FACE_BOUND('',#3261,.T.);
#3530=FACE_BOUND('',#3262,.T.);
#3531=FACE_BOUND('',#3263,.T.);
#3532=FACE_BOUND('',#3264,.T.);
#3533=FACE_BOUND('',#3265,.T.);
#3534=FACE_BOUND('',#3266,.T.);
#3535=FACE_BOUND('',#3267,.T.);
#3536=FACE_BOUND('',#3268,.T.);
#3537=FACE_BOUND('',#3269,.T.);
#3538=FACE_BOUND('',#3270,.T.);
#3539=FACE_BOUND('',#3271,.T.);
#3540=FACE_BOUND('',#3272,.T.);
#3541=FACE_BOUND('',#3273,.T.);
#3542=FACE_BOUND('',#3274,.T.);
#3543=FACE_BOUND('',#3275,.T.);
#3544=FACE_BOUND('',#3276,.T.);
#3545=FACE_BOUND('',#3277,.T.);
#3546=FACE_BOUND('',#3278,.T.);
#3547=FACE_BOUND('',#3279,.T.);
#3548=FACE_BOUND('',#3280,.T.);
#3549=FACE_BOUND('',#3281,.T.);
#3550=FACE_BOUND('',#3282,.T.);
#3551=FACE_BOUND('',#3283,.T.);
#3552=FACE_BOUND('',#3284,.T.);
#3553=FACE_BOUND('',#3285,.T.);
#3554=FACE_BOUND('',#3286,.T.);
#3555=FACE_BOUND('',#3287,.T.);
#3556=FACE_BOUND('',#3288,.T.);
#3557=FACE_BOUND('',#3289,.T.);
#3558=FACE_BOUND('',#3290,.T.);
#3559=FACE_BOUND('',#3291,.T.);
#3560=FACE_BOUND('',#3292,.T.);
#3561=FACE_BOUND('',#3293,.T.);
#3562=FACE_BOUND('',#3294,.T.);
#3563=FACE_BOUND('',#3295,.T.);
#3564=FACE_BOUND('',#3296,.T.);
#3565=FACE_BOUND('',#3297,.T.);
#3566=FACE_BOUND('',#3298,.T.);
#3567=FACE_BOUND('',#3299,.T.);
#3568=FACE_BOUND('',#3300,.T.);
#3569=FACE_BOUND('',#3301,.T.);
#3570=FACE_BOUND('',#3302,.T.);
#3571=FACE_BOUND('',#3303,.T.);
#3572=FACE_BOUND('',#3304,.T.);
#3573=FACE_BOUND('',#3305,.T.);
#3574=FACE_BOUND('',#3306,.T.);
#3575=FACE_BOUND('',#3307,.T.);
#3576=FACE_BOUND('',#3308,.T.);
#3577=FACE_BOUND('',#3309,.T.);
#3578=FACE_BOUND('',#3310,.T.);
#3579=FACE_BOUND('',#3311,.T.);
#3580=FACE_BOUND('',#3312,.T.);
#3581=FACE_BOUND('',#3313,.T.);
#3582=FACE_BOUND('',#3314,.T.);
#3583=FACE_BOUND('',#3315,.T.);
#3584=FACE_BOUND('',#3316,.T.);
#3585=FACE_BOUND('',#3317,.T.);
#3586=FACE_BOUND('',#3318,.T.);
#3587=FACE_BOUND('',#3319,.T.);
#3588=FACE_BOUND('',#3320,.T.);
#3589=FACE_BOUND('',#3321,.T.);
#3590=FACE_BOUND('',#3322,.T.);
#3591=FACE_BOUND('',#3323,.T.);
#3592=FACE_BOUND('',#3324,.T.);
#3593=FACE_BOUND('',#3325,.T.);
#3594=FACE_BOUND('',#3326,.T.);
#3595=FACE_BOUND('',#3327,.T.);
#3596=FACE_BOUND('',#3328,.T.);
#3597=FACE_BOUND('',#3329,.T.);
#3598=FACE_BOUND('',#3330,.T.);
#3599=FACE_BOUND('',#3331,.T.);
#3600=FACE_BOUND('',#3332,.T.);
#3601=FACE_BOUND('',#3333,.T.);
#3602=FACE_BOUND('',#3334,.T.);
#3603=FACE_BOUND('',#3335,.T.);
#3604=FACE_BOUND('',#3336,.T.);
#3605=FACE_BOUND('',#3337,.T.);
#3606=FACE_BOUND('',#3338,.T.);
#3607=FACE_BOUND('',#3339,.T.);
#3608=FACE_BOUND('',#3340,.T.);
#3609=FACE_BOUND('',#3341,.T.);
#3610=FACE_BOUND('',#3342,.T.);
#3611=FACE_BOUND('',#3343,.T.);
#3612=FACE_BOUND('',#3344,.T.);
#3613=FACE_BOUND('',#3345,.T.);
#3614=FACE_BOUND('',#3346,.T.);
#3615=FACE_BOUND('',#3347,.T.);
#3616=FACE_BOUND('',#3348,.T.);
#3617=FACE_BOUND('',#3349,.T.);
#3618=FACE_BOUND('',#3350,.T.);
#3619=FACE_BOUND('',#3351,.T.);
#3620=FACE_BOUND('',#3352,.T.);
#3621=FACE_BOUND('',#3353,.T.);
#3622=FACE_BOUND('',#3354,.T.);
#3623=FACE_BOUND('',#3355,.T.);
#3624=FACE_BOUND('',#3356,.T.);
#3625=FACE_BOUND('',#3357,.T.);
#3626=FACE_BOUND('',#3358,.T.);
#3627=FACE_BOUND('',#3359,.T.);
#3628=FACE_BOUND('',#3360,.T.);
#3629=FACE_BOUND('',#3361,.T.);
#3630=FACE_BOUND('',#3362,.T.);
#3631=FACE_BOUND('',#3363,.T.);
#3632=FACE_BOUND('',#3364,.T.);
#3633=FACE_BOUND('',#3365,.T.);
#3634=FACE_BOUND('',#3366,.T.);
#3635=FACE_BOUND('',#3367,.T.);
#3636=FACE_BOUND('',#3368,.T.);
#3637=FACE_BOUND('',#3369,.T.);
#3638=FACE_BOUND('',#3370,.T.);
#3639=FACE_BOUND('',#3371,.T.);
#3640=FACE_BOUND('',#3372,.T.);
#3641=FACE_BOUND('',#3373,.T.);
#3642=FACE_BOUND('',#3374,.T.);
#3643=FACE_BOUND('',#3375,.T.);
#3644=FACE_BOUND('',#3376,.T.);
#3645=FACE_BOUND('',#3377,.T.);
#3646=FACE_BOUND('',#3378,.T.);
#3647=FACE_BOUND('',#3379,.T.);
#3648=FACE_BOUND('',#3380,.T.);
#3649=FACE_BOUND('',#3381,.T.);
#3650=FACE_BOUND('',#3382,.T.);
#3651=FACE_BOUND('',#3383,.T.);
#3652=FACE_BOUND('',#3384,.T.);
#3653=FACE_BOUND('',#3385,.T.);
#3654=FACE_BOUND('',#3386,.T.);
#3655=FACE_BOUND('',#3387,.T.);
#3656=FACE_BOUND('',#3388,.T.);
#3657=FACE_BOUND('',#3389,.T.);
#3658=FACE_BOUND('',#3390,.T.);
#3659=FACE_BOUND('',#3391,.T.);
#3660=FACE_BOUND('',#3392,.T.);
#3661=FACE_BOUND('',#3393,.T.);
#3662=FACE_BOUND('',#3394,.T.);
#3663=FACE_BOUND('',#3395,.T.);
#3664=FACE_BOUND('',#3396,.T.);
#3665=FACE_BOUND('',#3397,.T.);
#3666=FACE_BOUND('',#3398,.T.);
#3667=FACE_BOUND('',#3399,.T.);
#3668=FACE_BOUND('',#3400,.T.);
#3669=FACE_BOUND('',#3401,.T.);
#3670=FACE_BOUND('',#3402,.T.);
#3671=FACE_BOUND('',#3403,.T.);
#3672=FACE_BOUND('',#3404,.T.);
#3673=FACE_BOUND('',#3405,.T.);
#3674=FACE_BOUND('',#3406,.T.);
#3675=FACE_BOUND('',#3407,.T.);
#3676=FACE_BOUND('',#3408,.T.);
#3677=FACE_BOUND('',#3409,.T.);
#3678=FACE_BOUND('',#3410,.T.);
#3679=FACE_BOUND('',#3411,.T.);
#3680=FACE_BOUND('',#3412,.T.);
#3681=FACE_BOUND('',#3413,.T.);
#3682=FACE_BOUND('',#3414,.T.);
#3683=FACE_BOUND('',#3415,.T.);
#3684=FACE_BOUND('',#3416,.T.);
#3685=FACE_BOUND('',#3417,.T.);
#3686=FACE_BOUND('',#3418,.T.);
#3687=FACE_BOUND('',#3419,.T.);
#3688=FACE_BOUND('',#3420,.T.);
#3689=FACE_BOUND('',#3421,.T.);
#3690=FACE_BOUND('',#3422,.T.);
#3691=FACE_BOUND('',#3423,.T.);
#3692=FACE_BOUND('',#3424,.T.);
#3693=FACE_BOUND('',#3425,.T.);
#3694=FACE_BOUND('',#3426,.T.);
#3695=FACE_BOUND('',#3427,.T.);
#3696=FACE_BOUND('',#3428,.T.);
#3697=FACE_BOUND('',#3429,.T.);
#3698=FACE_BOUND('',#3430,.T.);
#3699=FACE_BOUND('',#3431,.T.);
#3700=FACE_BOUND('',#3432,.T.);
#3701=PLANE('',#4113);
#3702=PLANE('',#4114);
#3703=PLANE('',#4119);
#3704=PLANE('',#4120);
#3705=PLANE('',#4125);
#3706=PLANE('',#4126);
#3707=PLANE('',#4127);
#3708=PLANE('',#4128);
#3709=PLANE('',#4129);
#3710=PLANE('',#4130);
#3711=PLANE('',#4131);
#3712=PLANE('',#4156);
#3713=PLANE('',#4157);
#3714=PLANE('',#4158);
#3715=PLANE('',#4159);
#3716=PLANE('',#4160);
#3717=PLANE('',#4161);
#3718=PLANE('',#4162);
#3719=PLANE('',#4164);
#3720=PLANE('',#4165);
#3721=PLANE('',#4166);
#3722=PLANE('',#4167);
#3723=PLANE('',#4168);
#3724=PLANE('',#4175);
#3725=PLANE('',#4176);
#3726=PLANE('',#4177);
#3727=PLANE('',#4178);
#3728=PLANE('',#4203);
#3729=PLANE('',#4220);
#3730=PLANE('',#4222);
#3731=PLANE('',#4223);
#3732=PLANE('',#4225);
#3733=PLANE('',#4226);
#3734=PLANE('',#4227);
#3735=PLANE('',#4228);
#3736=PLANE('',#4229);
#3737=PLANE('',#4240);
#3738=PLANE('',#4241);
#3739=PLANE('',#4250);
#3740=PLANE('',#4251);
#3741=PLANE('',#4252);
#3742=PLANE('',#4253);
#3743=PLANE('',#4254);
#3744=PLANE('',#4255);
#3745=PLANE('',#4256);
#3746=PLANE('',#4257);
#3747=PLANE('',#4258);
#3748=PLANE('',#4259);
#3749=PLANE('',#4260);
#3750=PLANE('',#4261);
#3751=PLANE('',#4262);
#3752=PLANE('',#4263);
#3753=PLANE('',#4264);
#3754=PLANE('',#4265);
#3755=PLANE('',#4268);
#3756=PLANE('',#4271);
#3757=PLANE('',#4323);
#3758=PLANE('',#4324);
#3759=PLANE('',#4325);
#3760=PLANE('',#4326);
#3761=PLANE('',#4327);
#3762=PLANE('',#4328);
#3763=PLANE('',#4329);
#3764=PLANE('',#4330);
#3765=PLANE('',#4332);
#3766=PLANE('',#4349);
#3767=PLANE('',#4356);
#3768=PLANE('',#4383);
#3769=PLANE('',#4384);
#3770=PLANE('',#4385);
#3771=PLANE('',#4386);
#3772=PLANE('',#4387);
#3773=PLANE('',#4388);
#3774=PLANE('',#4389);
#3775=PLANE('',#4394);
#3776=PLANE('',#4395);
#3777=PLANE('',#4396);
#3778=PLANE('',#4397);
#3779=PLANE('',#4398);
#3780=PLANE('',#4399);
#3781=PLANE('',#4400);
#3782=PLANE('',#4401);
#3783=PLANE('',#4402);
#3784=PLANE('',#4403);
#3785=PLANE('',#4404);
#3786=PLANE('',#4405);
#3787=PLANE('',#4406);
#3788=PLANE('',#4407);
#3789=PLANE('',#4408);
#3790=PLANE('',#4409);
#3791=PLANE('',#4410);
#3792=PLANE('',#4411);
#3793=PLANE('',#4451);
#3794=PLANE('',#4453);
#3795=PLANE('',#4454);
#3796=PLANE('',#4455);
#3797=PLANE('',#4456);
#3798=PLANE('',#4457);
#3799=PLANE('',#4462);
#3800=PLANE('',#4472);
#3801=PLANE('',#4473);
#3802=PLANE('',#4474);
#3803=PLANE('',#4475);
#3804=PLANE('',#4476);
#3805=PLANE('',#4485);
#3806=PLANE('',#4494);
#3807=PLANE('',#4497);
#3808=PLANE('',#4500);
#3809=PLANE('',#4503);
#3810=PLANE('',#4507);
#3811=PLANE('',#4508);
#3812=PLANE('',#4509);
#3813=PLANE('',#4510);
#3814=PLANE('',#4511);
#3815=PLANE('',#4512);
#3816=ADVANCED_FACE('',(#3433),#3701,.F.);
#3817=ADVANCED_FACE('',(#3434,#3435,#3436),#3702,.F.);
#3818=ADVANCED_FACE('',(#3437),#3703,.F.);
#3819=ADVANCED_FACE('',(#3438,#3439),#3704,.F.);
#3820=ADVANCED_FACE('',(#3440),#3705,.T.);
#3821=ADVANCED_FACE('',(#3441),#3706,.F.);
#3822=ADVANCED_FACE('',(#3442),#3707,.F.);
#3823=ADVANCED_FACE('',(#3443),#3708,.F.);
#3824=ADVANCED_FACE('',(#3444),#3709,.F.);
#3825=ADVANCED_FACE('',(#3445),#3710,.F.);
#3826=ADVANCED_FACE('',(#3446),#3711,.T.);
#3827=ADVANCED_FACE('',(#3447),#77,.T.);
#3828=ADVANCED_FACE('',(#3448),#78,.T.);
#3829=ADVANCED_FACE('',(#3449),#79,.T.);
#3830=ADVANCED_FACE('',(#3450),#80,.T.);
#3831=ADVANCED_FACE('',(#3451),#81,.T.);
#3832=ADVANCED_FACE('',(#3452),#73,.T.);
#3833=ADVANCED_FACE('',(#3453),#74,.T.);
#3834=ADVANCED_FACE('',(#3454),#82,.T.);
#3835=ADVANCED_FACE('',(#3455),#83,.T.);
#3836=ADVANCED_FACE('',(#3456),#75,.T.);
#3837=ADVANCED_FACE('',(#3457),#76,.T.);
#3838=ADVANCED_FACE('',(#3458),#84,.T.);
#3839=ADVANCED_FACE('',(#3459),#3712,.F.);
#3840=ADVANCED_FACE('',(#3460),#3713,.F.);
#3841=ADVANCED_FACE('',(#3461),#3714,.F.);
#3842=ADVANCED_FACE('',(#3462),#3715,.F.);
#3843=ADVANCED_FACE('',(#3463),#3716,.F.);
#3844=ADVANCED_FACE('',(#3464),#3717,.F.);
#3845=ADVANCED_FACE('',(#3465),#3718,.F.);
#3846=ADVANCED_FACE('',(#3466,#3467),#3719,.T.);
#3847=ADVANCED_FACE('',(#3468),#3720,.T.);
#3848=ADVANCED_FACE('',(#3469),#3721,.T.);
#3849=ADVANCED_FACE('',(#3470),#3722,.T.);
#3850=ADVANCED_FACE('',(#3471),#3723,.T.);
#3851=ADVANCED_FACE('',(#3472),#3724,.T.);
#3852=ADVANCED_FACE('',(#3473),#3725,.T.);
#3853=ADVANCED_FACE('',(#3474),#3726,.T.);
#3854=ADVANCED_FACE('',(#3475,#3476,#3477,#3478,#3479,#3480,#3481,#3482),
#3727,.T.);
#3855=ADVANCED_FACE('',(#3483,#3484,#3485,#3486,#3487,#3488,#3489,#3490),
#3728,.F.);
#3856=ADVANCED_FACE('',(#3491),#3729,.F.);
#3857=ADVANCED_FACE('',(#3492),#3730,.F.);
#3858=ADVANCED_FACE('',(#3493),#3731,.F.);
#3859=ADVANCED_FACE('',(#3494),#3732,.T.);
#3860=ADVANCED_FACE('',(#3495),#3733,.T.);
#3861=ADVANCED_FACE('',(#3496),#3734,.T.);
#3862=ADVANCED_FACE('',(#3497),#3735,.T.);
#3863=ADVANCED_FACE('',(#3498),#3736,.F.);
#3864=ADVANCED_FACE('',(#3499,#3500),#85,.F.);
#3865=ADVANCED_FACE('',(#3501,#3502),#86,.F.);
#3866=ADVANCED_FACE('',(#3503,#3504),#87,.F.);
#3867=ADVANCED_FACE('',(#3505,#3506),#88,.F.);
#3868=ADVANCED_FACE('',(#3507),#3737,.T.);
#3869=ADVANCED_FACE('',(#3508),#3738,.T.);
#3870=ADVANCED_FACE('',(#3509),#3739,.T.);
#3871=ADVANCED_FACE('',(#3510),#3740,.T.);
#3872=ADVANCED_FACE('',(#3511),#3741,.T.);
#3873=ADVANCED_FACE('',(#3512),#3742,.T.);
#3874=ADVANCED_FACE('',(#3513),#3743,.T.);
#3875=ADVANCED_FACE('',(#3514),#3744,.T.);
#3876=ADVANCED_FACE('',(#3515),#3745,.T.);
#3877=ADVANCED_FACE('',(#3516),#3746,.T.);
#3878=ADVANCED_FACE('',(#3517),#3747,.T.);
#3879=ADVANCED_FACE('',(#3518),#3748,.T.);
#3880=ADVANCED_FACE('',(#3519),#3749,.T.);
#3881=ADVANCED_FACE('',(#3520),#3750,.T.);
#3882=ADVANCED_FACE('',(#3521),#3751,.T.);
#3883=ADVANCED_FACE('',(#3522),#3752,.T.);
#3884=ADVANCED_FACE('',(#3523),#3753,.T.);
#3885=ADVANCED_FACE('',(#3524),#3754,.T.);
#3886=ADVANCED_FACE('',(#3525),#3755,.T.);
#3887=ADVANCED_FACE('',(#3526),#3756,.F.);
#3888=ADVANCED_FACE('',(#3527),#89,.T.);
#3889=ADVANCED_FACE('',(#3528),#90,.T.);
#3890=ADVANCED_FACE('',(#3529),#31,.T.);
#3891=ADVANCED_FACE('',(#3530),#91,.T.);
#3892=ADVANCED_FACE('',(#3531),#92,.T.);
#3893=ADVANCED_FACE('',(#3532),#32,.T.);
#3894=ADVANCED_FACE('',(#3533),#93,.T.);
#3895=ADVANCED_FACE('',(#3534),#94,.T.);
#3896=ADVANCED_FACE('',(#3535),#33,.T.);
#3897=ADVANCED_FACE('',(#3536),#95,.T.);
#3898=ADVANCED_FACE('',(#3537),#96,.T.);
#3899=ADVANCED_FACE('',(#3538),#34,.T.);
#3900=ADVANCED_FACE('',(#3539),#97,.T.);
#3901=ADVANCED_FACE('',(#3540),#98,.F.);
#3902=ADVANCED_FACE('',(#3541),#99,.F.);
#3903=ADVANCED_FACE('',(#3542),#100,.F.);
#3904=ADVANCED_FACE('',(#3543),#101,.F.);
#3905=ADVANCED_FACE('',(#3544),#102,.T.);
#3906=ADVANCED_FACE('',(#3545),#103,.T.);
#3907=ADVANCED_FACE('',(#3546),#104,.F.);
#3908=ADVANCED_FACE('',(#3547),#105,.F.);
#3909=ADVANCED_FACE('',(#3548),#106,.F.);
#3910=ADVANCED_FACE('',(#3549),#107,.F.);
#3911=ADVANCED_FACE('',(#3550),#108,.T.);
#3912=ADVANCED_FACE('',(#3551),#109,.T.);
#3913=ADVANCED_FACE('',(#3552),#110,.F.);
#3914=ADVANCED_FACE('',(#3553),#111,.F.);
#3915=ADVANCED_FACE('',(#3554),#112,.F.);
#3916=ADVANCED_FACE('',(#3555),#113,.F.);
#3917=ADVANCED_FACE('',(#3556),#114,.F.);
#3918=ADVANCED_FACE('',(#3557),#115,.F.);
#3919=ADVANCED_FACE('',(#3558),#116,.F.);
#3920=ADVANCED_FACE('',(#3559),#117,.F.);
#3921=ADVANCED_FACE('',(#3560),#118,.F.);
#3922=ADVANCED_FACE('',(#3561),#119,.F.);
#3923=ADVANCED_FACE('',(#3562),#120,.F.);
#3924=ADVANCED_FACE('',(#3563),#121,.F.);
#3925=ADVANCED_FACE('',(#3564),#122,.T.);
#3926=ADVANCED_FACE('',(#3565),#123,.T.);
#3927=ADVANCED_FACE('',(#3566),#3757,.T.);
#3928=ADVANCED_FACE('',(#3567),#3758,.T.);
#3929=ADVANCED_FACE('',(#3568),#3759,.T.);
#3930=ADVANCED_FACE('',(#3569),#3760,.T.);
#3931=ADVANCED_FACE('',(#3570),#3761,.T.);
#3932=ADVANCED_FACE('',(#3571),#3762,.T.);
#3933=ADVANCED_FACE('',(#3572),#3763,.T.);
#3934=ADVANCED_FACE('',(#3573),#3764,.F.);
#3935=ADVANCED_FACE('',(#3574,#3575,#3576,#3577,#3578,#3579,#3580,#3581,
#3582),#3765,.F.);
#3936=ADVANCED_FACE('',(#3583,#3584),#3766,.T.);
#3937=ADVANCED_FACE('',(#3585,#3586,#3587,#3588,#3589,#3590,#3591,#3592),
#3767,.T.);
#3938=ADVANCED_FACE('',(#3593),#3768,.F.);
#3939=ADVANCED_FACE('',(#3594),#3769,.F.);
#3940=ADVANCED_FACE('',(#3595),#3770,.F.);
#3941=ADVANCED_FACE('',(#3596),#3771,.F.);
#3942=ADVANCED_FACE('',(#3597),#3772,.F.);
#3943=ADVANCED_FACE('',(#3598),#3773,.F.);
#3944=ADVANCED_FACE('',(#3599),#3774,.F.);
#3945=ADVANCED_FACE('',(#3600,#3601),#124,.F.);
#3946=ADVANCED_FACE('',(#3602,#3603),#125,.F.);
#3947=ADVANCED_FACE('',(#3604,#3605),#126,.F.);
#3948=ADVANCED_FACE('',(#3606,#3607),#127,.F.);
#3949=ADVANCED_FACE('',(#3608),#3775,.F.);
#3950=ADVANCED_FACE('',(#3609),#3776,.F.);
#3951=ADVANCED_FACE('',(#3610),#3777,.F.);
#3952=ADVANCED_FACE('',(#3611),#3778,.T.);
#3953=ADVANCED_FACE('',(#3612),#3779,.T.);
#3954=ADVANCED_FACE('',(#3613),#3780,.T.);
#3955=ADVANCED_FACE('',(#3614),#3781,.T.);
#3956=ADVANCED_FACE('',(#3615),#3782,.T.);
#3957=ADVANCED_FACE('',(#3616),#3783,.T.);
#3958=ADVANCED_FACE('',(#3617),#3784,.T.);
#3959=ADVANCED_FACE('',(#3618),#3785,.T.);
#3960=ADVANCED_FACE('',(#3619),#3786,.T.);
#3961=ADVANCED_FACE('',(#3620),#3787,.T.);
#3962=ADVANCED_FACE('',(#3621),#3788,.T.);
#3963=ADVANCED_FACE('',(#3622),#3789,.T.);
#3964=ADVANCED_FACE('',(#3623),#3790,.T.);
#3965=ADVANCED_FACE('',(#3624),#3791,.T.);
#3966=ADVANCED_FACE('',(#3625),#3792,.T.);
#3967=ADVANCED_FACE('',(#3626),#128,.T.);
#3968=ADVANCED_FACE('',(#3627),#129,.T.);
#3969=ADVANCED_FACE('',(#3628),#130,.T.);
#3970=ADVANCED_FACE('',(#3629),#131,.T.);
#3971=ADVANCED_FACE('',(#3630),#35,.T.);
#3972=ADVANCED_FACE('',(#3631),#132,.T.);
#3973=ADVANCED_FACE('',(#3632),#133,.T.);
#3974=ADVANCED_FACE('',(#3633),#36,.T.);
#3975=ADVANCED_FACE('',(#3634),#134,.T.);
#3976=ADVANCED_FACE('',(#3635),#135,.T.);
#3977=ADVANCED_FACE('',(#3636),#136,.T.);
#3978=ADVANCED_FACE('',(#3637),#137,.F.);
#3979=ADVANCED_FACE('',(#3638),#138,.F.);
#3980=ADVANCED_FACE('',(#3639),#139,.F.);
#3981=ADVANCED_FACE('',(#3640),#140,.F.);
#3982=ADVANCED_FACE('',(#3641),#141,.F.);
#3983=ADVANCED_FACE('',(#3642),#142,.F.);
#3984=ADVANCED_FACE('',(#3643),#143,.F.);
#3985=ADVANCED_FACE('',(#3644),#144,.F.);
#3986=ADVANCED_FACE('',(#3645),#145,.F.);
#3987=ADVANCED_FACE('',(#3646),#146,.F.);
#3988=ADVANCED_FACE('',(#3647),#147,.F.);
#3989=ADVANCED_FACE('',(#3648),#148,.F.);
#3990=ADVANCED_FACE('',(#3649),#149,.F.);
#3991=ADVANCED_FACE('',(#3650),#150,.F.);
#3992=ADVANCED_FACE('',(#3651),#151,.F.);
#3993=ADVANCED_FACE('',(#3652),#152,.F.);
#3994=ADVANCED_FACE('',(#3653),#153,.T.);
#3995=ADVANCED_FACE('',(#3654),#154,.T.);
#3996=ADVANCED_FACE('',(#3655),#18,.T.);
#3997=ADVANCED_FACE('',(#3656),#19,.T.);
#3998=ADVANCED_FACE('',(#3657),#20,.T.);
#3999=ADVANCED_FACE('',(#3658),#3793,.T.);
#4000=ADVANCED_FACE('',(#3659),#3794,.T.);
#4001=ADVANCED_FACE('',(#3660),#3795,.T.);
#4002=ADVANCED_FACE('',(#3661),#3796,.T.);
#4003=ADVANCED_FACE('',(#3662),#3797,.T.);
#4004=ADVANCED_FACE('',(#3663),#3798,.F.);
#4005=ADVANCED_FACE('',(#3664),#3799,.T.);
#4006=ADVANCED_FACE('',(#3665),#155,.T.);
#4007=ADVANCED_FACE('',(#3666),#156,.T.);
#4008=ADVANCED_FACE('',(#3667),#157,.T.);
#4009=ADVANCED_FACE('',(#3668),#158,.T.);
#4010=ADVANCED_FACE('',(#3669),#3800,.T.);
#4011=ADVANCED_FACE('',(#3670),#3801,.T.);
#4012=ADVANCED_FACE('',(#3671),#3802,.T.);
#4013=ADVANCED_FACE('',(#3672),#3803,.T.);
#4014=ADVANCED_FACE('',(#3673,#3674,#3675,#3676,#3677),#3804,.F.);
#4015=ADVANCED_FACE('',(#3678),#3805,.T.);
#4016=ADVANCED_FACE('',(#3679),#159,.T.);
#4017=ADVANCED_FACE('',(#3680),#160,.T.);
#4018=ADVANCED_FACE('',(#3681),#161,.T.);
#4019=ADVANCED_FACE('',(#3682),#162,.T.);
#4020=ADVANCED_FACE('',(#3683),#3806,.F.);
#4021=ADVANCED_FACE('',(#3684,#3685),#163,.F.);
#4022=ADVANCED_FACE('',(#3686),#3807,.F.);
#4023=ADVANCED_FACE('',(#3687,#3688),#164,.F.);
#4024=ADVANCED_FACE('',(#3689),#3808,.F.);
#4025=ADVANCED_FACE('',(#3690,#3691),#165,.F.);
#4026=ADVANCED_FACE('',(#3692),#3809,.F.);
#4027=ADVANCED_FACE('',(#3693,#3694),#166,.F.);
#4028=ADVANCED_FACE('',(#3695),#3810,.F.);
#4029=ADVANCED_FACE('',(#3696),#3811,.F.);
#4030=ADVANCED_FACE('',(#3697),#3812,.F.);
#4031=ADVANCED_FACE('',(#3698),#3813,.F.);
#4032=ADVANCED_FACE('',(#3699),#3814,.T.);
#4033=ADVANCED_FACE('',(#3700),#3815,.F.);
#4034=CLOSED_SHELL('',(#3816,#3817,#3818,#3819,#3820,#3821,#3822,#3823,
#3824,#3825,#3826,#3827,#3828,#3829,#3830,#3831,#3832,#3833,#3834,#3835,
#3836,#3837,#3838,#3839,#3840,#3841,#3842,#3843,#3844,#3845));
#4035=CLOSED_SHELL('',(#3846,#3847,#3848,#3849,#3850,#3851,#3852,#3853,
#3854,#3855,#3856,#3857,#3858,#3859,#3860,#3861,#3862,#3863,#3864,#3865,
#3866,#3867,#3868,#3869,#3870,#3871,#3872,#3873,#3874,#3875,#3876,#3877,
#3878,#3879,#3880,#3881,#3882,#3883,#3884,#3885,#3886,#3887,#3888,#3889,
#3890,#3891,#3892,#3893,#3894,#3895,#3896,#3897,#3898,#3899,#3900,#3901,
#3902,#3903,#3904,#3905,#3906,#3907,#3908,#3909,#3910,#3911,#3912,#3913,
#3914,#3915,#3916,#3917,#3918,#3919,#3920,#3921,#3922,#3923,#3924,#3925,
#3926,#3927,#3928,#3929,#3930,#3931,#3932,#3933,#3934));
#4036=CLOSED_SHELL('',(#3935,#3936,#3937,#3938,#3939,#3940,#3941,#3942,
#3943,#3944,#3945,#3946,#3947,#3948,#3949,#3950,#3951,#3952,#3953,#3954,
#3955,#3956,#3957,#3958,#3959,#3960,#3961,#3962,#3963,#3964,#3965,#3966,
#3967,#3968,#3969,#3970,#3971,#3972,#3973,#3974,#3975,#3976,#3977,#3978,
#3979,#3980,#3981,#3982,#3983,#3984,#3985,#3986,#3987,#3988,#3989,#3990,
#3991,#3992,#3993,#3994,#3995,#3996,#3997,#3998,#3999));
#4037=CLOSED_SHELL('',(#4000,#4001,#4002,#4003,#4004,#4005,#4006,#4007,
#4008,#4009));
#4038=CLOSED_SHELL('',(#4010,#4011,#4012,#4013,#4014,#4015,#4016,#4017,
#4018,#4019,#4020,#4021,#4022,#4023,#4024,#4025,#4026,#4027));
#4039=CLOSED_SHELL('',(#4028,#4029,#4030,#4031,#4032,#4033));
#4040=STYLED_ITEM('',(#4046),#4092);
#4041=STYLED_ITEM('',(#4047),#4093);
#4042=STYLED_ITEM('',(#4048),#4094);
#4043=STYLED_ITEM('',(#4049),#4095);
#4044=STYLED_ITEM('',(#4050),#4096);
#4045=STYLED_ITEM('',(#4051),#4097);
#4046=PRESENTATION_STYLE_ASSIGNMENT((#4052));
#4047=PRESENTATION_STYLE_ASSIGNMENT((#4053));
#4048=PRESENTATION_STYLE_ASSIGNMENT((#4054));
#4049=PRESENTATION_STYLE_ASSIGNMENT((#4055));
#4050=PRESENTATION_STYLE_ASSIGNMENT((#4056));
#4051=PRESENTATION_STYLE_ASSIGNMENT((#4057));
#4052=SURFACE_STYLE_USAGE(.BOTH.,#4058);
#4053=SURFACE_STYLE_USAGE(.BOTH.,#4059);
#4054=SURFACE_STYLE_USAGE(.BOTH.,#4060);
#4055=SURFACE_STYLE_USAGE(.BOTH.,#4061);
#4056=SURFACE_STYLE_USAGE(.BOTH.,#4062);
#4057=SURFACE_STYLE_USAGE(.BOTH.,#4063);
#4058=SURFACE_SIDE_STYLE('',(#4070,#4064));
#4059=SURFACE_SIDE_STYLE('',(#4071,#4065));
#4060=SURFACE_SIDE_STYLE('',(#4072,#4066));
#4061=SURFACE_SIDE_STYLE('',(#4073));
#4062=SURFACE_SIDE_STYLE('',(#4074));
#4063=SURFACE_SIDE_STYLE('',(#4075));
#4064=SURFACE_STYLE_RENDERING_WITH_PROPERTIES(.CONSTANT_SHADING.,#4088,
(#4067));
#4065=SURFACE_STYLE_RENDERING_WITH_PROPERTIES(.CONSTANT_SHADING.,#4088,
(#4068));
#4066=SURFACE_STYLE_RENDERING_WITH_PROPERTIES(.CONSTANT_SHADING.,#4088,
(#4069));
#4067=SURFACE_STYLE_TRANSPARENT(0.5);
#4068=SURFACE_STYLE_TRANSPARENT(0.5);
#4069=SURFACE_STYLE_TRANSPARENT(0.5);
#4070=SURFACE_STYLE_FILL_AREA(#4076);
#4071=SURFACE_STYLE_FILL_AREA(#4077);
#4072=SURFACE_STYLE_FILL_AREA(#4078);
#4073=SURFACE_STYLE_FILL_AREA(#4079);
#4074=SURFACE_STYLE_FILL_AREA(#4080);
#4075=SURFACE_STYLE_FILL_AREA(#4081);
#4076=FILL_AREA_STYLE('',(#4082));
#4077=FILL_AREA_STYLE('',(#4083));
#4078=FILL_AREA_STYLE('',(#4084));
#4079=FILL_AREA_STYLE('',(#4085));
#4080=FILL_AREA_STYLE('',(#4086));
#4081=FILL_AREA_STYLE('',(#4087));
#4082=FILL_AREA_STYLE_COLOUR('',#4088);
#4083=FILL_AREA_STYLE_COLOUR('',#4088);
#4084=FILL_AREA_STYLE_COLOUR('',#4088);
#4085=FILL_AREA_STYLE_COLOUR('',#4089);
#4086=FILL_AREA_STYLE_COLOUR('',#4090);
#4087=FILL_AREA_STYLE_COLOUR('',#4091);
#4088=COLOUR_RGB('',0.24705882370472,0.24705882370472,0.24705882370472);
#4089=COLOUR_RGB('',0.800000011920929,0.756862759590149,0.);
#4090=COLOUR_RGB('',0.800000011920929,0.,0.);
#4091=COLOUR_RGB('',0.,0.24705882370472,0.749019622802734);
#4092=MANIFOLD_SOLID_BREP('',#4034);
#4093=MANIFOLD_SOLID_BREP('',#4035);
#4094=MANIFOLD_SOLID_BREP('',#4036);
#4095=MANIFOLD_SOLID_BREP('',#4037);
#4096=MANIFOLD_SOLID_BREP('',#4038);
#4097=MANIFOLD_SOLID_BREP('',#4039);
#4098=SHAPE_DEFINITION_REPRESENTATION(#7011,#4105);
#4099=SHAPE_DEFINITION_REPRESENTATION(#7010,#4106);
#4100=SHAPE_DEFINITION_REPRESENTATION(#7013,#4107);
#4101=SHAPE_DEFINITION_REPRESENTATION(#7015,#4108);
#4102=SHAPE_DEFINITION_REPRESENTATION(#7017,#4109);
#4103=SHAPE_DEFINITION_REPRESENTATION(#7019,#4110);
#4104=SHAPE_DEFINITION_REPRESENTATION(#7021,#4111);
#4105=SHAPE_REPRESENTATION('Bottenplatta',(#4112),#6994);
#4106=SHAPE_REPRESENTATION(
'Monterad h√•llare med batteri och tryckplatta',(#4112,#4163,#4331,#4452,
#4471,#4506,#4513),#6993);
#4107=SHAPE_REPRESENTATION('Platta med vertikalt stˆd',(#4112),#6995);
#4108=SHAPE_REPRESENTATION('Top',(#4112),#6996);
#4109=SHAPE_REPRESENTATION('Stˆdplatta fˆr scanning',(#4112),#6997);
#4110=SHAPE_REPRESENTATION('Tryckplatta',(#4112),#6998);
#4111=SHAPE_REPRESENTATION('Batteri',(#4112),#6999);
#4112=AXIS2_PLACEMENT_3D('',#5696,#4514,#4515);
#4113=AXIS2_PLACEMENT_3D('',#5697,#4516,#4517);
#4114=AXIS2_PLACEMENT_3D('',#5706,#4522,#4523);
#4115=AXIS2_PLACEMENT_3D('',#5721,#4531,#4532);
#4116=AXIS2_PLACEMENT_3D('',#5726,#4534,#4535);
#4117=AXIS2_PLACEMENT_3D('',#5730,#4537,#4538);
#4118=AXIS2_PLACEMENT_3D('',#5734,#4540,#4541);
#4119=AXIS2_PLACEMENT_3D('',#5745,#4547,#4548);
#4120=AXIS2_PLACEMENT_3D('',#5754,#4553,#4554);
#4121=AXIS2_PLACEMENT_3D('',#5769,#4562,#4563);
#4122=AXIS2_PLACEMENT_3D('',#5773,#4565,#4566);
#4123=AXIS2_PLACEMENT_3D('',#5774,#4567,#4568);
#4124=AXIS2_PLACEMENT_3D('',#5778,#4570,#4571);
#4125=AXIS2_PLACEMENT_3D('',#5779,#4572,#4573);
#4126=AXIS2_PLACEMENT_3D('',#5785,#4577,#4578);
#4127=AXIS2_PLACEMENT_3D('',#5791,#4582,#4583);
#4128=AXIS2_PLACEMENT_3D('',#5797,#4587,#4588);
#4129=AXIS2_PLACEMENT_3D('',#5801,#4591,#4592);
#4130=AXIS2_PLACEMENT_3D('',#5805,#4595,#4596);
#4131=AXIS2_PLACEMENT_3D('',#5807,#4598,#4599);
#4132=AXIS2_PLACEMENT_3D('',#5808,#4600,#4601);
#4133=AXIS2_PLACEMENT_3D('',#5809,#4602,#4603);
#4134=AXIS2_PLACEMENT_3D('',#5810,#4604,#4605);
#4135=AXIS2_PLACEMENT_3D('',#5811,#4606,#4607);
#4136=AXIS2_PLACEMENT_3D('',#5812,#4608,#4609);
#4137=AXIS2_PLACEMENT_3D('',#5813,#4610,#4611);
#4138=AXIS2_PLACEMENT_3D('',#5814,#4612,#4613);
#4139=AXIS2_PLACEMENT_3D('',#5815,#4614,#4615);
#4140=AXIS2_PLACEMENT_3D('',#5816,#4616,#4617);
#4141=AXIS2_PLACEMENT_3D('',#5817,#4618,#4619);
#4142=AXIS2_PLACEMENT_3D('',#5818,#4620,#4621);
#4143=AXIS2_PLACEMENT_3D('',#5819,#4622,#4623);
#4144=AXIS2_PLACEMENT_3D('',#5820,#4624,#4625);
#4145=AXIS2_PLACEMENT_3D('',#5821,#4626,#4627);
#4146=AXIS2_PLACEMENT_3D('',#5822,#4628,#4629);
#4147=AXIS2_PLACEMENT_3D('',#5823,#4630,#4631);
#4148=AXIS2_PLACEMENT_3D('',#5824,#4632,#4633);
#4149=AXIS2_PLACEMENT_3D('',#5825,#4634,#4635);
#4150=AXIS2_PLACEMENT_3D('',#5826,#4636,#4637);
#4151=AXIS2_PLACEMENT_3D('',#5827,#4638,#4639);
#4152=AXIS2_PLACEMENT_3D('',#5828,#4640,#4641);
#4153=AXIS2_PLACEMENT_3D('',#5829,#4642,#4643);
#4154=AXIS2_PLACEMENT_3D('',#5830,#4644,#4645);
#4155=AXIS2_PLACEMENT_3D('',#5831,#4646,#4647);
#4156=AXIS2_PLACEMENT_3D('',#5832,#4648,#4649);
#4157=AXIS2_PLACEMENT_3D('',#5835,#4652,#4653);
#4158=AXIS2_PLACEMENT_3D('',#5837,#4655,#4656);
#4159=AXIS2_PLACEMENT_3D('',#5839,#4658,#4659);
#4160=AXIS2_PLACEMENT_3D('',#5841,#4661,#4662);
#4161=AXIS2_PLACEMENT_3D('',#5843,#4664,#4665);
#4162=AXIS2_PLACEMENT_3D('',#5845,#4667,#4668);
#4163=AXIS2_PLACEMENT_3D('',#5846,#4669,#4670);
#4164=AXIS2_PLACEMENT_3D('',#5847,#4671,#4672);
#4165=AXIS2_PLACEMENT_3D('',#5870,#4684,#4685);
#4166=AXIS2_PLACEMENT_3D('',#5879,#4690,#4691);
#4167=AXIS2_PLACEMENT_3D('',#5888,#4696,#4697);
#4168=AXIS2_PLACEMENT_3D('',#5897,#4702,#4703);
#4169=AXIS2_PLACEMENT_3D('',#5898,#4704,#4705);
#4170=AXIS2_PLACEMENT_3D('',#5914,#4713,#4714);
#4171=AXIS2_PLACEMENT_3D('',#5918,#4716,#4717);
#4172=AXIS2_PLACEMENT_3D('',#5922,#4719,#4720);
#4173=AXIS2_PLACEMENT_3D('',#5923,#4721,#4722);
#4174=AXIS2_PLACEMENT_3D('',#5927,#4724,#4725);
#4175=AXIS2_PLACEMENT_3D('',#5928,#4726,#4727);
#4176=AXIS2_PLACEMENT_3D('',#5937,#4732,#4733);
#4177=AXIS2_PLACEMENT_3D('',#5946,#4738,#4739);
#4178=AXIS2_PLACEMENT_3D('',#5952,#4743,#4744);
#4179=AXIS2_PLACEMENT_3D('',#5955,#4746,#4747);
#4180=AXIS2_PLACEMENT_3D('',#5956,#4748,#4749);
#4181=AXIS2_PLACEMENT_3D('',#5960,#4751,#4752);
#4182=AXIS2_PLACEMENT_3D('',#5964,#4754,#4755);
#4183=AXIS2_PLACEMENT_3D('',#5968,#4757,#4758);
#4184=AXIS2_PLACEMENT_3D('',#5972,#4760,#4761);
#4185=AXIS2_PLACEMENT_3D('',#5977,#4764,#4765);
#4186=AXIS2_PLACEMENT_3D('',#5981,#4767,#4768);
#4187=AXIS2_PLACEMENT_3D('',#5984,#4770,#4771);
#4188=AXIS2_PLACEMENT_3D('',#5986,#4772,#4773);
#4189=AXIS2_PLACEMENT_3D('',#5988,#4774,#4775);
#4190=AXIS2_PLACEMENT_3D('',#5990,#4776,#4777);
#4191=AXIS2_PLACEMENT_3D('',#5995,#4779,#4780);
#4192=AXIS2_PLACEMENT_3D('',#5999,#4782,#4783);
#4193=AXIS2_PLACEMENT_3D('',#6003,#4785,#4786);
#4194=AXIS2_PLACEMENT_3D('',#6007,#4788,#4789);
#4195=AXIS2_PLACEMENT_3D('',#6011,#4791,#4792);
#4196=AXIS2_PLACEMENT_3D('',#6015,#4794,#4795);
#4197=AXIS2_PLACEMENT_3D('',#6019,#4797,#4798);
#4198=AXIS2_PLACEMENT_3D('',#6023,#4800,#4801);
#4199=AXIS2_PLACEMENT_3D('',#6027,#4803,#4804);
#4200=AXIS2_PLACEMENT_3D('',#6031,#4806,#4807);
#4201=AXIS2_PLACEMENT_3D('',#6035,#4809,#4810);
#4202=AXIS2_PLACEMENT_3D('',#6039,#4812,#4813);
#4203=AXIS2_PLACEMENT_3D('',#6040,#4814,#4815);
#4204=AXIS2_PLACEMENT_3D('',#6044,#4817,#4818);
#4205=AXIS2_PLACEMENT_3D('',#6048,#4820,#4821);
#4206=AXIS2_PLACEMENT_3D('',#6052,#4823,#4824);
#4207=AXIS2_PLACEMENT_3D('',#6056,#4826,#4827);
#4208=AXIS2_PLACEMENT_3D('',#6073,#4836,#4837);
#4209=AXIS2_PLACEMENT_3D('',#6075,#4838,#4839);
#4210=AXIS2_PLACEMENT_3D('',#6077,#4840,#4841);
#4211=AXIS2_PLACEMENT_3D('',#6079,#4842,#4843);
#4212=AXIS2_PLACEMENT_3D('',#6084,#4845,#4846);
#4213=AXIS2_PLACEMENT_3D('',#6088,#4848,#4849);
#4214=AXIS2_PLACEMENT_3D('',#6092,#4851,#4852);
#4215=AXIS2_PLACEMENT_3D('',#6096,#4854,#4855);
#4216=AXIS2_PLACEMENT_3D('',#6100,#4857,#4858);
#4217=AXIS2_PLACEMENT_3D('',#6104,#4860,#4861);
#4218=AXIS2_PLACEMENT_3D('',#6108,#4863,#4864);
#4219=AXIS2_PLACEMENT_3D('',#6112,#4866,#4867);
#4220=AXIS2_PLACEMENT_3D('',#6113,#4868,#4869);
#4221=AXIS2_PLACEMENT_3D('',#6114,#4870,#4871);
#4222=AXIS2_PLACEMENT_3D('',#6124,#4877,#4878);
#4223=AXIS2_PLACEMENT_3D('',#6130,#4882,#4883);
#4224=AXIS2_PLACEMENT_3D('',#6131,#4884,#4885);
#4225=AXIS2_PLACEMENT_3D('',#6141,#4891,#4892);
#4226=AXIS2_PLACEMENT_3D('',#6147,#4896,#4897);
#4227=AXIS2_PLACEMENT_3D('',#6153,#4901,#4902);
#4228=AXIS2_PLACEMENT_3D('',#6159,#4906,#4907);
#4229=AXIS2_PLACEMENT_3D('',#6165,#4911,#4912);
#4230=AXIS2_PLACEMENT_3D('',#6166,#4913,#4914);
#4231=AXIS2_PLACEMENT_3D('',#6167,#4915,#4916);
#4232=AXIS2_PLACEMENT_3D('',#6168,#4917,#4918);
#4233=AXIS2_PLACEMENT_3D('',#6176,#4922,#4923);
#4234=AXIS2_PLACEMENT_3D('',#6177,#4924,#4925);
#4235=AXIS2_PLACEMENT_3D('',#6178,#4926,#4927);
#4236=AXIS2_PLACEMENT_3D('',#6179,#4928,#4929);
#4237=AXIS2_PLACEMENT_3D('',#6180,#4930,#4931);
#4238=AXIS2_PLACEMENT_3D('',#6181,#4932,#4933);
#4239=AXIS2_PLACEMENT_3D('',#6182,#4934,#4935);
#4240=AXIS2_PLACEMENT_3D('',#6183,#4936,#4937);
#4241=AXIS2_PLACEMENT_3D('',#6185,#4939,#4940);
#4242=AXIS2_PLACEMENT_3D('',#6188,#4942,#4943);
#4243=AXIS2_PLACEMENT_3D('',#6189,#4944,#4945);
#4244=AXIS2_PLACEMENT_3D('',#6193,#4947,#4948);
#4245=AXIS2_PLACEMENT_3D('',#6194,#4949,#4950);
#4246=AXIS2_PLACEMENT_3D('',#6198,#4952,#4953);
#4247=AXIS2_PLACEMENT_3D('',#6199,#4954,#4955);
#4248=AXIS2_PLACEMENT_3D('',#6205,#4958,#4959);
#4249=AXIS2_PLACEMENT_3D('',#6206,#4960,#4961);
#4250=AXIS2_PLACEMENT_3D('',#6207,#4962,#4963);
#4251=AXIS2_PLACEMENT_3D('',#6213,#4967,#4968);
#4252=AXIS2_PLACEMENT_3D('',#6216,#4971,#4972);
#4253=AXIS2_PLACEMENT_3D('',#6219,#4975,#4976);
#4254=AXIS2_PLACEMENT_3D('',#6222,#4979,#4980);
#4255=AXIS2_PLACEMENT_3D('',#6225,#4983,#4984);
#4256=AXIS2_PLACEMENT_3D('',#6228,#4987,#4988);
#4257=AXIS2_PLACEMENT_3D('',#6231,#4991,#4992);
#4258=AXIS2_PLACEMENT_3D('',#6234,#4995,#4996);
#4259=AXIS2_PLACEMENT_3D('',#6237,#4999,#5000);
#4260=AXIS2_PLACEMENT_3D('',#6240,#5003,#5004);
#4261=AXIS2_PLACEMENT_3D('',#6243,#5007,#5008);
#4262=AXIS2_PLACEMENT_3D('',#6246,#5011,#5012);
#4263=AXIS2_PLACEMENT_3D('',#6249,#5015,#5016);
#4264=AXIS2_PLACEMENT_3D('',#6252,#5019,#5020);
#4265=AXIS2_PLACEMENT_3D('',#6255,#5023,#5024);
#4266=AXIS2_PLACEMENT_3D('',#6257,#5026,#5027);
#4267=AXIS2_PLACEMENT_3D('',#6259,#5029,#5030);
#4268=AXIS2_PLACEMENT_3D('',#6261,#5032,#5033);
#4269=AXIS2_PLACEMENT_3D('',#6264,#5036,#5037);
#4270=AXIS2_PLACEMENT_3D('',#6266,#5039,#5040);
#4271=AXIS2_PLACEMENT_3D('',#6267,#5041,#5042);
#4272=AXIS2_PLACEMENT_3D('',#6268,#5043,#5044);
#4273=AXIS2_PLACEMENT_3D('',#6269,#5045,#5046);
#4274=AXIS2_PLACEMENT_3D('',#6270,#5047,#5048);
#4275=AXIS2_PLACEMENT_3D('',#6271,#5049,#5050);
#4276=AXIS2_PLACEMENT_3D('',#6272,#5051,#5052);
#4277=AXIS2_PLACEMENT_3D('',#6273,#5053,#5054);
#4278=AXIS2_PLACEMENT_3D('',#6274,#5055,#5056);
#4279=AXIS2_PLACEMENT_3D('',#6275,#5057,#5058);
#4280=AXIS2_PLACEMENT_3D('',#6276,#5059,#5060);
#4281=AXIS2_PLACEMENT_3D('',#6277,#5061,#5062);
#4282=AXIS2_PLACEMENT_3D('',#6278,#5063,#5064);
#4283=AXIS2_PLACEMENT_3D('',#6279,#5065,#5066);
#4284=AXIS2_PLACEMENT_3D('',#6280,#5067,#5068);
#4285=AXIS2_PLACEMENT_3D('',#6281,#5069,#5070);
#4286=AXIS2_PLACEMENT_3D('',#6282,#5071,#5072);
#4287=AXIS2_PLACEMENT_3D('',#6283,#5073,#5074);
#4288=AXIS2_PLACEMENT_3D('',#6284,#5075,#5076);
#4289=AXIS2_PLACEMENT_3D('',#6285,#5077,#5078);
#4290=AXIS2_PLACEMENT_3D('',#6286,#5079,#5080);
#4291=AXIS2_PLACEMENT_3D('',#6287,#5081,#5082);
#4292=AXIS2_PLACEMENT_3D('',#6288,#5083,#5084);
#4293=AXIS2_PLACEMENT_3D('',#6289,#5085,#5086);
#4294=AXIS2_PLACEMENT_3D('',#6290,#5087,#5088);
#4295=AXIS2_PLACEMENT_3D('',#6291,#5089,#5090);
#4296=AXIS2_PLACEMENT_3D('',#6292,#5091,#5092);
#4297=AXIS2_PLACEMENT_3D('',#6293,#5093,#5094);
#4298=AXIS2_PLACEMENT_3D('',#6294,#5095,#5096);
#4299=AXIS2_PLACEMENT_3D('',#6295,#5097,#5098);
#4300=AXIS2_PLACEMENT_3D('',#6296,#5099,#5100);
#4301=AXIS2_PLACEMENT_3D('',#6297,#5101,#5102);
#4302=AXIS2_PLACEMENT_3D('',#6298,#5103,#5104);
#4303=AXIS2_PLACEMENT_3D('',#6299,#5105,#5106);
#4304=AXIS2_PLACEMENT_3D('',#6300,#5107,#5108);
#4305=AXIS2_PLACEMENT_3D('',#6301,#5109,#5110);
#4306=AXIS2_PLACEMENT_3D('',#6302,#5111,#5112);
#4307=AXIS2_PLACEMENT_3D('',#6303,#5113,#5114);
#4308=AXIS2_PLACEMENT_3D('',#6304,#5115,#5116);
#4309=AXIS2_PLACEMENT_3D('',#6305,#5117,#5118);
#4310=AXIS2_PLACEMENT_3D('',#6306,#5119,#5120);
#4311=AXIS2_PLACEMENT_3D('',#6307,#5121,#5122);
#4312=AXIS2_PLACEMENT_3D('',#6308,#5123,#5124);
#4313=AXIS2_PLACEMENT_3D('',#6309,#5125,#5126);
#4314=AXIS2_PLACEMENT_3D('',#6310,#5127,#5128);
#4315=AXIS2_PLACEMENT_3D('',#6311,#5129,#5130);
#4316=AXIS2_PLACEMENT_3D('',#6312,#5131,#5132);
#4317=AXIS2_PLACEMENT_3D('',#6313,#5133,#5134);
#4318=AXIS2_PLACEMENT_3D('',#6314,#5135,#5136);
#4319=AXIS2_PLACEMENT_3D('',#6315,#5137,#5138);
#4320=AXIS2_PLACEMENT_3D('',#6316,#5139,#5140);
#4321=AXIS2_PLACEMENT_3D('',#6317,#5141,#5142);
#4322=AXIS2_PLACEMENT_3D('',#6318,#5143,#5144);
#4323=AXIS2_PLACEMENT_3D('',#6319,#5145,#5146);
#4324=AXIS2_PLACEMENT_3D('',#6325,#5150,#5151);
#4325=AXIS2_PLACEMENT_3D('',#6329,#5154,#5155);
#4326=AXIS2_PLACEMENT_3D('',#6333,#5158,#5159);
#4327=AXIS2_PLACEMENT_3D('',#6337,#5162,#5163);
#4328=AXIS2_PLACEMENT_3D('',#6341,#5166,#5167);
#4329=AXIS2_PLACEMENT_3D('',#6345,#5170,#5171);
#4330=AXIS2_PLACEMENT_3D('',#6347,#5173,#5174);
#4331=AXIS2_PLACEMENT_3D('',#6348,#5175,#5176);
#4332=AXIS2_PLACEMENT_3D('',#6349,#5177,#5178);
#4333=AXIS2_PLACEMENT_3D('',#6353,#5180,#5181);
#4334=AXIS2_PLACEMENT_3D('',#6357,#5183,#5184);
#4335=AXIS2_PLACEMENT_3D('',#6361,#5186,#5187);
#4336=AXIS2_PLACEMENT_3D('',#6365,#5189,#5190);
#4337=AXIS2_PLACEMENT_3D('',#6369,#5192,#5193);
#4338=AXIS2_PLACEMENT_3D('',#6373,#5195,#5196);
#4339=AXIS2_PLACEMENT_3D('',#6377,#5198,#5199);
#4340=AXIS2_PLACEMENT_3D('',#6381,#5201,#5202);
#4341=AXIS2_PLACEMENT_3D('',#6382,#5203,#5204);
#4342=AXIS2_PLACEMENT_3D('',#6384,#5205,#5206);
#4343=AXIS2_PLACEMENT_3D('',#6386,#5207,#5208);
#4344=AXIS2_PLACEMENT_3D('',#6388,#5209,#5210);
#4345=AXIS2_PLACEMENT_3D('',#6393,#5212,#5213);
#4346=AXIS2_PLACEMENT_3D('',#6397,#5215,#5216);
#4347=AXIS2_PLACEMENT_3D('',#6401,#5218,#5219);
#4348=AXIS2_PLACEMENT_3D('',#6405,#5221,#5222);
#4349=AXIS2_PLACEMENT_3D('',#6456,#5232,#5233);
#4350=AXIS2_PLACEMENT_3D('',#6460,#5235,#5236);
#4351=AXIS2_PLACEMENT_3D('',#6464,#5238,#5239);
#4352=AXIS2_PLACEMENT_3D('',#6468,#5241,#5242);
#4353=AXIS2_PLACEMENT_3D('',#6476,#5246,#5247);
#4354=AXIS2_PLACEMENT_3D('',#6480,#5249,#5250);
#4355=AXIS2_PLACEMENT_3D('',#6484,#5252,#5253);
#4356=AXIS2_PLACEMENT_3D('',#6519,#5255,#5256);
#4357=AXIS2_PLACEMENT_3D('',#6520,#5257,#5258);
#4358=AXIS2_PLACEMENT_3D('',#6522,#5259,#5260);
#4359=AXIS2_PLACEMENT_3D('',#6524,#5261,#5262);
#4360=AXIS2_PLACEMENT_3D('',#6526,#5263,#5264);
#4361=AXIS2_PLACEMENT_3D('',#6531,#5266,#5267);
#4362=AXIS2_PLACEMENT_3D('',#6535,#5269,#5270);
#4363=AXIS2_PLACEMENT_3D('',#6539,#5272,#5273);
#4364=AXIS2_PLACEMENT_3D('',#6543,#5275,#5276);
#4365=AXIS2_PLACEMENT_3D('',#6547,#5278,#5279);
#4366=AXIS2_PLACEMENT_3D('',#6551,#5281,#5282);
#4367=AXIS2_PLACEMENT_3D('',#6555,#5284,#5285);
#4368=AXIS2_PLACEMENT_3D('',#6561,#5288,#5289);
#4369=AXIS2_PLACEMENT_3D('',#6565,#5291,#5292);
#4370=AXIS2_PLACEMENT_3D('',#6571,#5295,#5296);
#4371=AXIS2_PLACEMENT_3D('',#6575,#5298,#5299);
#4372=AXIS2_PLACEMENT_3D('',#6579,#5301,#5302);
#4373=AXIS2_PLACEMENT_3D('',#6583,#5304,#5305);
#4374=AXIS2_PLACEMENT_3D('',#6587,#5307,#5308);
#4375=AXIS2_PLACEMENT_3D('',#6591,#5310,#5311);
#4376=AXIS2_PLACEMENT_3D('',#6595,#5313,#5314);
#4377=AXIS2_PLACEMENT_3D('',#6599,#5316,#5317);
#4378=AXIS2_PLACEMENT_3D('',#6603,#5319,#5320);
#4379=AXIS2_PLACEMENT_3D('',#6607,#5322,#5323);
#4380=AXIS2_PLACEMENT_3D('',#6611,#5325,#5326);
#4381=AXIS2_PLACEMENT_3D('',#6615,#5328,#5329);
#4382=AXIS2_PLACEMENT_3D('',#6619,#5331,#5332);
#4383=AXIS2_PLACEMENT_3D('',#6620,#5333,#5334);
#4384=AXIS2_PLACEMENT_3D('',#6626,#5338,#5339);
#4385=AXIS2_PLACEMENT_3D('',#6632,#5343,#5344);
#4386=AXIS2_PLACEMENT_3D('',#6635,#5347,#5348);
#4387=AXIS2_PLACEMENT_3D('',#6638,#5351,#5352);
#4388=AXIS2_PLACEMENT_3D('',#6642,#5355,#5356);
#4389=AXIS2_PLACEMENT_3D('',#6648,#5360,#5361);
#4390=AXIS2_PLACEMENT_3D('',#6652,#5364,#5365);
#4391=AXIS2_PLACEMENT_3D('',#6653,#5366,#5367);
#4392=AXIS2_PLACEMENT_3D('',#6654,#5368,#5369);
#4393=AXIS2_PLACEMENT_3D('',#6655,#5370,#5371);
#4394=AXIS2_PLACEMENT_3D('',#6656,#5372,#5373);
#4395=AXIS2_PLACEMENT_3D('',#6659,#5376,#5377);
#4396=AXIS2_PLACEMENT_3D('',#6662,#5380,#5381);
#4397=AXIS2_PLACEMENT_3D('',#6665,#5384,#5385);
#4398=AXIS2_PLACEMENT_3D('',#6669,#5389,#5390);
#4399=AXIS2_PLACEMENT_3D('',#6673,#5394,#5395);
#4400=AXIS2_PLACEMENT_3D('',#6674,#5396,#5397);
#4401=AXIS2_PLACEMENT_3D('',#6677,#5400,#5401);
#4402=AXIS2_PLACEMENT_3D('',#6680,#5404,#5405);
#4403=AXIS2_PLACEMENT_3D('',#6683,#5408,#5409);
#4404=AXIS2_PLACEMENT_3D('',#6686,#5412,#5413);
#4405=AXIS2_PLACEMENT_3D('',#6689,#5416,#5417);
#4406=AXIS2_PLACEMENT_3D('',#6692,#5420,#5421);
#4407=AXIS2_PLACEMENT_3D('',#6695,#5424,#5425);
#4408=AXIS2_PLACEMENT_3D('',#6698,#5428,#5429);
#4409=AXIS2_PLACEMENT_3D('',#6701,#5432,#5433);
#4410=AXIS2_PLACEMENT_3D('',#6704,#5436,#5437);
#4411=AXIS2_PLACEMENT_3D('',#6707,#5440,#5441);
#4412=AXIS2_PLACEMENT_3D('',#6710,#5444,#5445);
#4413=AXIS2_PLACEMENT_3D('',#6711,#5446,#5447);
#4414=AXIS2_PLACEMENT_3D('',#6712,#5448,#5449);
#4415=AXIS2_PLACEMENT_3D('',#6713,#5450,#5451);
#4416=AXIS2_PLACEMENT_3D('',#6714,#5452,#5453);
#4417=AXIS2_PLACEMENT_3D('',#6715,#5454,#5455);
#4418=AXIS2_PLACEMENT_3D('',#6716,#5456,#5457);
#4419=AXIS2_PLACEMENT_3D('',#6717,#5458,#5459);
#4420=AXIS2_PLACEMENT_3D('',#6718,#5460,#5461);
#4421=AXIS2_PLACEMENT_3D('',#6719,#5462,#5463);
#4422=AXIS2_PLACEMENT_3D('',#6720,#5464,#5465);
#4423=AXIS2_PLACEMENT_3D('',#6721,#5466,#5467);
#4424=AXIS2_PLACEMENT_3D('',#6722,#5468,#5469);
#4425=AXIS2_PLACEMENT_3D('',#6723,#5470,#5471);
#4426=AXIS2_PLACEMENT_3D('',#6724,#5472,#5473);
#4427=AXIS2_PLACEMENT_3D('',#6725,#5474,#5475);
#4428=AXIS2_PLACEMENT_3D('',#6726,#5476,#5477);
#4429=AXIS2_PLACEMENT_3D('',#6727,#5478,#5479);
#4430=AXIS2_PLACEMENT_3D('',#6728,#5480,#5481);
#4431=AXIS2_PLACEMENT_3D('',#6729,#5482,#5483);
#4432=AXIS2_PLACEMENT_3D('',#6730,#5484,#5485);
#4433=AXIS2_PLACEMENT_3D('',#6731,#5486,#5487);
#4434=AXIS2_PLACEMENT_3D('',#6732,#5488,#5489);
#4435=AXIS2_PLACEMENT_3D('',#6733,#5490,#5491);
#4436=AXIS2_PLACEMENT_3D('',#6734,#5492,#5493);
#4437=AXIS2_PLACEMENT_3D('',#6735,#5494,#5495);
#4438=AXIS2_PLACEMENT_3D('',#6736,#5496,#5497);
#4439=AXIS2_PLACEMENT_3D('',#6737,#5498,#5499);
#4440=AXIS2_PLACEMENT_3D('',#6738,#5500,#5501);
#4441=AXIS2_PLACEMENT_3D('',#6739,#5502,#5503);
#4442=AXIS2_PLACEMENT_3D('',#6740,#5504,#5505);
#4443=AXIS2_PLACEMENT_3D('',#6741,#5506,#5507);
#4444=AXIS2_PLACEMENT_3D('',#6742,#5508,#5509);
#4445=AXIS2_PLACEMENT_3D('',#6743,#5510,#5511);
#4446=AXIS2_PLACEMENT_3D('',#6744,#5512,#5513);
#4447=AXIS2_PLACEMENT_3D('',#6745,#5514,#5515);
#4448=AXIS2_PLACEMENT_3D('',#6746,#5516,#5517);
#4449=AXIS2_PLACEMENT_3D('',#6747,#5518,#5519);
#4450=AXIS2_PLACEMENT_3D('',#6748,#5520,#5521);
#4451=AXIS2_PLACEMENT_3D('',#6837,#5526,#5527);
#4452=AXIS2_PLACEMENT_3D('',#6838,#5528,#5529);
#4453=AXIS2_PLACEMENT_3D('',#6839,#5530,#5531);
#4454=AXIS2_PLACEMENT_3D('',#6848,#5536,#5537);
#4455=AXIS2_PLACEMENT_3D('',#6857,#5542,#5543);
#4456=AXIS2_PLACEMENT_3D('',#6866,#5548,#5549);
#4457=AXIS2_PLACEMENT_3D('',#6875,#5554,#5555);
#4458=AXIS2_PLACEMENT_3D('',#6876,#5556,#5557);
#4459=AXIS2_PLACEMENT_3D('',#6877,#5558,#5559);
#4460=AXIS2_PLACEMENT_3D('',#6878,#5560,#5561);
#4461=AXIS2_PLACEMENT_3D('',#6879,#5562,#5563);
#4462=AXIS2_PLACEMENT_3D('',#6880,#5564,#5565);
#4463=AXIS2_PLACEMENT_3D('',#6881,#5566,#5567);
#4464=AXIS2_PLACEMENT_3D('',#6882,#5568,#5569);
#4465=AXIS2_PLACEMENT_3D('',#6883,#5570,#5571);
#4466=AXIS2_PLACEMENT_3D('',#6884,#5572,#5573);
#4467=AXIS2_PLACEMENT_3D('',#6885,#5574,#5575);
#4468=AXIS2_PLACEMENT_3D('',#6886,#5576,#5577);
#4469=AXIS2_PLACEMENT_3D('',#6887,#5578,#5579);
#4470=AXIS2_PLACEMENT_3D('',#6888,#5580,#5581);
#4471=AXIS2_PLACEMENT_3D('',#6889,#5582,#5583);
#4472=AXIS2_PLACEMENT_3D('',#6890,#5584,#5585);
#4473=AXIS2_PLACEMENT_3D('',#6899,#5590,#5591);
#4474=AXIS2_PLACEMENT_3D('',#6908,#5596,#5597);
#4475=AXIS2_PLACEMENT_3D('',#6917,#5602,#5603);
#4476=AXIS2_PLACEMENT_3D('',#6926,#5608,#5609);
#4477=AXIS2_PLACEMENT_3D('',#6927,#5610,#5611);
#4478=AXIS2_PLACEMENT_3D('',#6929,#5612,#5613);
#4479=AXIS2_PLACEMENT_3D('',#6931,#5614,#5615);
#4480=AXIS2_PLACEMENT_3D('',#6933,#5616,#5617);
#4481=AXIS2_PLACEMENT_3D('',#6935,#5618,#5619);
#4482=AXIS2_PLACEMENT_3D('',#6936,#5620,#5621);
#4483=AXIS2_PLACEMENT_3D('',#6937,#5622,#5623);
#4484=AXIS2_PLACEMENT_3D('',#6938,#5624,#5625);
#4485=AXIS2_PLACEMENT_3D('',#6939,#5626,#5627);
#4486=AXIS2_PLACEMENT_3D('',#6940,#5628,#5629);
#4487=AXIS2_PLACEMENT_3D('',#6941,#5630,#5631);
#4488=AXIS2_PLACEMENT_3D('',#6942,#5632,#5633);
#4489=AXIS2_PLACEMENT_3D('',#6943,#5634,#5635);
#4490=AXIS2_PLACEMENT_3D('',#6944,#5636,#5637);
#4491=AXIS2_PLACEMENT_3D('',#6945,#5638,#5639);
#4492=AXIS2_PLACEMENT_3D('',#6946,#5640,#5641);
#4493=AXIS2_PLACEMENT_3D('',#6947,#5642,#5643);
#4494=AXIS2_PLACEMENT_3D('',#6948,#5644,#5645);
#4495=AXIS2_PLACEMENT_3D('',#6949,#5646,#5647);
#4496=AXIS2_PLACEMENT_3D('',#6951,#5648,#5649);
#4497=AXIS2_PLACEMENT_3D('',#6952,#5650,#5651);
#4498=AXIS2_PLACEMENT_3D('',#6953,#5652,#5653);
#4499=AXIS2_PLACEMENT_3D('',#6955,#5654,#5655);
#4500=AXIS2_PLACEMENT_3D('',#6956,#5656,#5657);
#4501=AXIS2_PLACEMENT_3D('',#6957,#5658,#5659);
#4502=AXIS2_PLACEMENT_3D('',#6959,#5660,#5661);
#4503=AXIS2_PLACEMENT_3D('',#6960,#5662,#5663);
#4504=AXIS2_PLACEMENT_3D('',#6961,#5664,#5665);
#4505=AXIS2_PLACEMENT_3D('',#6963,#5666,#5667);
#4506=AXIS2_PLACEMENT_3D('',#6964,#5668,#5669);
#4507=AXIS2_PLACEMENT_3D('',#6965,#5670,#5671);
#4508=AXIS2_PLACEMENT_3D('',#6974,#5676,#5677);
#4509=AXIS2_PLACEMENT_3D('',#6980,#5681,#5682);
#4510=AXIS2_PLACEMENT_3D('',#6986,#5686,#5687);
#4511=AXIS2_PLACEMENT_3D('',#6989,#5690,#5691);
#4512=AXIS2_PLACEMENT_3D('',#6990,#5692,#5693);
#4513=AXIS2_PLACEMENT_3D('',#6991,#5694,#5695);
#4514=DIRECTION('',(0.,0.,1.));
#4515=DIRECTION('',(1.,0.,0.));
#4516=DIRECTION('',(1.,0.,0.));
#4517=DIRECTION('',(0.,0.,-1.));
#4518=DIRECTION('',(0.,0.,1.));
#4519=DIRECTION('',(0.,-1.,0.));
#4520=DIRECTION('',(0.,0.,1.));
#4521=DIRECTION('',(0.,-1.,0.));
#4522=DIRECTION('',(0.,0.,-1.));
#4523=DIRECTION('',(-1.,0.,0.));
#4524=DIRECTION('',(0.,1.,0.));
#4525=DIRECTION('',(1.,3.09772049281573E-17,0.));
#4526=DIRECTION('',(0.,1.,0.));
#4527=DIRECTION('',(0.828237998594413,-0.56037649637036,0.));
#4528=DIRECTION('',(-0.828237998594413,-0.56037649637036,0.));
#4529=DIRECTION('',(0.,1.,0.));
#4530=DIRECTION('',(-1.,3.09772049281573E-17,0.));
#4531=DIRECTION('',(0.,0.,-1.));
#4532=DIRECTION('',(-1.,0.,0.));
#4533=DIRECTION('',(1.,0.,0.));
#4534=DIRECTION('',(0.,0.,-1.));
#4535=DIRECTION('',(-1.,0.,0.));
#4536=DIRECTION('',(0.,-1.,0.));
#4537=DIRECTION('',(0.,0.,-1.));
#4538=DIRECTION('',(-1.,0.,0.));
#4539=DIRECTION('',(1.,0.,0.));
#4540=DIRECTION('',(0.,0.,-1.));
#4541=DIRECTION('',(-1.,0.,0.));
#4542=DIRECTION('',(0.,-1.,0.));
#4543=DIRECTION('',(2.31296463463574E-16,-1.,0.));
#4544=DIRECTION('',(-1.,0.,0.));
#4545=DIRECTION('',(0.,1.,0.));
#4546=DIRECTION('',(1.,0.,0.));
#4547=DIRECTION('',(-1.,0.,0.));
#4548=DIRECTION('',(0.,0.,1.));
#4549=DIRECTION('',(0.,0.,-1.));
#4550=DIRECTION('',(0.,-1.,0.));
#4551=DIRECTION('',(0.,0.,-1.));
#4552=DIRECTION('',(0.,-1.,0.));
#4553=DIRECTION('',(0.,0.,1.));
#4554=DIRECTION('',(1.,0.,0.));
#4555=DIRECTION('',(0.,1.,0.));
#4556=DIRECTION('',(1.,3.09772049281573E-17,0.));
#4557=DIRECTION('',(0.,1.,0.));
#4558=DIRECTION('',(-1.,3.09772049281573E-17,0.));
#4559=DIRECTION('',(0.,1.,0.));
#4560=DIRECTION('',(-0.828237998594413,-0.56037649637036,0.));
#4561=DIRECTION('',(0.828237998594413,-0.56037649637036,0.));
#4562=DIRECTION('',(0.,0.,1.));
#4563=DIRECTION('',(1.,0.,0.));
#4564=DIRECTION('',(-1.,0.,0.));
#4565=DIRECTION('',(0.,0.,1.));
#4566=DIRECTION('',(1.,0.,0.));
#4567=DIRECTION('',(0.,0.,1.));
#4568=DIRECTION('',(1.,0.,0.));
#4569=DIRECTION('',(-1.,0.,0.));
#4570=DIRECTION('',(0.,0.,1.));
#4571=DIRECTION('',(1.,0.,0.));
#4572=DIRECTION('',(0.,1.,0.));
#4573=DIRECTION('',(0.,0.,1.));
#4574=DIRECTION('',(0.,0.,1.));
#4575=DIRECTION('',(1.,0.,0.));
#4576=DIRECTION('',(0.,0.,-1.));
#4577=DIRECTION('',(0.,1.,0.));
#4578=DIRECTION('',(0.,0.,1.));
#4579=DIRECTION('',(0.,0.,-1.));
#4580=DIRECTION('',(1.,0.,0.));
#4581=DIRECTION('',(0.,0.,1.));
#4582=DIRECTION('',(0.,1.,0.));
#4583=DIRECTION('',(0.,0.,1.));
#4584=DIRECTION('',(0.,0.,1.));
#4585=DIRECTION('',(-1.,0.,0.));
#4586=DIRECTION('',(0.,0.,1.));
#4587=DIRECTION('',(-1.,-2.31296463463574E-16,0.));
#4588=DIRECTION('',(2.31296463463574E-16,-1.,0.));
#4589=DIRECTION('',(0.,0.,1.));
#4590=DIRECTION('',(2.31296463463574E-16,-1.,0.));
#4591=DIRECTION('',(0.,-1.,0.));
#4592=DIRECTION('',(0.,0.,-1.));
#4593=DIRECTION('',(0.,0.,1.));
#4594=DIRECTION('',(1.,0.,0.));
#4595=DIRECTION('',(1.,0.,0.));
#4596=DIRECTION('',(0.,0.,-1.));
#4597=DIRECTION('',(0.,1.,0.));
#4598=DIRECTION('',(0.,0.,1.));
#4599=DIRECTION('',(1.,0.,0.));
#4600=DIRECTION('',(0.,0.,-1.));
#4601=DIRECTION('',(-1.,0.,0.));
#4602=DIRECTION('',(0.,0.,-1.));
#4603=DIRECTION('',(-1.,0.,0.));
#4604=DIRECTION('',(0.,0.,1.));
#4605=DIRECTION('',(1.,0.,0.));
#4606=DIRECTION('',(0.,0.,-1.));
#4607=DIRECTION('',(-1.,0.,0.));
#4608=DIRECTION('',(0.,0.,-1.));
#4609=DIRECTION('',(-1.,0.,0.));
#4610=DIRECTION('',(0.,0.,-1.));
#4611=DIRECTION('',(-1.,0.,0.));
#4612=DIRECTION('',(0.,0.,1.));
#4613=DIRECTION('',(1.,0.,0.));
#4614=DIRECTION('',(0.,0.,-1.));
#4615=DIRECTION('',(-1.,0.,0.));
#4616=DIRECTION('',(-1.,0.,0.));
#4617=DIRECTION('',(0.,0.,1.));
#4618=DIRECTION('',(1.,0.,0.));
#4619=DIRECTION('',(0.,0.,-1.));
#4620=DIRECTION('',(-1.,0.,0.));
#4621=DIRECTION('',(0.,0.,1.));
#4622=DIRECTION('',(0.,0.,-1.));
#4623=DIRECTION('',(-1.,0.,0.));
#4624=DIRECTION('',(0.,-1.,0.));
#4625=DIRECTION('',(0.,0.,-1.));
#4626=DIRECTION('',(0.,0.,-1.));
#4627=DIRECTION('',(-1.,0.,0.));
#4628=DIRECTION('',(0.,-1.,0.));
#4629=DIRECTION('',(0.,0.,-1.));
#4630=DIRECTION('',(0.,-1.,0.));
#4631=DIRECTION('',(0.,0.,-1.));
#4632=DIRECTION('',(0.,-1.,0.));
#4633=DIRECTION('',(0.,0.,-1.));
#4634=DIRECTION('',(0.,-1.,0.));
#4635=DIRECTION('',(0.,0.,-1.));
#4636=DIRECTION('',(0.,-1.,0.));
#4637=DIRECTION('',(0.,0.,-1.));
#4638=DIRECTION('',(0.,0.,-1.));
#4639=DIRECTION('',(-1.,0.,0.));
#4640=DIRECTION('',(1.,0.,0.));
#4641=DIRECTION('',(0.,0.,-1.));
#4642=DIRECTION('',(0.,0.,-1.));
#4643=DIRECTION('',(-1.,0.,0.));
#4644=DIRECTION('',(-1.,0.,0.));
#4645=DIRECTION('',(0.,0.,1.));
#4646=DIRECTION('',(1.,0.,0.));
#4647=DIRECTION('',(0.,0.,-1.));
#4648=DIRECTION('',(3.09772049281573E-17,-1.,0.));
#4649=DIRECTION('',(1.,3.09772049281573E-17,0.));
#4650=DIRECTION('',(0.,0.,1.));
#4651=DIRECTION('',(0.,0.,1.));
#4652=DIRECTION('',(1.,0.,0.));
#4653=DIRECTION('',(0.,0.,-1.));
#4654=DIRECTION('',(0.,0.,1.));
#4655=DIRECTION('',(3.09772049281573E-17,1.,0.));
#4656=DIRECTION('',(-1.,3.09772049281573E-17,0.));
#4657=DIRECTION('',(0.,0.,1.));
#4658=DIRECTION('',(1.,0.,0.));
#4659=DIRECTION('',(0.,0.,-1.));
#4660=DIRECTION('',(0.,0.,1.));
#4661=DIRECTION('',(-0.56037649637036,0.828237998594413,0.));
#4662=DIRECTION('',(-0.828237998594413,-0.56037649637036,0.));
#4663=DIRECTION('',(0.,0.,1.));
#4664=DIRECTION('',(-0.56037649637036,-0.828237998594413,0.));
#4665=DIRECTION('',(0.828237998594413,-0.56037649637036,0.));
#4666=DIRECTION('',(0.,0.,1.));
#4667=DIRECTION('',(1.,0.,0.));
#4668=DIRECTION('',(0.,0.,-1.));
#4669=DIRECTION('',(0.,0.,1.));
#4670=DIRECTION('',(1.,0.,0.));
#4671=DIRECTION('',(1.,0.,0.));
#4672=DIRECTION('',(0.,0.,-1.));
#4673=DIRECTION('',(0.,1.,-1.73030821844295E-33));
#4674=DIRECTION('',(0.,0.,-1.));
#4675=DIRECTION('',(0.,1.,1.8168236293651E-32));
#4676=DIRECTION('',(0.,0.,-1.));
#4677=DIRECTION('',(0.,-1.,-2.89120579329468E-16));
#4678=DIRECTION('',(0.,0.666666666666667,0.74535599249993));
#4679=DIRECTION('',(0.,0.666666666666667,-0.74535599249993));
#4680=DIRECTION('',(0.,-1.,-5.78241158658936E-16));
#4681=DIRECTION('',(0.,2.16840434497101E-16,-1.));
#4682=DIRECTION('',(0.,-1.,-4.33680868994202E-16));
#4683=DIRECTION('',(0.,-8.67361737988404E-17,1.));
#4684=DIRECTION('',(-1.,0.,0.));
#4685=DIRECTION('',(0.,0.,1.));
#4686=DIRECTION('',(0.,-1.,-1.8168236293651E-32));
#4687=DIRECTION('',(0.,0.,-1.));
#4688=DIRECTION('',(0.,-1.,1.73030821844295E-33));
#4689=DIRECTION('',(0.,0.,1.));
#4690=DIRECTION('',(1.,0.,0.));
#4691=DIRECTION('',(0.,0.,-1.));
#4692=DIRECTION('',(0.,1.,0.));
#4693=DIRECTION('',(0.,0.,1.));
#4694=DIRECTION('',(0.,1.,0.));
#4695=DIRECTION('',(0.,0.,1.));
#4696=DIRECTION('',(-1.,-1.39643668824859E-16,0.));
#4697=DIRECTION('',(1.39643668824859E-16,-1.,0.));
#4698=DIRECTION('',(1.39643668824859E-16,-1.,0.));
#4699=DIRECTION('',(0.,0.,-1.));
#4700=DIRECTION('',(1.39643668824859E-16,-1.,0.));
#4701=DIRECTION('',(0.,0.,-1.));
#4702=DIRECTION('',(-1.30104260698261E-16,-1.8168236293651E-32,1.));
#4703=DIRECTION('',(1.,0.,1.30104260698261E-16));
#4704=DIRECTION('',(-1.30104260698261E-16,-1.8168236293651E-32,1.));
#4705=DIRECTION('',(1.,0.,1.30104260698261E-16));
#4706=DIRECTION('',(1.,1.47093567776439E-16,1.30104260698261E-16));
#4707=DIRECTION('',(1.39643668824859E-16,-1.,0.));
#4708=DIRECTION('',(-1.,-1.39643668824859E-16,-1.30104260698261E-16));
#4709=DIRECTION('',(1.39643668824859E-16,-1.,0.));
#4710=DIRECTION('',(-1.,-1.39643668824859E-16,-1.30104260698261E-16));
#4711=DIRECTION('',(1.39643668824859E-16,-1.,0.));
#4712=DIRECTION('',(-1.,0.,-1.30104260698261E-16));
#4713=DIRECTION('',(-1.30104260698261E-16,-1.8168236293651E-32,1.));
#4714=DIRECTION('',(1.,0.,1.30104260698261E-16));
#4715=DIRECTION('',(0.,-1.,-1.8168236293651E-32));
#4716=DIRECTION('',(-1.30104260698261E-16,-1.8168236293651E-32,1.));
#4717=DIRECTION('',(1.,0.,1.30104260698261E-16));
#4718=DIRECTION('',(-1.,-7.2280144832367E-17,-1.30104260698261E-16));
#4719=DIRECTION('',(-1.30104260698261E-16,-1.8168236293651E-32,1.));
#4720=DIRECTION('',(1.,0.,1.30104260698261E-16));
#4721=DIRECTION('',(-1.30104260698261E-16,-1.8168236293651E-32,1.));
#4722=DIRECTION('',(1.,0.,1.30104260698261E-16));
#4723=DIRECTION('',(1.,2.16840434497101E-16,1.30104260698261E-16));
#4724=DIRECTION('',(-1.30104260698261E-16,-1.8168236293651E-32,1.));
#4725=DIRECTION('',(1.,0.,1.30104260698261E-16));
#4726=DIRECTION('',(1.,1.39643668824859E-16,0.));
#4727=DIRECTION('',(-1.39643668824859E-16,1.,0.));
#4728=DIRECTION('',(0.,0.,1.));
#4729=DIRECTION('',(1.39643668824859E-16,-1.,0.));
#4730=DIRECTION('',(0.,0.,-1.));
#4731=DIRECTION('',(0.,-1.,0.));
#4732=DIRECTION('',(1.,1.39643668824859E-16,0.));
#4733=DIRECTION('',(-1.39643668824859E-16,1.,0.));
#4734=DIRECTION('',(0.,0.,1.));
#4735=DIRECTION('',(1.39643668824859E-16,-1.,0.));
#4736=DIRECTION('',(0.,0.,1.));
#4737=DIRECTION('',(0.,-1.,0.));
#4738=DIRECTION('',(-1.,0.,0.));
#4739=DIRECTION('',(0.,0.,1.));
#4740=DIRECTION('',(0.,-1.,1.73030821844295E-33));
#4741=DIRECTION('',(0.,0.,-1.));
#4742=DIRECTION('',(0.,0.,-1.));
#4743=DIRECTION('',(0.,0.,1.));
#4744=DIRECTION('',(1.,0.,0.));
#4745=DIRECTION('',(-1.,-1.47093567776439E-16,0.));
#4746=DIRECTION('',(0.,0.,1.));
#4747=DIRECTION('',(1.,0.,0.));
#4748=DIRECTION('',(0.,0.,1.));
#4749=DIRECTION('',(1.,0.,0.));
#4750=DIRECTION('',(1.,2.62836890299516E-17,0.));
#4751=DIRECTION('',(0.,0.,1.));
#4752=DIRECTION('',(1.,0.,0.));
#4753=DIRECTION('',(0.,-1.,0.));
#4754=DIRECTION('',(0.,0.,1.));
#4755=DIRECTION('',(1.,0.,0.));
#4756=DIRECTION('',(-1.,-1.31418445149758E-16,0.));
#4757=DIRECTION('',(0.,0.,1.));
#4758=DIRECTION('',(1.,0.,0.));
#4759=DIRECTION('',(0.,1.,0.));
#4760=DIRECTION('',(0.,0.,1.));
#4761=DIRECTION('',(1.,0.,0.));
#4762=DIRECTION('',(1.,0.,0.));
#4763=DIRECTION('',(1.,1.36888812466112E-16,0.));
#4764=DIRECTION('',(0.,0.,1.));
#4765=DIRECTION('',(1.,0.,0.));
#4766=DIRECTION('',(0.,1.,0.));
#4767=DIRECTION('',(0.,0.,1.));
#4768=DIRECTION('',(1.,0.,0.));
#4769=DIRECTION('',(-1.,1.36888812466112E-16,0.));
#4770=DIRECTION('',(0.,0.,1.));
#4771=DIRECTION('',(0.,-1.,0.));
#4772=DIRECTION('',(0.,0.,1.));
#4773=DIRECTION('',(0.,-1.,0.));
#4774=DIRECTION('',(0.,0.,1.));
#4775=DIRECTION('',(0.,-1.,0.));
#4776=DIRECTION('',(0.,0.,1.));
#4777=DIRECTION('',(0.,-1.,0.));
#4778=DIRECTION('',(-1.,-2.16840434497101E-16,0.));
#4779=DIRECTION('',(0.,0.,1.));
#4780=DIRECTION('',(1.,0.,0.));
#4781=DIRECTION('',(0.,1.,0.));
#4782=DIRECTION('',(0.,0.,1.));
#4783=DIRECTION('',(1.,0.,0.));
#4784=DIRECTION('',(1.,0.,0.));
#4785=DIRECTION('',(0.,0.,1.));
#4786=DIRECTION('',(1.,0.,0.));
#4787=DIRECTION('',(0.,-1.,0.));
#4788=DIRECTION('',(0.,0.,1.));
#4789=DIRECTION('',(1.,0.,0.));
#4790=DIRECTION('',(-1.,-1.11917643611407E-16,0.));
#4791=DIRECTION('',(0.,0.,1.));
#4792=DIRECTION('',(1.,0.,0.));
#4793=DIRECTION('',(0.,1.,0.));
#4794=DIRECTION('',(0.,0.,1.));
#4795=DIRECTION('',(1.,0.,0.));
#4796=DIRECTION('',(1.,0.,0.));
#4797=DIRECTION('',(0.,0.,1.));
#4798=DIRECTION('',(1.,0.,0.));
#4799=DIRECTION('',(0.,-1.,0.));
#4800=DIRECTION('',(0.,0.,1.));
#4801=DIRECTION('',(1.,0.,0.));
#4802=DIRECTION('',(-1.,-1.11917643611407E-16,0.));
#4803=DIRECTION('',(0.,0.,1.));
#4804=DIRECTION('',(1.,0.,0.));
#4805=DIRECTION('',(0.,1.,0.));
#4806=DIRECTION('',(0.,0.,1.));
#4807=DIRECTION('',(1.,0.,0.));
#4808=DIRECTION('',(1.,0.,0.));
#4809=DIRECTION('',(0.,0.,1.));
#4810=DIRECTION('',(1.,0.,0.));
#4811=DIRECTION('',(8.67361737988405E-16,-1.,0.));
#4812=DIRECTION('',(0.,0.,1.));
#4813=DIRECTION('',(1.,0.,0.));
#4814=DIRECTION('',(0.,0.,1.));
#4815=DIRECTION('',(1.,0.,0.));
#4816=DIRECTION('',(1.,0.,0.));
#4817=DIRECTION('',(0.,0.,1.));
#4818=DIRECTION('',(1.,0.,0.));
#4819=DIRECTION('',(0.,1.,0.));
#4820=DIRECTION('',(0.,0.,1.));
#4821=DIRECTION('',(1.,0.,0.));
#4822=DIRECTION('',(-1.,-1.11917643611407E-16,0.));
#4823=DIRECTION('',(0.,0.,1.));
#4824=DIRECTION('',(1.,0.,0.));
#4825=DIRECTION('',(0.,-1.,0.));
#4826=DIRECTION('',(0.,0.,1.));
#4827=DIRECTION('',(1.,0.,0.));
#4828=DIRECTION('',(1.,1.36888812466112E-16,0.));
#4829=DIRECTION('',(1.39643668824859E-16,-1.,0.));
#4830=DIRECTION('',(1.,0.,0.));
#4831=DIRECTION('',(6.28522998542328E-16,1.,0.));
#4832=DIRECTION('',(-1.,-1.47093567776439E-16,0.));
#4833=DIRECTION('',(1.39643668824859E-16,-1.,0.));
#4834=DIRECTION('',(-1.,1.36888812466112E-16,0.));
#4835=DIRECTION('',(0.,1.,0.));
#4836=DIRECTION('',(0.,0.,1.));
#4837=DIRECTION('',(1.,0.,0.));
#4838=DIRECTION('',(0.,0.,1.));
#4839=DIRECTION('',(1.,0.,0.));
#4840=DIRECTION('',(0.,0.,1.));
#4841=DIRECTION('',(1.,0.,0.));
#4842=DIRECTION('',(0.,0.,1.));
#4843=DIRECTION('',(1.,0.,0.));
#4844=DIRECTION('',(1.,0.,0.));
#4845=DIRECTION('',(0.,0.,1.));
#4846=DIRECTION('',(1.,0.,0.));
#4847=DIRECTION('',(0.,1.,0.));
#4848=DIRECTION('',(0.,0.,1.));
#4849=DIRECTION('',(1.,0.,0.));
#4850=DIRECTION('',(-1.,-2.16840434497101E-16,0.));
#4851=DIRECTION('',(0.,0.,1.));
#4852=DIRECTION('',(1.,0.,0.));
#4853=DIRECTION('',(0.,-1.,0.));
#4854=DIRECTION('',(0.,0.,1.));
#4855=DIRECTION('',(1.,0.,0.));
#4856=DIRECTION('',(1.,0.,0.));
#4857=DIRECTION('',(0.,0.,1.));
#4858=DIRECTION('',(1.,0.,0.));
#4859=DIRECTION('',(0.,1.,0.));
#4860=DIRECTION('',(0.,0.,1.));
#4861=DIRECTION('',(1.,0.,0.));
#4862=DIRECTION('',(-1.,-1.11917643611407E-16,0.));
#4863=DIRECTION('',(0.,0.,1.));
#4864=DIRECTION('',(1.,0.,0.));
#4865=DIRECTION('',(8.67361737988405E-16,-1.,0.));
#4866=DIRECTION('',(0.,0.,1.));
#4867=DIRECTION('',(1.,0.,0.));
#4868=DIRECTION('',(-1.36888812466112E-16,1.,0.));
#4869=DIRECTION('',(-1.,-1.36888812466112E-16,0.));
#4870=DIRECTION('',(-1.36888812466112E-16,1.,0.));
#4871=DIRECTION('',(-1.,-1.36888812466112E-16,0.));
#4872=DIRECTION('',(0.,0.,-1.));
#4873=DIRECTION('',(1.,1.39643668824859E-16,-1.23908819712629E-17));
#4874=DIRECTION('',(0.,0.,-1.));
#4875=DIRECTION('',(1.,1.36888812466112E-16,0.));
#4876=DIRECTION('',(0.,0.,-1.));
#4877=DIRECTION('',(-1.,0.,0.));
#4878=DIRECTION('',(0.,0.,1.));
#4879=DIRECTION('',(0.,0.,-1.));
#4880=DIRECTION('',(0.,1.,0.));
#4881=DIRECTION('',(0.,0.,-1.));
#4882=DIRECTION('',(-1.36888812466112E-16,-1.,0.));
#4883=DIRECTION('',(1.,-1.36888812466112E-16,0.));
#4884=DIRECTION('',(-1.36888812466112E-16,-1.,0.));
#4885=DIRECTION('',(1.,-1.36888812466112E-16,0.));
#4886=DIRECTION('',(0.,0.,-1.));
#4887=DIRECTION('',(-1.,1.36888812466112E-16,0.));
#4888=DIRECTION('',(0.,0.,-1.));
#4889=DIRECTION('',(1.,1.39643668824859E-16,-1.23908819712629E-17));
#4890=DIRECTION('',(0.,0.,-1.));
#4891=DIRECTION('',(1.,0.,0.));
#4892=DIRECTION('',(0.,0.,-1.));
#4893=DIRECTION('',(0.,0.,1.));
#4894=DIRECTION('',(0.,1.,0.));
#4895=DIRECTION('',(0.,0.,1.));
#4896=DIRECTION('',(2.62836890299516E-17,-1.,0.));
#4897=DIRECTION('',(1.,2.62836890299516E-17,0.));
#4898=DIRECTION('',(1.,2.62836890299516E-17,0.));
#4899=DIRECTION('',(0.,0.,1.));
#4900=DIRECTION('',(0.,0.,1.));
#4901=DIRECTION('',(-1.,0.,0.));
#4902=DIRECTION('',(0.,0.,1.));
#4903=DIRECTION('',(0.,0.,1.));
#4904=DIRECTION('',(0.,-1.,0.));
#4905=DIRECTION('',(0.,0.,1.));
#4906=DIRECTION('',(-1.31418445149758E-16,1.,0.));
#4907=DIRECTION('',(-1.,-1.31418445149758E-16,0.));
#4908=DIRECTION('',(0.,0.,1.));
#4909=DIRECTION('',(-1.,-1.31418445149758E-16,0.));
#4910=DIRECTION('',(0.,0.,1.));
#4911=DIRECTION('',(0.,0.,-1.));
#4912=DIRECTION('',(-1.,0.,0.));
#4913=DIRECTION('',(0.,0.,-1.));
#4914=DIRECTION('',(-1.,0.,0.));
#4915=DIRECTION('',(0.,0.,-1.));
#4916=DIRECTION('',(-1.,0.,0.));
#4917=DIRECTION('',(0.,0.,-1.));
#4918=DIRECTION('',(-1.,0.,0.));
#4919=DIRECTION('',(-1.,-1.47093567776439E-16,0.));
#4920=DIRECTION('',(0.,1.,0.));
#4921=DIRECTION('',(1.,0.,0.));
#4922=DIRECTION('',(0.,0.,-1.));
#4923=DIRECTION('',(-1.,0.,0.));
#4924=DIRECTION('',(0.,0.,-1.));
#4925=DIRECTION('',(-1.,0.,0.));
#4926=DIRECTION('',(0.,0.,-1.));
#4927=DIRECTION('',(-1.,0.,0.));
#4928=DIRECTION('',(0.,0.,1.));
#4929=DIRECTION('',(1.,0.,0.));
#4930=DIRECTION('',(0.,0.,1.));
#4931=DIRECTION('',(1.,0.,0.));
#4932=DIRECTION('',(0.,0.,1.));
#4933=DIRECTION('',(1.,0.,0.));
#4934=DIRECTION('',(0.,0.,1.));
#4935=DIRECTION('',(1.,0.,0.));
#4936=DIRECTION('',(-1.,-1.39643668824859E-16,0.));
#4937=DIRECTION('',(1.39643668824859E-16,-1.,0.));
#4938=DIRECTION('',(1.39643668824859E-16,-1.,0.));
#4939=DIRECTION('',(-1.23908819712629E-17,-1.73030821844295E-33,-1.));
#4940=DIRECTION('',(-1.,0.,1.23908819712629E-17));
#4941=DIRECTION('',(1.,1.47093567776439E-16,-1.23908819712629E-17));
#4942=DIRECTION('',(-1.23908819712629E-17,-1.73030821844295E-33,-1.));
#4943=DIRECTION('',(-1.,0.,1.23908819712629E-17));
#4944=DIRECTION('',(-1.23908819712629E-17,-1.73030821844295E-33,-1.));
#4945=DIRECTION('',(-1.,0.,1.23908819712629E-17));
#4946=DIRECTION('',(1.,2.16840434497101E-16,-1.23908819712629E-17));
#4947=DIRECTION('',(-1.23908819712629E-17,-1.73030821844295E-33,-1.));
#4948=DIRECTION('',(-1.,0.,1.23908819712629E-17));
#4949=DIRECTION('',(-1.23908819712629E-17,-1.73030821844295E-33,-1.));
#4950=DIRECTION('',(-1.,0.,1.23908819712629E-17));
#4951=DIRECTION('',(-1.,-7.2280144832367E-17,1.23908819712629E-17));
#4952=DIRECTION('',(-1.23908819712629E-17,-1.73030821844295E-33,-1.));
#4953=DIRECTION('',(-1.,0.,1.23908819712629E-17));
#4954=DIRECTION('',(-1.23908819712629E-17,-1.73030821844295E-33,-1.));
#4955=DIRECTION('',(-1.,0.,1.23908819712629E-17));
#4956=DIRECTION('',(-1.,0.,1.23908819712629E-17));
#4957=DIRECTION('',(1.39643668824859E-16,-1.,0.));
#4958=DIRECTION('',(-1.23908819712629E-17,-1.73030821844295E-33,-1.));
#4959=DIRECTION('',(-1.,0.,1.23908819712629E-17));
#4960=DIRECTION('',(-1.23908819712629E-17,-1.73030821844295E-33,-1.));
#4961=DIRECTION('',(-1.,0.,1.23908819712629E-17));
#4962=DIRECTION('',(-1.,-1.39643668824859E-16,0.));
#4963=DIRECTION('',(1.39643668824859E-16,-1.,0.));
#4964=DIRECTION('',(1.39643668824859E-16,-1.,0.));
#4965=DIRECTION('',(0.,0.,-1.));
#4966=DIRECTION('',(0.,0.,1.));
#4967=DIRECTION('',(0.,-1.,0.));
#4968=DIRECTION('',(0.,0.,-1.));
#4969=DIRECTION('',(0.,0.,1.));
#4970=DIRECTION('',(0.,0.,1.));
#4971=DIRECTION('',(-1.,0.,0.));
#4972=DIRECTION('',(0.,0.,1.));
#4973=DIRECTION('',(0.,0.,1.));
#4974=DIRECTION('',(0.,0.,1.));
#4975=DIRECTION('',(-2.16840434497101E-16,1.,0.));
#4976=DIRECTION('',(-1.,-2.16840434497101E-16,0.));
#4977=DIRECTION('',(0.,0.,1.));
#4978=DIRECTION('',(0.,0.,1.));
#4979=DIRECTION('',(1.,0.,0.));
#4980=DIRECTION('',(0.,0.,-1.));
#4981=DIRECTION('',(0.,0.,1.));
#4982=DIRECTION('',(0.,0.,1.));
#4983=DIRECTION('',(0.,-1.,0.));
#4984=DIRECTION('',(0.,0.,-1.));
#4985=DIRECTION('',(0.,0.,1.));
#4986=DIRECTION('',(0.,0.,1.));
#4987=DIRECTION('',(-1.,0.,0.));
#4988=DIRECTION('',(0.,0.,1.));
#4989=DIRECTION('',(0.,0.,1.));
#4990=DIRECTION('',(0.,0.,1.));
#4991=DIRECTION('',(-1.11917643611407E-16,1.,0.));
#4992=DIRECTION('',(-1.,-1.11917643611407E-16,0.));
#4993=DIRECTION('',(0.,0.,1.));
#4994=DIRECTION('',(0.,0.,1.));
#4995=DIRECTION('',(1.,0.,0.));
#4996=DIRECTION('',(0.,0.,-1.));
#4997=DIRECTION('',(0.,0.,1.));
#4998=DIRECTION('',(0.,0.,1.));
#4999=DIRECTION('',(0.,-1.,0.));
#5000=DIRECTION('',(0.,0.,-1.));
#5001=DIRECTION('',(0.,0.,1.));
#5002=DIRECTION('',(0.,0.,1.));
#5003=DIRECTION('',(-1.,-8.67361737988405E-16,0.));
#5004=DIRECTION('',(8.67361737988405E-16,-1.,0.));
#5005=DIRECTION('',(0.,0.,1.));
#5006=DIRECTION('',(0.,0.,1.));
#5007=DIRECTION('',(-1.11917643611407E-16,1.,0.));
#5008=DIRECTION('',(-1.,-1.11917643611407E-16,0.));
#5009=DIRECTION('',(0.,0.,1.));
#5010=DIRECTION('',(0.,0.,1.));
#5011=DIRECTION('',(1.,0.,0.));
#5012=DIRECTION('',(0.,0.,-1.));
#5013=DIRECTION('',(0.,0.,1.));
#5014=DIRECTION('',(0.,0.,1.));
#5015=DIRECTION('',(2.16840434497101E-16,-1.,0.));
#5016=DIRECTION('',(1.,2.16840434497101E-16,0.));
#5017=DIRECTION('',(0.,0.,-1.));
#5018=DIRECTION('',(0.,0.,-1.));
#5019=DIRECTION('',(-7.2280144832367E-17,1.,0.));
#5020=DIRECTION('',(-1.,-7.2280144832367E-17,0.));
#5021=DIRECTION('',(0.,0.,-1.));
#5022=DIRECTION('',(0.,0.,-1.));
#5023=DIRECTION('',(1.47093567776439E-16,-1.,0.));
#5024=DIRECTION('',(1.,1.47093567776439E-16,0.));
#5025=DIRECTION('',(0.,0.,1.));
#5026=DIRECTION('',(1.47093567776439E-16,-1.,0.));
#5027=DIRECTION('',(1.,1.47093567776439E-16,0.));
#5028=DIRECTION('',(0.,0.,1.));
#5029=DIRECTION('',(1.47093567776439E-16,-1.,0.));
#5030=DIRECTION('',(1.,1.47093567776439E-16,0.));
#5031=DIRECTION('',(0.,0.,1.));
#5032=DIRECTION('',(0.,1.,0.));
#5033=DIRECTION('',(0.,0.,1.));
#5034=DIRECTION('',(0.,0.,1.));
#5035=DIRECTION('',(0.,0.,1.));
#5036=DIRECTION('',(0.,1.,0.));
#5037=DIRECTION('',(0.,0.,1.));
#5038=DIRECTION('',(0.,0.,-1.));
#5039=DIRECTION('',(0.,1.,0.));
#5040=DIRECTION('',(0.,0.,1.));
#5041=DIRECTION('',(1.,-6.28522998542328E-16,0.));
#5042=DIRECTION('',(6.28522998542328E-16,1.,0.));
#5043=DIRECTION('',(0.,0.,1.));
#5044=DIRECTION('',(1.,0.,0.));
#5045=DIRECTION('',(0.,0.,-1.));
#5046=DIRECTION('',(-1.,0.,0.));
#5047=DIRECTION('',(-1.39643668824859E-16,1.,0.));
#5048=DIRECTION('',(-1.,-1.39643668824859E-16,0.));
#5049=DIRECTION('',(0.,1.,0.));
#5050=DIRECTION('',(0.,0.,1.));
#5051=DIRECTION('',(-1.,0.,0.));
#5052=DIRECTION('',(0.,0.,1.));
#5053=DIRECTION('',(-1.,0.,0.));
#5054=DIRECTION('',(0.,0.,1.));
#5055=DIRECTION('',(0.,0.,-1.));
#5056=DIRECTION('',(-1.,0.,0.));
#5057=DIRECTION('',(0.,0.,-1.));
#5058=DIRECTION('',(-1.,0.,0.));
#5059=DIRECTION('',(-1.,1.36888812466112E-16,0.));
#5060=DIRECTION('',(-1.36888812466112E-16,-1.,0.));
#5061=DIRECTION('',(1.,0.,0.));
#5062=DIRECTION('',(0.,0.,-1.));
#5063=DIRECTION('',(0.,1.,0.));
#5064=DIRECTION('',(0.,0.,1.));
#5065=DIRECTION('',(0.,1.,0.));
#5066=DIRECTION('',(0.,0.,1.));
#5067=DIRECTION('',(0.,0.,-1.));
#5068=DIRECTION('',(-1.,0.,0.));
#5069=DIRECTION('',(0.,0.,-1.));
#5070=DIRECTION('',(-1.,0.,0.));
#5071=DIRECTION('',(0.,1.,0.));
#5072=DIRECTION('',(0.,0.,1.));
#5073=DIRECTION('',(0.,-1.,0.));
#5074=DIRECTION('',(0.,0.,-1.));
#5075=DIRECTION('',(1.,0.,0.));
#5076=DIRECTION('',(0.,0.,-1.));
#5077=DIRECTION('',(1.,0.,0.));
#5078=DIRECTION('',(0.,0.,-1.));
#5079=DIRECTION('',(1.,1.36888812466112E-16,0.));
#5080=DIRECTION('',(-1.36888812466112E-16,1.,0.));
#5081=DIRECTION('',(-1.,0.,0.));
#5082=DIRECTION('',(0.,0.,1.));
#5083=DIRECTION('',(-1.39643668824859E-16,1.,0.));
#5084=DIRECTION('',(-1.,-1.39643668824859E-16,0.));
#5085=DIRECTION('',(0.,-1.,0.));
#5086=DIRECTION('',(0.,0.,-1.));
#5087=DIRECTION('',(0.,0.,-1.));
#5088=DIRECTION('',(-1.,0.,0.));
#5089=DIRECTION('',(0.,0.,-1.));
#5090=DIRECTION('',(-1.,0.,0.));
#5091=DIRECTION('',(0.,0.,1.));
#5092=DIRECTION('',(1.,0.,0.));
#5093=DIRECTION('',(0.,0.,-1.));
#5094=DIRECTION('',(-1.,0.,0.));
#5095=DIRECTION('',(0.,0.,-1.));
#5096=DIRECTION('',(-1.,0.,0.));
#5097=DIRECTION('',(0.,0.,-1.));
#5098=DIRECTION('',(-1.,0.,0.));
#5099=DIRECTION('',(0.,0.,-1.));
#5100=DIRECTION('',(-1.,0.,0.));
#5101=DIRECTION('',(0.,0.,1.));
#5102=DIRECTION('',(1.,0.,0.));
#5103=DIRECTION('',(0.,0.,1.));
#5104=DIRECTION('',(1.,0.,0.));
#5105=DIRECTION('',(0.,0.,1.));
#5106=DIRECTION('',(1.,0.,0.));
#5107=DIRECTION('',(0.,0.,1.));
#5108=DIRECTION('',(1.,0.,0.));
#5109=DIRECTION('',(0.,0.,1.));
#5110=DIRECTION('',(1.,0.,0.));
#5111=DIRECTION('',(0.,0.,1.));
#5112=DIRECTION('',(1.,0.,0.));
#5113=DIRECTION('',(0.,0.,1.));
#5114=DIRECTION('',(1.,0.,0.));
#5115=DIRECTION('',(0.,0.,-1.));
#5116=DIRECTION('',(-1.,0.,0.));
#5117=DIRECTION('',(0.,0.,-1.));
#5118=DIRECTION('',(-1.,0.,0.));
#5119=DIRECTION('',(0.,0.,-1.));
#5120=DIRECTION('',(-1.,0.,0.));
#5121=DIRECTION('',(0.,0.,-1.));
#5122=DIRECTION('',(-1.,0.,0.));
#5123=DIRECTION('',(0.,0.,-1.));
#5124=DIRECTION('',(-1.,0.,0.));
#5125=DIRECTION('',(0.,0.,-1.));
#5126=DIRECTION('',(-1.,0.,0.));
#5127=DIRECTION('',(0.,0.,-1.));
#5128=DIRECTION('',(-1.,0.,0.));
#5129=DIRECTION('',(0.,0.,-1.));
#5130=DIRECTION('',(-1.,0.,0.));
#5131=DIRECTION('',(0.,0.,-1.));
#5132=DIRECTION('',(-1.,0.,0.));
#5133=DIRECTION('',(0.,0.,-1.));
#5134=DIRECTION('',(-1.,0.,0.));
#5135=DIRECTION('',(0.,0.,-1.));
#5136=DIRECTION('',(-1.,0.,0.));
#5137=DIRECTION('',(0.,0.,-1.));
#5138=DIRECTION('',(-1.,0.,0.));
#5139=DIRECTION('',(0.,0.,-1.));
#5140=DIRECTION('',(-1.,0.,0.));
#5141=DIRECTION('',(1.39643668824859E-16,-1.,0.));
#5142=DIRECTION('',(1.,1.39643668824859E-16,0.));
#5143=DIRECTION('',(1.39643668824859E-16,-1.,0.));
#5144=DIRECTION('',(1.,1.39643668824859E-16,0.));
#5145=DIRECTION('',(0.,0.74535599249993,-0.666666666666667));
#5146=DIRECTION('',(0.,0.666666666666667,0.74535599249993));
#5147=DIRECTION('',(1.,0.,0.));
#5148=DIRECTION('',(0.,0.666666666666667,0.74535599249993));
#5149=DIRECTION('',(1.,0.,0.));
#5150=DIRECTION('',(0.,-0.74535599249993,-0.666666666666667));
#5151=DIRECTION('',(0.,0.666666666666667,-0.74535599249993));
#5152=DIRECTION('',(0.,0.666666666666667,-0.74535599249993));
#5153=DIRECTION('',(1.,0.,0.));
#5154=DIRECTION('',(0.,-5.78241158658936E-16,1.));
#5155=DIRECTION('',(0.,-1.,-5.78241158658936E-16));
#5156=DIRECTION('',(0.,-1.,-5.78241158658936E-16));
#5157=DIRECTION('',(1.,0.,0.));
#5158=DIRECTION('',(0.,-1.,-2.16840434497101E-16));
#5159=DIRECTION('',(0.,2.16840434497101E-16,-1.));
#5160=DIRECTION('',(0.,2.16840434497101E-16,-1.));
#5161=DIRECTION('',(1.,0.,0.));
#5162=DIRECTION('',(0.,-4.33680868994202E-16,1.));
#5163=DIRECTION('',(0.,-1.,-4.33680868994202E-16));
#5164=DIRECTION('',(0.,-1.,-4.33680868994202E-16));
#5165=DIRECTION('',(1.,0.,0.));
#5166=DIRECTION('',(0.,1.,8.67361737988404E-17));
#5167=DIRECTION('',(0.,-8.67361737988404E-17,1.));
#5168=DIRECTION('',(0.,-8.67361737988404E-17,1.));
#5169=DIRECTION('',(1.,0.,0.));
#5170=DIRECTION('',(0.,-2.89120579329468E-16,1.));
#5171=DIRECTION('',(0.,-1.,-2.89120579329468E-16));
#5172=DIRECTION('',(0.,-1.,-2.89120579329468E-16));
#5173=DIRECTION('',(-1.,0.,0.));
#5174=DIRECTION('',(0.,0.,1.));
#5175=DIRECTION('',(-1.,2.77555756156289E-16,4.93533955052679E-17));
#5176=DIRECTION('',(4.93533955052678E-17,-1.77442313255306E-16,1.));
#5177=DIRECTION('',(0.,0.,1.));
#5178=DIRECTION('',(1.,0.,0.));
#5179=DIRECTION('',(2.16840434497101E-16,-1.,0.));
#5180=DIRECTION('',(0.,0.,1.));
#5181=DIRECTION('',(1.,0.,0.));
#5182=DIRECTION('',(1.,0.,0.));
#5183=DIRECTION('',(0.,0.,1.));
#5184=DIRECTION('',(1.,0.,0.));
#5185=DIRECTION('',(-2.16840434497101E-16,1.,0.));
#5186=DIRECTION('',(0.,0.,1.));
#5187=DIRECTION('',(1.,0.,0.));
#5188=DIRECTION('',(-1.,0.,0.));
#5189=DIRECTION('',(0.,0.,1.));
#5190=DIRECTION('',(1.,0.,0.));
#5191=DIRECTION('',(0.,-1.,0.));
#5192=DIRECTION('',(0.,0.,1.));
#5193=DIRECTION('',(1.,0.,0.));
#5194=DIRECTION('',(1.,0.,0.));
#5195=DIRECTION('',(0.,0.,1.));
#5196=DIRECTION('',(1.,0.,0.));
#5197=DIRECTION('',(-1.11917643611407E-16,1.,0.));
#5198=DIRECTION('',(0.,0.,1.));
#5199=DIRECTION('',(1.,0.,0.));
#5200=DIRECTION('',(-1.,0.,0.));
#5201=DIRECTION('',(0.,0.,1.));
#5202=DIRECTION('',(1.,0.,0.));
#5203=DIRECTION('',(0.,0.,1.));
#5204=DIRECTION('',(1.,0.,0.));
#5205=DIRECTION('',(0.,0.,1.));
#5206=DIRECTION('',(1.,0.,0.));
#5207=DIRECTION('',(0.,0.,1.));
#5208=DIRECTION('',(1.,0.,0.));
#5209=DIRECTION('',(0.,0.,1.));
#5210=DIRECTION('',(1.,0.,0.));
#5211=DIRECTION('',(0.,-1.,0.));
#5212=DIRECTION('',(0.,0.,1.));
#5213=DIRECTION('',(1.,0.,0.));
#5214=DIRECTION('',(1.,0.,0.));
#5215=DIRECTION('',(0.,0.,1.));
#5216=DIRECTION('',(1.,0.,0.));
#5217=DIRECTION('',(-1.11917643611407E-16,1.,0.));
#5218=DIRECTION('',(0.,0.,1.));
#5219=DIRECTION('',(1.,0.,0.));
#5220=DIRECTION('',(-1.,0.,0.));
#5221=DIRECTION('',(0.,0.,1.));
#5222=DIRECTION('',(1.,0.,0.));
#5223=DIRECTION('',(1.79022030544562E-16,1.,0.));
#5224=DIRECTION('',(-1.,1.15648231731787E-16,0.));
#5225=DIRECTION('',(0.,1.,0.));
#5226=DIRECTION('',(1.,1.15648231731787E-16,0.));
#5227=DIRECTION('',(0.,-1.,0.));
#5228=DIRECTION('',(-1.,1.15648231731787E-16,0.));
#5229=DIRECTION('',(0.,-1.,0.));
#5230=DIRECTION('',(1.,0.,0.));
#5231=DIRECTION('',(0.,-1.,0.));
#5232=DIRECTION('',(0.,0.,1.));
#5233=DIRECTION('',(1.,0.,0.));
#5234=DIRECTION('',(1.,0.,0.));
#5235=DIRECTION('',(0.,0.,1.));
#5236=DIRECTION('',(1.,0.,0.));
#5237=DIRECTION('',(0.,1.,0.));
#5238=DIRECTION('',(0.,0.,1.));
#5239=DIRECTION('',(1.,0.,0.));
#5240=DIRECTION('',(-1.,0.,0.));
#5241=DIRECTION('',(0.,0.,1.));
#5242=DIRECTION('',(1.,0.,0.));
#5243=DIRECTION('',(1.79022030544562E-16,1.,0.));
#5244=DIRECTION('',(-1.,0.,0.));
#5245=DIRECTION('',(0.,-1.,0.));
#5246=DIRECTION('',(0.,0.,1.));
#5247=DIRECTION('',(1.,0.,0.));
#5248=DIRECTION('',(-1.,0.,0.));
#5249=DIRECTION('',(0.,0.,1.));
#5250=DIRECTION('',(1.,0.,0.));
#5251=DIRECTION('',(1.31418445149758E-16,-1.,0.));
#5252=DIRECTION('',(0.,0.,1.));
#5253=DIRECTION('',(1.,0.,0.));
#5254=DIRECTION('',(0.,1.,0.));
#5255=DIRECTION('',(0.,0.,1.));
#5256=DIRECTION('',(1.,0.,0.));
#5257=DIRECTION('',(0.,0.,1.));
#5258=DIRECTION('',(1.,0.,0.));
#5259=DIRECTION('',(0.,0.,1.));
#5260=DIRECTION('',(1.,0.,0.));
#5261=DIRECTION('',(0.,0.,1.));
#5262=DIRECTION('',(1.,0.,0.));
#5263=DIRECTION('',(0.,0.,1.));
#5264=DIRECTION('',(1.,0.,0.));
#5265=DIRECTION('',(-1.79022030544562E-16,-1.,0.));
#5266=DIRECTION('',(0.,0.,1.));
#5267=DIRECTION('',(1.,0.,0.));
#5268=DIRECTION('',(-1.,0.,0.));
#5269=DIRECTION('',(0.,0.,1.));
#5270=DIRECTION('',(1.,0.,0.));
#5271=DIRECTION('',(0.,1.,0.));
#5272=DIRECTION('',(0.,0.,1.));
#5273=DIRECTION('',(1.,0.,0.));
#5274=DIRECTION('',(1.,0.,0.));
#5275=DIRECTION('',(0.,0.,1.));
#5276=DIRECTION('',(1.,0.,0.));
#5277=DIRECTION('',(1.31418445149758E-16,-1.,0.));
#5278=DIRECTION('',(0.,0.,1.));
#5279=DIRECTION('',(1.,0.,0.));
#5280=DIRECTION('',(-1.,0.,0.));
#5281=DIRECTION('',(0.,0.,1.));
#5282=DIRECTION('',(1.,0.,0.));
#5283=DIRECTION('',(0.,1.,0.));
#5284=DIRECTION('',(0.,0.,1.));
#5285=DIRECTION('',(1.,0.,0.));
#5286=DIRECTION('',(-1.,1.15648231731787E-16,0.));
#5287=DIRECTION('',(0.,-1.,0.));
#5288=DIRECTION('',(0.,0.,1.));
#5289=DIRECTION('',(1.,0.,0.));
#5290=DIRECTION('',(1.,1.15648231731787E-16,0.));
#5291=DIRECTION('',(0.,0.,1.));
#5292=DIRECTION('',(1.,0.,0.));
#5293=DIRECTION('',(0.,1.,0.));
#5294=DIRECTION('',(-1.,1.15648231731787E-16,0.));
#5295=DIRECTION('',(0.,0.,1.));
#5296=DIRECTION('',(1.,0.,0.));
#5297=DIRECTION('',(-1.11917643611407E-16,1.,0.));
#5298=DIRECTION('',(0.,0.,1.));
#5299=DIRECTION('',(1.,0.,0.));
#5300=DIRECTION('',(1.,0.,0.));
#5301=DIRECTION('',(0.,0.,1.));
#5302=DIRECTION('',(1.,0.,0.));
#5303=DIRECTION('',(0.,-1.,0.));
#5304=DIRECTION('',(0.,0.,1.));
#5305=DIRECTION('',(1.,0.,0.));
#5306=DIRECTION('',(-1.,0.,0.));
#5307=DIRECTION('',(0.,0.,1.));
#5308=DIRECTION('',(1.,0.,0.));
#5309=DIRECTION('',(-1.11917643611407E-16,1.,0.));
#5310=DIRECTION('',(0.,0.,1.));
#5311=DIRECTION('',(1.,0.,0.));
#5312=DIRECTION('',(1.,0.,0.));
#5313=DIRECTION('',(0.,0.,1.));
#5314=DIRECTION('',(1.,0.,0.));
#5315=DIRECTION('',(0.,-1.,0.));
#5316=DIRECTION('',(0.,0.,1.));
#5317=DIRECTION('',(1.,0.,0.));
#5318=DIRECTION('',(-1.,0.,0.));
#5319=DIRECTION('',(0.,0.,1.));
#5320=DIRECTION('',(1.,0.,0.));
#5321=DIRECTION('',(-2.16840434497101E-16,1.,0.));
#5322=DIRECTION('',(0.,0.,1.));
#5323=DIRECTION('',(1.,0.,0.));
#5324=DIRECTION('',(1.,0.,0.));
#5325=DIRECTION('',(0.,0.,1.));
#5326=DIRECTION('',(1.,0.,0.));
#5327=DIRECTION('',(2.16840434497101E-16,-1.,0.));
#5328=DIRECTION('',(0.,0.,1.));
#5329=DIRECTION('',(1.,0.,0.));
#5330=DIRECTION('',(-1.,0.,0.));
#5331=DIRECTION('',(0.,0.,1.));
#5332=DIRECTION('',(1.,0.,0.));
#5333=DIRECTION('',(-1.15648231731787E-16,-1.,0.));
#5334=DIRECTION('',(1.,-1.15648231731787E-16,0.));
#5335=DIRECTION('',(-1.,1.15648231731787E-16,0.));
#5336=DIRECTION('',(0.,0.,-1.));
#5337=DIRECTION('',(0.,0.,-1.));
#5338=DIRECTION('',(-1.15648231731787E-16,-1.,0.));
#5339=DIRECTION('',(1.,-1.15648231731787E-16,0.));
#5340=DIRECTION('',(0.,0.,-1.));
#5341=DIRECTION('',(-1.,1.15648231731787E-16,0.));
#5342=DIRECTION('',(0.,0.,-1.));
#5343=DIRECTION('',(0.,1.,0.));
#5344=DIRECTION('',(0.,0.,1.));
#5345=DIRECTION('',(0.,0.,1.));
#5346=DIRECTION('',(0.,0.,-1.));
#5347=DIRECTION('',(0.,1.,0.));
#5348=DIRECTION('',(0.,0.,1.));
#5349=DIRECTION('',(0.,0.,1.));
#5350=DIRECTION('',(0.,0.,-1.));
#5351=DIRECTION('',(1.,0.,0.));
#5352=DIRECTION('',(0.,0.,-1.));
#5353=DIRECTION('',(0.,-1.,0.));
#5354=DIRECTION('',(0.,0.,-1.));
#5355=DIRECTION('',(-1.15648231731787E-16,1.,0.));
#5356=DIRECTION('',(-1.,-1.15648231731787E-16,0.));
#5357=DIRECTION('',(1.,1.15648231731787E-16,0.));
#5358=DIRECTION('',(0.,0.,-1.));
#5359=DIRECTION('',(0.,0.,-1.));
#5360=DIRECTION('',(-1.,0.,0.));
#5361=DIRECTION('',(0.,0.,1.));
#5362=DIRECTION('',(0.,0.,-1.));
#5363=DIRECTION('',(0.,1.,0.));
#5364=DIRECTION('',(0.,0.,1.));
#5365=DIRECTION('',(1.,0.,0.));
#5366=DIRECTION('',(0.,0.,1.));
#5367=DIRECTION('',(1.,0.,0.));
#5368=DIRECTION('',(0.,0.,1.));
#5369=DIRECTION('',(1.,0.,0.));
#5370=DIRECTION('',(0.,0.,1.));
#5371=DIRECTION('',(1.,0.,0.));
#5372=DIRECTION('',(0.,-1.,0.));
#5373=DIRECTION('',(0.,0.,-1.));
#5374=DIRECTION('',(0.,0.,1.));
#5375=DIRECTION('',(0.,0.,1.));
#5376=DIRECTION('',(1.,0.,0.));
#5377=DIRECTION('',(0.,0.,-1.));
#5378=DIRECTION('',(0.,0.,1.));
#5379=DIRECTION('',(0.,0.,1.));
#5380=DIRECTION('',(-1.,-1.31418445149758E-16,0.));
#5381=DIRECTION('',(1.31418445149758E-16,-1.,0.));
#5382=DIRECTION('',(0.,0.,1.));
#5383=DIRECTION('',(0.,0.,1.));
#5384=DIRECTION('',(-1.,1.79022030544562E-16,0.));
#5385=DIRECTION('',(-1.79022030544562E-16,-1.,0.));
#5386=DIRECTION('',(0.,0.,-1.));
#5387=DIRECTION('',(0.,0.,-1.));
#5388=DIRECTION('',(0.,0.,-1.));
#5389=DIRECTION('',(1.,0.,0.));
#5390=DIRECTION('',(0.,0.,-1.));
#5391=DIRECTION('',(0.,0.,-1.));
#5392=DIRECTION('',(0.,0.,-1.));
#5393=DIRECTION('',(0.,0.,-1.));
#5394=DIRECTION('',(0.,1.,0.));
#5395=DIRECTION('',(0.,0.,1.));
#5396=DIRECTION('',(-1.,0.,0.));
#5397=DIRECTION('',(0.,0.,1.));
#5398=DIRECTION('',(0.,0.,1.));
#5399=DIRECTION('',(0.,0.,1.));
#5400=DIRECTION('',(0.,1.,0.));
#5401=DIRECTION('',(0.,0.,1.));
#5402=DIRECTION('',(0.,0.,1.));
#5403=DIRECTION('',(0.,0.,1.));
#5404=DIRECTION('',(1.,1.11917643611407E-16,0.));
#5405=DIRECTION('',(-1.11917643611407E-16,1.,0.));
#5406=DIRECTION('',(0.,0.,1.));
#5407=DIRECTION('',(0.,0.,1.));
#5408=DIRECTION('',(0.,-1.,0.));
#5409=DIRECTION('',(0.,0.,-1.));
#5410=DIRECTION('',(0.,0.,1.));
#5411=DIRECTION('',(0.,0.,1.));
#5412=DIRECTION('',(-1.,0.,0.));
#5413=DIRECTION('',(0.,0.,1.));
#5414=DIRECTION('',(0.,0.,1.));
#5415=DIRECTION('',(0.,0.,1.));
#5416=DIRECTION('',(0.,1.,0.));
#5417=DIRECTION('',(0.,0.,1.));
#5418=DIRECTION('',(0.,0.,1.));
#5419=DIRECTION('',(0.,0.,1.));
#5420=DIRECTION('',(1.,1.11917643611407E-16,0.));
#5421=DIRECTION('',(-1.11917643611407E-16,1.,0.));
#5422=DIRECTION('',(0.,0.,1.));
#5423=DIRECTION('',(0.,0.,1.));
#5424=DIRECTION('',(0.,-1.,0.));
#5425=DIRECTION('',(0.,0.,-1.));
#5426=DIRECTION('',(0.,0.,1.));
#5427=DIRECTION('',(0.,0.,1.));
#5428=DIRECTION('',(-1.,-2.16840434497101E-16,0.));
#5429=DIRECTION('',(2.16840434497101E-16,-1.,0.));
#5430=DIRECTION('',(0.,0.,1.));
#5431=DIRECTION('',(0.,0.,1.));
#5432=DIRECTION('',(0.,1.,0.));
#5433=DIRECTION('',(0.,0.,1.));
#5434=DIRECTION('',(0.,0.,1.));
#5435=DIRECTION('',(0.,0.,1.));
#5436=DIRECTION('',(1.,2.16840434497101E-16,0.));
#5437=DIRECTION('',(-2.16840434497101E-16,1.,0.));
#5438=DIRECTION('',(0.,0.,1.));
#5439=DIRECTION('',(0.,0.,1.));
#5440=DIRECTION('',(0.,-1.,0.));
#5441=DIRECTION('',(0.,0.,-1.));
#5442=DIRECTION('',(0.,0.,1.));
#5443=DIRECTION('',(0.,0.,1.));
#5444=DIRECTION('',(0.,0.,1.));
#5445=DIRECTION('',(1.,0.,0.));
#5446=DIRECTION('',(-0.707106781186547,8.177564888978E-17,-0.707106781186547));
#5447=DIRECTION('',(-0.707106781186547,8.177564888978E-17,0.707106781186547));
#5448=DIRECTION('',(-1.,1.15648231731787E-16,0.));
#5449=DIRECTION('',(-1.15648231731787E-16,-1.,0.));
#5450=DIRECTION('',(-0.707106781186548,-0.707106781186547,0.));
#5451=DIRECTION('',(0.707106781186547,-0.707106781186548,0.));
#5452=DIRECTION('',(0.,-1.,0.));
#5453=DIRECTION('',(0.,0.,-1.));
#5454=DIRECTION('',(0.,-1.,0.));
#5455=DIRECTION('',(0.,0.,-1.));
#5456=DIRECTION('',(0.,0.,-1.));
#5457=DIRECTION('',(-1.,0.,0.));
#5458=DIRECTION('',(0.,0.,-1.));
#5459=DIRECTION('',(-1.,0.,0.));
#5460=DIRECTION('',(-1.,0.,0.));
#5461=DIRECTION('',(0.,0.,1.));
#5462=DIRECTION('',(-1.,0.,0.));
#5463=DIRECTION('',(0.,0.,1.));
#5464=DIRECTION('',(1.,1.15648231731787E-16,0.));
#5465=DIRECTION('',(-1.15648231731787E-16,1.,0.));
#5466=DIRECTION('',(1.,0.,0.));
#5467=DIRECTION('',(0.,0.,-1.));
#5468=DIRECTION('',(0.,0.,-1.));
#5469=DIRECTION('',(-1.,0.,0.));
#5470=DIRECTION('',(0.,0.,-1.));
#5471=DIRECTION('',(-1.,0.,0.));
#5472=DIRECTION('',(0.,-1.,0.));
#5473=DIRECTION('',(0.,0.,-1.));
#5474=DIRECTION('',(0.,-1.,0.));
#5475=DIRECTION('',(0.,0.,-1.));
#5476=DIRECTION('',(0.,1.,0.));
#5477=DIRECTION('',(0.,0.,1.));
#5478=DIRECTION('',(-0.707106781186547,0.707106781186548,0.));
#5479=DIRECTION('',(0.707106781186548,0.707106781186547,0.));
#5480=DIRECTION('',(-1.,1.15648231731787E-16,0.));
#5481=DIRECTION('',(-1.15648231731787E-16,-1.,0.));
#5482=DIRECTION('',(-0.707106781186547,8.177564888978E-17,0.707106781186547));
#5483=DIRECTION('',(-0.707106781186547,8.177564888978E-17,-0.707106781186547));
#5484=DIRECTION('',(0.,0.,1.));
#5485=DIRECTION('',(1.,0.,0.));
#5486=DIRECTION('',(0.,0.,-1.));
#5487=DIRECTION('',(-1.,0.,0.));
#5488=DIRECTION('',(0.,0.,-1.));
#5489=DIRECTION('',(-1.,0.,0.));
#5490=DIRECTION('',(0.,0.,-1.));
#5491=DIRECTION('',(-1.,0.,0.));
#5492=DIRECTION('',(0.,0.,-1.));
#5493=DIRECTION('',(-1.,0.,0.));
#5494=DIRECTION('',(0.,0.,-1.));
#5495=DIRECTION('',(-1.,0.,0.));
#5496=DIRECTION('',(0.,0.,-1.));
#5497=DIRECTION('',(-1.,0.,0.));
#5498=DIRECTION('',(0.,0.,-1.));
#5499=DIRECTION('',(-1.,0.,0.));
#5500=DIRECTION('',(0.,0.,-1.));
#5501=DIRECTION('',(-1.,0.,0.));
#5502=DIRECTION('',(0.,0.,-1.));
#5503=DIRECTION('',(-1.,0.,0.));
#5504=DIRECTION('',(0.,0.,-1.));
#5505=DIRECTION('',(-1.,0.,0.));
#5506=DIRECTION('',(0.,0.,-1.));
#5507=DIRECTION('',(-1.,0.,0.));
#5508=DIRECTION('',(0.,0.,-1.));
#5509=DIRECTION('',(-1.,0.,0.));
#5510=DIRECTION('',(0.,0.,-1.));
#5511=DIRECTION('',(-1.,0.,0.));
#5512=DIRECTION('',(0.,0.,-1.));
#5513=DIRECTION('',(-1.,0.,0.));
#5514=DIRECTION('',(0.,0.,-1.));
#5515=DIRECTION('',(-1.,0.,0.));
#5516=DIRECTION('',(0.,0.,-1.));
#5517=DIRECTION('',(-1.,0.,0.));
#5518=DIRECTION('',(0.,0.,1.));
#5519=DIRECTION('',(1.,0.,0.));
#5520=DIRECTION('',(0.,0.,1.));
#5521=DIRECTION('',(1.,0.,0.));
#5522=DIRECTION('',(0.,0.,-1.));
#5523=DIRECTION('',(0.,0.,-1.));
#5524=DIRECTION('',(0.,0.,-1.));
#5525=DIRECTION('',(0.,0.,-1.));
#5526=DIRECTION('',(1.,0.,0.));
#5527=DIRECTION('',(0.,0.,-1.));
#5528=DIRECTION('',(1.,-3.10596558636924E-17,-1.83382582799655E-16));
#5529=DIRECTION('',(-3.10596558636924E-17,-1.,1.11022302462516E-16));
#5530=DIRECTION('',(-1.,0.,0.));
#5531=DIRECTION('',(0.,0.,1.));
#5532=DIRECTION('',(0.,1.,0.));
#5533=DIRECTION('',(0.,0.,-1.));
#5534=DIRECTION('',(0.,1.,0.));
#5535=DIRECTION('',(0.,0.,-1.));
#5536=DIRECTION('',(0.,1.,0.));
#5537=DIRECTION('',(0.,0.,1.));
#5538=DIRECTION('',(1.,0.,0.));
#5539=DIRECTION('',(0.,0.,-1.));
#5540=DIRECTION('',(1.,0.,0.));
#5541=DIRECTION('',(0.,0.,-1.));
#5542=DIRECTION('',(1.,0.,0.));
#5543=DIRECTION('',(0.,0.,-1.));
#5544=DIRECTION('',(0.,-1.,0.));
#5545=DIRECTION('',(0.,0.,-1.));
#5546=DIRECTION('',(0.,-1.,0.));
#5547=DIRECTION('',(0.,0.,-1.));
#5548=DIRECTION('',(0.,-1.,0.));
#5549=DIRECTION('',(0.,0.,-1.));
#5550=DIRECTION('',(-1.,0.,0.));
#5551=DIRECTION('',(0.,0.,-1.));
#5552=DIRECTION('',(-1.,0.,0.));
#5553=DIRECTION('',(0.,0.,-1.));
#5554=DIRECTION('',(0.,0.,-1.));
#5555=DIRECTION('',(-1.,0.,0.));
#5556=DIRECTION('',(0.,0.,-1.));
#5557=DIRECTION('',(-1.,0.,0.));
#5558=DIRECTION('',(0.,0.,-1.));
#5559=DIRECTION('',(-1.,0.,0.));
#5560=DIRECTION('',(0.,0.,-1.));
#5561=DIRECTION('',(-1.,0.,0.));
#5562=DIRECTION('',(0.,0.,-1.));
#5563=DIRECTION('',(-1.,0.,0.));
#5564=DIRECTION('',(0.,0.,-1.));
#5565=DIRECTION('',(-1.,0.,0.));
#5566=DIRECTION('',(0.,0.,-1.));
#5567=DIRECTION('',(-1.,0.,0.));
#5568=DIRECTION('',(0.,0.,-1.));
#5569=DIRECTION('',(-1.,0.,0.));
#5570=DIRECTION('',(0.,0.,-1.));
#5571=DIRECTION('',(-1.,0.,0.));
#5572=DIRECTION('',(0.,0.,-1.));
#5573=DIRECTION('',(-1.,0.,0.));
#5574=DIRECTION('',(0.,0.,-1.));
#5575=DIRECTION('',(-1.,0.,0.));
#5576=DIRECTION('',(0.,0.,-1.));
#5577=DIRECTION('',(-1.,0.,0.));
#5578=DIRECTION('',(0.,0.,-1.));
#5579=DIRECTION('',(-1.,0.,0.));
#5580=DIRECTION('',(0.,0.,-1.));
#5581=DIRECTION('',(-1.,0.,0.));
#5582=DIRECTION('',(1.,-2.18227042272837E-16,-4.93533955052676E-17));
#5583=DIRECTION('',(-4.93533955052676E-17,5.55111512312578E-17,-1.));
#5584=DIRECTION('',(-1.,0.,0.));
#5585=DIRECTION('',(0.,0.,1.));
#5586=DIRECTION('',(0.,1.,0.));
#5587=DIRECTION('',(0.,0.,-1.));
#5588=DIRECTION('',(0.,1.,0.));
#5589=DIRECTION('',(0.,0.,-1.));
#5590=DIRECTION('',(0.,1.,0.));
#5591=DIRECTION('',(0.,0.,1.));
#5592=DIRECTION('',(1.,0.,0.));
#5593=DIRECTION('',(0.,0.,-1.));
#5594=DIRECTION('',(1.,0.,0.));
#5595=DIRECTION('',(0.,0.,-1.));
#5596=DIRECTION('',(1.,0.,0.));
#5597=DIRECTION('',(0.,0.,-1.));
#5598=DIRECTION('',(0.,-1.,0.));
#5599=DIRECTION('',(0.,0.,-1.));
#5600=DIRECTION('',(0.,-1.,0.));
#5601=DIRECTION('',(0.,0.,-1.));
#5602=DIRECTION('',(0.,-1.,0.));
#5603=DIRECTION('',(0.,0.,-1.));
#5604=DIRECTION('',(-1.,0.,0.));
#5605=DIRECTION('',(0.,0.,-1.));
#5606=DIRECTION('',(-1.,0.,0.));
#5607=DIRECTION('',(0.,0.,-1.));
#5608=DIRECTION('',(0.,0.,-1.));
#5609=DIRECTION('',(-1.,0.,0.));
#5610=DIRECTION('',(0.,0.,-1.));
#5611=DIRECTION('',(0.,1.,0.));
#5612=DIRECTION('',(0.,0.,-1.));
#5613=DIRECTION('',(0.,1.,0.));
#5614=DIRECTION('',(0.,0.,-1.));
#5615=DIRECTION('',(0.,1.,0.));
#5616=DIRECTION('',(0.,0.,-1.));
#5617=DIRECTION('',(0.,1.,0.));
#5618=DIRECTION('',(0.,0.,-1.));
#5619=DIRECTION('',(-1.,0.,0.));
#5620=DIRECTION('',(0.,0.,-1.));
#5621=DIRECTION('',(-1.,0.,0.));
#5622=DIRECTION('',(0.,0.,-1.));
#5623=DIRECTION('',(-1.,0.,0.));
#5624=DIRECTION('',(0.,0.,-1.));
#5625=DIRECTION('',(-1.,0.,0.));
#5626=DIRECTION('',(0.,0.,-1.));
#5627=DIRECTION('',(-1.,0.,0.));
#5628=DIRECTION('',(0.,0.,-1.));
#5629=DIRECTION('',(-1.,0.,0.));
#5630=DIRECTION('',(0.,0.,-1.));
#5631=DIRECTION('',(-1.,0.,0.));
#5632=DIRECTION('',(0.,0.,-1.));
#5633=DIRECTION('',(-1.,0.,0.));
#5634=DIRECTION('',(0.,0.,-1.));
#5635=DIRECTION('',(-1.,0.,0.));
#5636=DIRECTION('',(0.,0.,-1.));
#5637=DIRECTION('',(-1.,0.,0.));
#5638=DIRECTION('',(0.,0.,-1.));
#5639=DIRECTION('',(-1.,0.,0.));
#5640=DIRECTION('',(0.,0.,-1.));
#5641=DIRECTION('',(-1.,0.,0.));
#5642=DIRECTION('',(0.,0.,-1.));
#5643=DIRECTION('',(-1.,0.,0.));
#5644=DIRECTION('',(0.,0.,-1.));
#5645=DIRECTION('',(-1.,0.,0.));
#5646=DIRECTION('',(0.,0.,-1.));
#5647=DIRECTION('',(0.,1.,0.));
#5648=DIRECTION('',(0.,0.,1.));
#5649=DIRECTION('',(1.,0.,0.));
#5650=DIRECTION('',(0.,0.,-1.));
#5651=DIRECTION('',(-1.,0.,0.));
#5652=DIRECTION('',(0.,0.,-1.));
#5653=DIRECTION('',(0.,1.,0.));
#5654=DIRECTION('',(0.,0.,1.));
#5655=DIRECTION('',(1.,0.,0.));
#5656=DIRECTION('',(0.,0.,-1.));
#5657=DIRECTION('',(-1.,0.,0.));
#5658=DIRECTION('',(0.,0.,-1.));
#5659=DIRECTION('',(0.,1.,0.));
#5660=DIRECTION('',(0.,0.,1.));
#5661=DIRECTION('',(1.,0.,0.));
#5662=DIRECTION('',(0.,0.,-1.));
#5663=DIRECTION('',(-1.,0.,0.));
#5664=DIRECTION('',(0.,0.,-1.));
#5665=DIRECTION('',(0.,1.,0.));
#5666=DIRECTION('',(0.,0.,1.));
#5667=DIRECTION('',(1.,0.,0.));
#5668=DIRECTION('',(1.,-2.18227042272837E-16,7.28220459046956E-16));
#5669=DIRECTION('',(7.28220459046956E-16,1.38777878078145E-17,-1.));
#5670=DIRECTION('',(1.,0.,0.));
#5671=DIRECTION('',(0.,0.,-1.));
#5672=DIRECTION('',(0.,-1.,0.));
#5673=DIRECTION('',(0.,0.,-1.));
#5674=DIRECTION('',(0.,-1.,0.));
#5675=DIRECTION('',(0.,0.,-1.));
#5676=DIRECTION('',(0.,1.,0.));
#5677=DIRECTION('',(0.,0.,1.));
#5678=DIRECTION('',(1.,0.,0.));
#5679=DIRECTION('',(0.,0.,-1.));
#5680=DIRECTION('',(1.,0.,0.));
#5681=DIRECTION('',(-1.,0.,0.));
#5682=DIRECTION('',(0.,0.,1.));
#5683=DIRECTION('',(0.,1.,0.));
#5684=DIRECTION('',(0.,0.,-1.));
#5685=DIRECTION('',(0.,1.,0.));
#5686=DIRECTION('',(0.,-1.,0.));
#5687=DIRECTION('',(0.,0.,-1.));
#5688=DIRECTION('',(-1.,0.,0.));
#5689=DIRECTION('',(-1.,0.,0.));
#5690=DIRECTION('',(0.,0.,1.));
#5691=DIRECTION('',(1.,0.,0.));
#5692=DIRECTION('',(0.,0.,1.));
#5693=DIRECTION('',(1.,0.,0.));
#5694=DIRECTION('',(1.,-2.77555756156289E-16,7.09344711081299E-16));
#5695=DIRECTION('',(-2.77555756156289E-16,-1.,-1.66533453693773E-16));
#5696=CARTESIAN_POINT('',(0.,0.,0.));
#5697=CARTESIAN_POINT('',(-30.,70.,-3.5));
#5698=CARTESIAN_POINT('',(-30.,15.,-3.5));
#5699=CARTESIAN_POINT('',(-30.,15.,-3.5));
#5700=CARTESIAN_POINT('',(-30.,15.,2.5));
#5701=CARTESIAN_POINT('',(-30.,70.,2.5));
#5702=CARTESIAN_POINT('',(-30.,55.,2.5));
#5703=CARTESIAN_POINT('',(-30.,55.,-3.5));
#5704=CARTESIAN_POINT('',(-30.,55.,-3.5));
#5705=CARTESIAN_POINT('',(-30.,70.,-3.5));
#5706=CARTESIAN_POINT('',(-30.,70.,3.5));
#5707=CARTESIAN_POINT('',(-8.90105004793862,33.0773645254075,3.5));
#5708=CARTESIAN_POINT('',(-8.90105004793862,33.0773645254075,3.5));
#5709=CARTESIAN_POINT('',(-8.90105004793862,36.9226354745925,3.5));
#5710=CARTESIAN_POINT('',(-15.9010500479386,33.0773645254075,3.5));
#5711=CARTESIAN_POINT('',(-15.9010500479386,33.0773645254075,3.5));
#5712=CARTESIAN_POINT('',(-15.9010500479386,31.0773645254075,3.5));
#5713=CARTESIAN_POINT('',(-15.9010500479386,31.0773645254075,3.5));
#5714=CARTESIAN_POINT('',(-21.6987160380995,35.,3.5));
#5715=CARTESIAN_POINT('',(-21.6987160380995,35.,3.5));
#5716=CARTESIAN_POINT('',(-15.9010500479386,38.9226354745925,3.5));
#5717=CARTESIAN_POINT('',(-15.9010500479386,38.9226354745925,3.5));
#5718=CARTESIAN_POINT('',(-15.9010500479386,36.9226354745925,3.5));
#5719=CARTESIAN_POINT('',(-15.9010500479386,36.9226354745925,3.5));
#5720=CARTESIAN_POINT('',(-8.90105004793862,36.9226354745925,3.5));
#5721=CARTESIAN_POINT('',(-15.,15.,3.5));
#5722=CARTESIAN_POINT('',(-29.,15.,3.5));
#5723=CARTESIAN_POINT('',(-15.,1.,3.5));
#5724=CARTESIAN_POINT('',(-30.,1.,3.5));
#5725=CARTESIAN_POINT('',(15.,1.,3.5));
#5726=CARTESIAN_POINT('',(15.,15.,3.5));
#5727=CARTESIAN_POINT('',(29.,15.,3.5));
#5728=CARTESIAN_POINT('',(29.,70.,3.5));
#5729=CARTESIAN_POINT('',(29.,55.,3.5));
#5730=CARTESIAN_POINT('',(15.,55.,3.5));
#5731=CARTESIAN_POINT('',(15.,69.,3.5));
#5732=CARTESIAN_POINT('',(-15.,69.,3.5));
#5733=CARTESIAN_POINT('',(-15.,69.,3.5));
#5734=CARTESIAN_POINT('',(-15.,55.,3.5));
#5735=CARTESIAN_POINT('',(-29.,55.,3.5));
#5736=CARTESIAN_POINT('',(-29.,70.,3.5));
#5737=CARTESIAN_POINT('',(-3.25000000000001,50.,3.5));
#5738=CARTESIAN_POINT('',(-3.25000000000001,50.,3.5));
#5739=CARTESIAN_POINT('',(-3.25,20.,3.5));
#5740=CARTESIAN_POINT('',(3.25,50.,3.5));
#5741=CARTESIAN_POINT('',(3.25,50.,3.5));
#5742=CARTESIAN_POINT('',(3.25,20.,3.5));
#5743=CARTESIAN_POINT('',(3.25,20.,3.5));
#5744=CARTESIAN_POINT('',(-3.25,20.,3.5));
#5745=CARTESIAN_POINT('',(30.,70.,3.5));
#5746=CARTESIAN_POINT('',(30.,55.,3.5));
#5747=CARTESIAN_POINT('',(30.,55.,-3.5));
#5748=CARTESIAN_POINT('',(30.,55.,2.5));
#5749=CARTESIAN_POINT('',(30.,70.,2.5));
#5750=CARTESIAN_POINT('',(30.,15.,2.5));
#5751=CARTESIAN_POINT('',(30.,15.,3.5));
#5752=CARTESIAN_POINT('',(30.,15.,-3.5));
#5753=CARTESIAN_POINT('',(30.,70.,-3.5));
#5754=CARTESIAN_POINT('',(30.,70.,-3.5));
#5755=CARTESIAN_POINT('',(-15.9010500479386,70.,-3.5));
#5756=CARTESIAN_POINT('',(-15.9010500479386,31.0773645254075,-3.5));
#5757=CARTESIAN_POINT('',(-15.9010500479386,33.0773645254075,-3.5));
#5758=CARTESIAN_POINT('',(30.,33.0773645254075,-3.5));
#5759=CARTESIAN_POINT('',(-8.90105004793862,33.0773645254075,-3.5));
#5760=CARTESIAN_POINT('',(-8.90105004793862,70.,-3.5));
#5761=CARTESIAN_POINT('',(-8.90105004793862,36.9226354745925,-3.5));
#5762=CARTESIAN_POINT('',(30.,36.9226354745925,-3.5));
#5763=CARTESIAN_POINT('',(-15.9010500479386,36.9226354745925,-3.5));
#5764=CARTESIAN_POINT('',(-15.9010500479386,70.,-3.5));
#5765=CARTESIAN_POINT('',(-15.9010500479386,38.9226354745925,-3.5));
#5766=CARTESIAN_POINT('',(30.0098539912303,69.9854357739349,-3.5));
#5767=CARTESIAN_POINT('',(-21.6987160380995,35.,-3.5));
#5768=CARTESIAN_POINT('',(-2.47890355568934,21.9960914639675,-3.5));
#5769=CARTESIAN_POINT('',(15.,15.,-3.5));
#5770=CARTESIAN_POINT('',(15.,0.,-3.5));
#5771=CARTESIAN_POINT('',(30.,0.,-3.5));
#5772=CARTESIAN_POINT('',(-15.,0.,-3.5));
#5773=CARTESIAN_POINT('',(-15.,15.,-3.5));
#5774=CARTESIAN_POINT('',(-15.,55.,-3.5));
#5775=CARTESIAN_POINT('',(-15.,70.,-3.5));
#5776=CARTESIAN_POINT('',(30.,70.,-3.5));
#5777=CARTESIAN_POINT('',(15.,70.,-3.5));
#5778=CARTESIAN_POINT('',(15.,55.,-3.5));
#5779=CARTESIAN_POINT('',(0.,70.,0.));
#5780=CARTESIAN_POINT('',(-15.,70.,3.5));
#5781=CARTESIAN_POINT('',(-15.,70.,2.5));
#5782=CARTESIAN_POINT('',(15.,70.,2.5));
#5783=CARTESIAN_POINT('',(15.,70.,2.5));
#5784=CARTESIAN_POINT('',(15.,70.,-3.5));
#5785=CARTESIAN_POINT('',(0.,0.,0.));
#5786=CARTESIAN_POINT('',(15.,0.,0.));
#5787=CARTESIAN_POINT('',(15.,0.,2.5));
#5788=CARTESIAN_POINT('',(0.,0.,2.5));
#5789=CARTESIAN_POINT('',(-15.,0.,2.5));
#5790=CARTESIAN_POINT('',(-15.,0.,0.));
#5791=CARTESIAN_POINT('',(3.25,50.,-1.5));
#5792=CARTESIAN_POINT('',(-3.25000000000001,50.,-1.5));
#5793=CARTESIAN_POINT('',(-3.25000000000001,50.,-1.5));
#5794=CARTESIAN_POINT('',(3.25,50.,-1.5));
#5795=CARTESIAN_POINT('',(3.25,50.,-1.5));
#5796=CARTESIAN_POINT('',(3.25,50.,-1.5));
#5797=CARTESIAN_POINT('',(-3.25000000000001,50.,-1.5));
#5798=CARTESIAN_POINT('',(-3.25,20.,-1.5));
#5799=CARTESIAN_POINT('',(-3.25,20.,-1.5));
#5800=CARTESIAN_POINT('',(-3.25000000000001,50.,-1.5));
#5801=CARTESIAN_POINT('',(-3.25,20.,-1.5));
#5802=CARTESIAN_POINT('',(3.25,20.,-1.5));
#5803=CARTESIAN_POINT('',(3.25,20.,-1.5));
#5804=CARTESIAN_POINT('',(-3.25,20.,-1.5));
#5805=CARTESIAN_POINT('',(3.25,20.,-1.5));
#5806=CARTESIAN_POINT('',(3.25,20.,-1.5));
#5807=CARTESIAN_POINT('',(0.,0.,-1.5));
#5808=CARTESIAN_POINT('',(15.,15.,3.5));
#5809=CARTESIAN_POINT('',(15.,15.,2.5));
#5810=CARTESIAN_POINT('',(-15.,15.,-3.5));
#5811=CARTESIAN_POINT('',(-15.,15.,2.5));
#5812=CARTESIAN_POINT('',(-15.,55.,0.));
#5813=CARTESIAN_POINT('',(-15.,55.,2.5));
#5814=CARTESIAN_POINT('',(15.,55.,0.));
#5815=CARTESIAN_POINT('',(15.,55.,2.5));
#5816=CARTESIAN_POINT('',(0.,69.,2.5));
#5817=CARTESIAN_POINT('',(15.,69.,2.5));
#5818=CARTESIAN_POINT('',(-15.,69.,2.5));
#5819=CARTESIAN_POINT('',(-15.,55.,2.5));
#5820=CARTESIAN_POINT('',(-29.,55.,2.5));
#5821=CARTESIAN_POINT('',(15.,55.,2.5));
#5822=CARTESIAN_POINT('',(29.,55.,2.5));
#5823=CARTESIAN_POINT('',(-29.,70.,2.5));
#5824=CARTESIAN_POINT('',(-29.,15.,2.5));
#5825=CARTESIAN_POINT('',(29.,70.,2.5));
#5826=CARTESIAN_POINT('',(29.,15.,2.5));
#5827=CARTESIAN_POINT('',(-15.,15.,2.5));
#5828=CARTESIAN_POINT('',(-15.,1.,2.5));
#5829=CARTESIAN_POINT('',(15.,15.,2.5));
#5830=CARTESIAN_POINT('',(15.,1.,2.5));
#5831=CARTESIAN_POINT('',(-30.,1.,2.5));
#5832=CARTESIAN_POINT('',(-15.9010500479386,33.0773645254075,-88.9608025057105));
#5833=CARTESIAN_POINT('',(-15.9010500479386,33.0773645254075,-88.9608025057105));
#5834=CARTESIAN_POINT('',(-8.90105004793862,33.0773645254075,-88.9608025057105));
#5835=CARTESIAN_POINT('',(-8.90105004793862,33.0773645254075,-88.9608025057105));
#5836=CARTESIAN_POINT('',(-8.90105004793862,36.9226354745925,-88.9608025057105));
#5837=CARTESIAN_POINT('',(-8.90105004793862,36.9226354745925,-88.9608025057105));
#5838=CARTESIAN_POINT('',(-15.9010500479386,36.9226354745925,-88.9608025057105));
#5839=CARTESIAN_POINT('',(-15.9010500479386,36.9226354745925,-88.9608025057105));
#5840=CARTESIAN_POINT('',(-15.9010500479386,38.9226354745925,-88.9608025057105));
#5841=CARTESIAN_POINT('',(-15.9010500479386,38.9226354745925,-88.9608025057105));
#5842=CARTESIAN_POINT('',(-21.6987160380995,35.,-88.9608025057105));
#5843=CARTESIAN_POINT('',(-21.6987160380995,35.,-88.9608025057105));
#5844=CARTESIAN_POINT('',(-15.9010500479386,31.0773645254075,-88.9608025057105));
#5845=CARTESIAN_POINT('',(-15.9010500479386,31.0773645254075,-88.9608025057105));
#5846=CARTESIAN_POINT('',(0.,0.,0.));
#5847=CARTESIAN_POINT('',(-57.345,9.99999999999996,102.154438795097));
#5848=CARTESIAN_POINT('',(-57.345,15.,4.99999999999999));
#5849=CARTESIAN_POINT('',(-57.345,-8.99999999999998,4.99999999999999));
#5850=CARTESIAN_POINT('',(-57.345,8.99999999999996,4.99999999999999));
#5851=CARTESIAN_POINT('',(-57.345,8.99999999999996,11.));
#5852=CARTESIAN_POINT('',(-57.345,8.99999999999996,11.));
#5853=CARTESIAN_POINT('',(-57.345,15.,11.));
#5854=CARTESIAN_POINT('',(-57.345,-8.99999999999997,11.));
#5855=CARTESIAN_POINT('',(-57.345,-8.99999999999997,4.99999999999999));
#5856=CARTESIAN_POINT('',(-57.345,-0.500000000000004,8.264375));
#5857=CARTESIAN_POINT('',(-57.345,-0.500000000000004,8.264375));
#5858=CARTESIAN_POINT('',(-57.345,-2.,8.264375));
#5859=CARTESIAN_POINT('',(-57.345,-2.,8.264375));
#5860=CARTESIAN_POINT('',(-57.345,-3.62239217910273E-15,10.5004429774998));
#5861=CARTESIAN_POINT('',(-57.345,-3.62239217910273E-15,10.5004429774998));
#5862=CARTESIAN_POINT('',(-57.345,2.,8.264375));
#5863=CARTESIAN_POINT('',(-57.345,2.,8.264375));
#5864=CARTESIAN_POINT('',(-57.345,0.499999999999996,8.264375));
#5865=CARTESIAN_POINT('',(-57.345,0.499999999999996,8.264375));
#5866=CARTESIAN_POINT('',(-57.345,0.499999999999996,5.764375));
#5867=CARTESIAN_POINT('',(-57.345,0.499999999999996,5.764375));
#5868=CARTESIAN_POINT('',(-57.345,-0.500000000000004,5.764375));
#5869=CARTESIAN_POINT('',(-57.345,-0.500000000000004,5.764375));
#5870=CARTESIAN_POINT('',(-33.345,-9.99999999999997,102.154438795097));
#5871=CARTESIAN_POINT('',(-33.345,15.,11.));
#5872=CARTESIAN_POINT('',(-33.345,8.99999999999997,11.));
#5873=CARTESIAN_POINT('',(-33.345,3.75999999999997,11.));
#5874=CARTESIAN_POINT('',(-33.345,8.99999999999997,4.99999999999999));
#5875=CARTESIAN_POINT('',(-33.345,8.99999999999997,4.99999999999999));
#5876=CARTESIAN_POINT('',(-33.345,15.,4.99999999999999));
#5877=CARTESIAN_POINT('',(-33.345,3.75999999999997,4.99999999999999));
#5878=CARTESIAN_POINT('',(-33.345,3.75999999999997,102.154438795097));
#5879=CARTESIAN_POINT('',(-15.655,-6.25000000000004,2.));
#5880=CARTESIAN_POINT('',(-15.655,-6.25000000000004,2.));
#5881=CARTESIAN_POINT('',(-15.655,3.75999999999997,2.));
#5882=CARTESIAN_POINT('',(-15.655,5.24999999999996,2.));
#5883=CARTESIAN_POINT('',(-15.655,5.24999999999996,6.));
#5884=CARTESIAN_POINT('',(-15.655,5.24999999999996,6.));
#5885=CARTESIAN_POINT('',(-15.655,-6.25000000000004,6.));
#5886=CARTESIAN_POINT('',(-15.655,3.75999999999997,6.));
#5887=CARTESIAN_POINT('',(-15.655,3.75999999999997,2.));
#5888=CARTESIAN_POINT('',(-30.345,15.,4.99999999999999));
#5889=CARTESIAN_POINT('',(-30.345,15.,4.99999999999999));
#5890=CARTESIAN_POINT('',(-30.345,14.,4.99999999999999));
#5891=CARTESIAN_POINT('',(-30.345,2.75999999999997,4.99999999999999));
#5892=CARTESIAN_POINT('',(-30.345,14.,-1.73472347597681E-15));
#5893=CARTESIAN_POINT('',(-30.345,14.,1.));
#5894=CARTESIAN_POINT('',(-30.345,2.75999999999997,1.));
#5895=CARTESIAN_POINT('',(-30.345,2.75999999999997,1.));
#5896=CARTESIAN_POINT('',(-30.345,2.75999999999997,4.99999999999999));
#5897=CARTESIAN_POINT('',(-25.345,15.,11.));
#5898=CARTESIAN_POINT('',(-32.345,3.75999999999997,11.));
#5899=CARTESIAN_POINT('',(-32.345,2.75999999999997,11.));
#5900=CARTESIAN_POINT('',(-25.345,2.75999999999997,11.));
#5901=CARTESIAN_POINT('',(-26.345,2.75999999999997,11.));
#5902=CARTESIAN_POINT('',(-26.345,15.,11.));
#5903=CARTESIAN_POINT('',(-26.345,15.,11.));
#5904=CARTESIAN_POINT('',(-25.345,15.,11.));
#5905=CARTESIAN_POINT('',(-65.345,15.,11.));
#5906=CARTESIAN_POINT('',(-65.345,15.,11.));
#5907=CARTESIAN_POINT('',(-65.345,-15.,11.));
#5908=CARTESIAN_POINT('',(-25.345,-15.,11.));
#5909=CARTESIAN_POINT('',(-26.345,-15.,11.));
#5910=CARTESIAN_POINT('',(-26.345,15.,11.));
#5911=CARTESIAN_POINT('',(-26.345,-2.75999999999997,11.));
#5912=CARTESIAN_POINT('',(-25.345,-2.75999999999997,11.));
#5913=CARTESIAN_POINT('',(-32.345,-2.75999999999997,11.));
#5914=CARTESIAN_POINT('',(-32.345,-3.75999999999997,11.));
#5915=CARTESIAN_POINT('',(-33.345,-3.75999999999997,11.));
#5916=CARTESIAN_POINT('',(-33.345,15.,11.));
#5917=CARTESIAN_POINT('',(-33.345,-8.99999999999997,11.));
#5918=CARTESIAN_POINT('',(-34.345,-8.99999999999997,11.));
#5919=CARTESIAN_POINT('',(-34.345,-9.99999999999997,11.));
#5920=CARTESIAN_POINT('',(-25.345,-9.99999999999997,11.));
#5921=CARTESIAN_POINT('',(-56.345,-9.99999999999997,11.));
#5922=CARTESIAN_POINT('',(-56.345,-8.99999999999997,11.));
#5923=CARTESIAN_POINT('',(-56.345,8.99999999999996,11.));
#5924=CARTESIAN_POINT('',(-56.345,9.99999999999996,11.));
#5925=CARTESIAN_POINT('',(-25.345,9.99999999999997,11.));
#5926=CARTESIAN_POINT('',(-34.345,9.99999999999997,11.));
#5927=CARTESIAN_POINT('',(-34.345,8.99999999999997,11.));
#5928=CARTESIAN_POINT('',(-25.345,15.,6.));
#5929=CARTESIAN_POINT('',(-25.345,15.,6.));
#5930=CARTESIAN_POINT('',(-25.345,15.,6.));
#5931=CARTESIAN_POINT('',(-25.345,15.,10.));
#5932=CARTESIAN_POINT('',(-25.345,15.,10.));
#5933=CARTESIAN_POINT('',(-25.345,2.75999999999997,10.));
#5934=CARTESIAN_POINT('',(-25.345,2.75999999999997,6.));
#5935=CARTESIAN_POINT('',(-25.345,2.75999999999997,6.));
#5936=CARTESIAN_POINT('',(-25.345,15.,6.));
#5937=CARTESIAN_POINT('',(-25.345,15.,6.));
#5938=CARTESIAN_POINT('',(-25.345,-2.75999999999997,6.));
#5939=CARTESIAN_POINT('',(-25.345,-2.75999999999997,6.));
#5940=CARTESIAN_POINT('',(-25.345,-2.75999999999997,10.));
#5941=CARTESIAN_POINT('',(-25.345,15.,10.));
#5942=CARTESIAN_POINT('',(-25.345,-15.,10.));
#5943=CARTESIAN_POINT('',(-25.345,-15.,6.));
#5944=CARTESIAN_POINT('',(-25.345,-15.,6.));
#5945=CARTESIAN_POINT('',(-25.345,15.,6.));
#5946=CARTESIAN_POINT('',(-33.345,-9.99999999999997,102.154438795097));
#5947=CARTESIAN_POINT('',(-33.345,15.,4.99999999999999));
#5948=CARTESIAN_POINT('',(-33.345,-3.75999999999997,4.99999999999999));
#5949=CARTESIAN_POINT('',(-33.345,-8.99999999999997,4.99999999999999));
#5950=CARTESIAN_POINT('',(-33.345,-8.99999999999997,11.));
#5951=CARTESIAN_POINT('',(-33.345,-3.75999999999997,102.154438795097));
#5952=CARTESIAN_POINT('',(0.,0.,6.));
#5953=CARTESIAN_POINT('',(-15.655,2.75999999999997,6.));
#5954=CARTESIAN_POINT('',(-16.655,2.75999999999997,6.));
#5955=CARTESIAN_POINT('',(-16.655,3.75999999999997,6.00000000000001));
#5956=CARTESIAN_POINT('',(-14.655,5.24999999999996,6.));
#5957=CARTESIAN_POINT('',(-14.655,6.24999999999996,6.));
#5958=CARTESIAN_POINT('',(-15.655,6.24999999999996,6.));
#5959=CARTESIAN_POINT('',(16.345,6.24999999999996,6.));
#5960=CARTESIAN_POINT('',(16.345,5.24999999999996,6.));
#5961=CARTESIAN_POINT('',(17.345,5.24999999999996,6.));
#5962=CARTESIAN_POINT('',(17.345,6.24999999999996,6.));
#5963=CARTESIAN_POINT('',(17.345,-5.25000000000004,6.));
#5964=CARTESIAN_POINT('',(16.345,-5.25000000000004,6.));
#5965=CARTESIAN_POINT('',(16.345,-6.25000000000004,6.));
#5966=CARTESIAN_POINT('',(17.345,-6.25000000000004,6.));
#5967=CARTESIAN_POINT('',(-14.655,-6.25000000000004,6.));
#5968=CARTESIAN_POINT('',(-14.655,-5.25000000000004,6.));
#5969=CARTESIAN_POINT('',(-15.655,-5.25000000000004,6.));
#5970=CARTESIAN_POINT('',(-15.655,-6.25000000000004,6.));
#5971=CARTESIAN_POINT('',(-15.655,-3.75999999999997,6.));
#5972=CARTESIAN_POINT('',(-16.655,-3.75999999999997,6.));
#5973=CARTESIAN_POINT('',(-16.655,-2.75999999999997,6.));
#5974=CARTESIAN_POINT('',(-33.345,-2.75999999999997,6.));
#5975=CARTESIAN_POINT('',(-25.345,-15.,6.));
#5976=CARTESIAN_POINT('',(24.345,-15.,6.));
#5977=CARTESIAN_POINT('',(24.345,-14.,6.));
#5978=CARTESIAN_POINT('',(25.345,-14.,6.));
#5979=CARTESIAN_POINT('',(25.345,-15.,6.));
#5980=CARTESIAN_POINT('',(25.345,14.,6.));
#5981=CARTESIAN_POINT('',(24.345,14.,6.));
#5982=CARTESIAN_POINT('',(24.345,15.,6.));
#5983=CARTESIAN_POINT('',(25.345,15.,6.));
#5984=CARTESIAN_POINT('',(-18.655,-11.,6.));
#5985=CARTESIAN_POINT('',(-18.655,-13.,6.));
#5986=CARTESIAN_POINT('',(-18.655,11.,6.));
#5987=CARTESIAN_POINT('',(-18.655,8.99999999999997,6.));
#5988=CARTESIAN_POINT('',(21.345,-11.,6.));
#5989=CARTESIAN_POINT('',(21.345,-13.,6.));
#5990=CARTESIAN_POINT('',(21.345,11.,6.));
#5991=CARTESIAN_POINT('',(21.345,8.99999999999996,6.));
#5992=CARTESIAN_POINT('',(23.345,-5.49999999999997,6.));
#5993=CARTESIAN_POINT('',(22.345,-5.49999999999997,6.));
#5994=CARTESIAN_POINT('',(20.345,-5.49999999999997,6.));
#5995=CARTESIAN_POINT('',(20.345,-4.49999999999997,6.00000000000001));
#5996=CARTESIAN_POINT('',(19.345,-4.49999999999997,6.));
#5997=CARTESIAN_POINT('',(19.345,-5.49999999999997,6.));
#5998=CARTESIAN_POINT('',(19.345,4.50000000000003,6.));
#5999=CARTESIAN_POINT('',(20.345,4.50000000000003,6.00000000000001));
#6000=CARTESIAN_POINT('',(20.345,5.50000000000003,6.));
#6001=CARTESIAN_POINT('',(19.345,5.50000000000003,6.));
#6002=CARTESIAN_POINT('',(22.345,5.50000000000003,6.));
#6003=CARTESIAN_POINT('',(22.345,4.50000000000003,6.00000000000001));
#6004=CARTESIAN_POINT('',(23.345,4.50000000000003,6.));
#6005=CARTESIAN_POINT('',(23.345,5.50000000000003,6.));
#6006=CARTESIAN_POINT('',(23.345,-4.49999999999997,6.));
#6007=CARTESIAN_POINT('',(22.345,-4.49999999999997,6.00000000000001));
#6008=CARTESIAN_POINT('',(17.265,8.99999999999996,6.));
#6009=CARTESIAN_POINT('',(16.265,8.99999999999996,6.));
#6010=CARTESIAN_POINT('',(-12.735,8.99999999999996,6.));
#6011=CARTESIAN_POINT('',(-12.735,9.99999999999996,6.00000000000001));
#6012=CARTESIAN_POINT('',(-13.735,9.99999999999996,6.));
#6013=CARTESIAN_POINT('',(-13.735,8.99999999999996,6.));
#6014=CARTESIAN_POINT('',(-13.735,12.,6.));
#6015=CARTESIAN_POINT('',(-12.735,12.,6.00000000000001));
#6016=CARTESIAN_POINT('',(-12.735,13.,6.));
#6017=CARTESIAN_POINT('',(-13.735,13.,6.));
#6018=CARTESIAN_POINT('',(16.265,13.,6.));
#6019=CARTESIAN_POINT('',(16.265,12.,6.00000000000001));
#6020=CARTESIAN_POINT('',(17.265,12.,6.));
#6021=CARTESIAN_POINT('',(17.265,13.,6.));
#6022=CARTESIAN_POINT('',(17.265,9.99999999999996,6.));
#6023=CARTESIAN_POINT('',(16.265,9.99999999999996,6.00000000000001));
#6024=CARTESIAN_POINT('',(17.265,-13.,6.));
#6025=CARTESIAN_POINT('',(16.265,-13.,6.));
#6026=CARTESIAN_POINT('',(-12.735,-13.,6.));
#6027=CARTESIAN_POINT('',(-12.735,-12.,6.00000000000001));
#6028=CARTESIAN_POINT('',(-13.735,-12.,6.));
#6029=CARTESIAN_POINT('',(-13.735,-13.,6.));
#6030=CARTESIAN_POINT('',(-13.735,-9.99999999999997,6.));
#6031=CARTESIAN_POINT('',(-12.735,-9.99999999999997,6.00000000000001));
#6032=CARTESIAN_POINT('',(-12.735,-8.99999999999997,6.));
#6033=CARTESIAN_POINT('',(-13.735,-8.99999999999997,6.));
#6034=CARTESIAN_POINT('',(16.265,-8.99999999999997,6.));
#6035=CARTESIAN_POINT('',(16.265,-9.99999999999997,6.00000000000001));
#6036=CARTESIAN_POINT('',(17.265,-9.99999999999997,6.));
#6037=CARTESIAN_POINT('',(17.265,-8.99999999999997,6.));
#6038=CARTESIAN_POINT('',(17.265,-12.,6.));
#6039=CARTESIAN_POINT('',(16.265,-12.,6.00000000000001));
#6040=CARTESIAN_POINT('',(0.,0.,0.));
#6041=CARTESIAN_POINT('',(0.,13.,0.));
#6042=CARTESIAN_POINT('',(-12.735,13.,0.));
#6043=CARTESIAN_POINT('',(16.265,13.,0.));
#6044=CARTESIAN_POINT('',(-12.735,12.,0.));
#6045=CARTESIAN_POINT('',(-13.735,12.,0.));
#6046=CARTESIAN_POINT('',(-13.735,0.,0.));
#6047=CARTESIAN_POINT('',(-13.735,9.99999999999996,0.));
#6048=CARTESIAN_POINT('',(-12.735,9.99999999999996,0.));
#6049=CARTESIAN_POINT('',(-12.735,8.99999999999996,0.));
#6050=CARTESIAN_POINT('',(-1.00725879250266E-15,8.99999999999996,0.));
#6051=CARTESIAN_POINT('',(16.265,8.99999999999996,0.));
#6052=CARTESIAN_POINT('',(16.265,9.99999999999996,0.));
#6053=CARTESIAN_POINT('',(17.265,9.99999999999996,0.));
#6054=CARTESIAN_POINT('',(17.265,0.,0.));
#6055=CARTESIAN_POINT('',(17.265,12.,0.));
#6056=CARTESIAN_POINT('',(16.265,12.,0.));
#6057=CARTESIAN_POINT('',(1.91644337452557E-15,-14.,0.));
#6058=CARTESIAN_POINT('',(24.345,-14.,0.));
#6059=CARTESIAN_POINT('',(-29.345,-14.,0.));
#6060=CARTESIAN_POINT('',(-29.345,-2.75999999999997,0.));
#6061=CARTESIAN_POINT('',(-29.345,-2.75999999999997,0.));
#6062=CARTESIAN_POINT('',(0.,-2.75999999999997,0.));
#6063=CARTESIAN_POINT('',(-15.655,-2.75999999999997,0.));
#6064=CARTESIAN_POINT('',(-15.655,9.83952754218015E-15,0.));
#6065=CARTESIAN_POINT('',(-15.655,2.75999999999997,0.));
#6066=CARTESIAN_POINT('',(-4.05978247062968E-16,2.75999999999997,0.));
#6067=CARTESIAN_POINT('',(-29.345,2.75999999999997,0.));
#6068=CARTESIAN_POINT('',(-29.345,15.,0.));
#6069=CARTESIAN_POINT('',(-29.345,14.,0.));
#6070=CARTESIAN_POINT('',(1.91644337452557E-15,14.,0.));
#6071=CARTESIAN_POINT('',(24.345,14.,0.));
#6072=CARTESIAN_POINT('',(24.345,0.,0.));
#6073=CARTESIAN_POINT('',(21.345,11.,0.));
#6074=CARTESIAN_POINT('',(23.345,11.,0.));
#6075=CARTESIAN_POINT('',(21.345,-11.,0.));
#6076=CARTESIAN_POINT('',(23.345,-11.,0.));
#6077=CARTESIAN_POINT('',(-18.655,11.,0.));
#6078=CARTESIAN_POINT('',(-16.655,11.,0.));
#6079=CARTESIAN_POINT('',(-18.655,-11.,0.));
#6080=CARTESIAN_POINT('',(-16.655,-11.,0.));
#6081=CARTESIAN_POINT('',(0.,5.50000000000003,0.));
#6082=CARTESIAN_POINT('',(20.345,5.50000000000003,0.));
#6083=CARTESIAN_POINT('',(22.345,5.50000000000003,0.));
#6084=CARTESIAN_POINT('',(20.345,4.50000000000003,0.));
#6085=CARTESIAN_POINT('',(19.345,4.50000000000003,0.));
#6086=CARTESIAN_POINT('',(19.345,0.,0.));
#6087=CARTESIAN_POINT('',(19.345,-4.49999999999997,0.));
#6088=CARTESIAN_POINT('',(20.345,-4.49999999999997,0.));
#6089=CARTESIAN_POINT('',(20.345,-5.49999999999997,0.));
#6090=CARTESIAN_POINT('',(1.19262238973405E-15,-5.49999999999997,0.));
#6091=CARTESIAN_POINT('',(22.345,-5.49999999999997,0.));
#6092=CARTESIAN_POINT('',(22.345,-4.49999999999997,0.));
#6093=CARTESIAN_POINT('',(23.345,-4.49999999999997,0.));
#6094=CARTESIAN_POINT('',(23.345,0.,0.));
#6095=CARTESIAN_POINT('',(23.345,4.50000000000003,0.));
#6096=CARTESIAN_POINT('',(22.345,4.50000000000003,0.));
#6097=CARTESIAN_POINT('',(0.,-8.99999999999997,0.));
#6098=CARTESIAN_POINT('',(-12.735,-8.99999999999997,0.));
#6099=CARTESIAN_POINT('',(16.265,-8.99999999999997,0.));
#6100=CARTESIAN_POINT('',(-12.735,-9.99999999999997,0.));
#6101=CARTESIAN_POINT('',(-13.735,-9.99999999999997,0.));
#6102=CARTESIAN_POINT('',(-13.735,0.,0.));
#6103=CARTESIAN_POINT('',(-13.735,-12.,0.));
#6104=CARTESIAN_POINT('',(-12.735,-12.,0.));
#6105=CARTESIAN_POINT('',(-12.735,-13.,0.));
#6106=CARTESIAN_POINT('',(1.45492936694829E-15,-13.,0.));
#6107=CARTESIAN_POINT('',(16.265,-13.,0.));
#6108=CARTESIAN_POINT('',(16.265,-12.,0.));
#6109=CARTESIAN_POINT('',(17.265,-12.,0.));
#6110=CARTESIAN_POINT('',(17.265,1.49750004063698E-14,0.));
#6111=CARTESIAN_POINT('',(17.265,-9.99999999999997,0.));
#6112=CARTESIAN_POINT('',(16.265,-9.99999999999997,0.));
#6113=CARTESIAN_POINT('',(-25.345,-15.,6.));
#6114=CARTESIAN_POINT('',(-26.345,-15.,10.));
#6115=CARTESIAN_POINT('',(-65.345,-15.,11.));
#6116=CARTESIAN_POINT('',(-65.345,-15.,5.));
#6117=CARTESIAN_POINT('',(-65.345,-15.,4.99999999999999));
#6118=CARTESIAN_POINT('',(-29.345,-15.,4.99999999999999));
#6119=CARTESIAN_POINT('',(-29.345,-15.,-1.73472347597681E-15));
#6120=CARTESIAN_POINT('',(-29.345,-15.,1.));
#6121=CARTESIAN_POINT('',(-25.345,-15.,1.));
#6122=CARTESIAN_POINT('',(24.345,-15.,1.));
#6123=CARTESIAN_POINT('',(24.345,-15.,6.));
#6124=CARTESIAN_POINT('',(25.345,-15.,6.));
#6125=CARTESIAN_POINT('',(25.345,-14.,6.));
#6126=CARTESIAN_POINT('',(25.345,-14.,1.));
#6127=CARTESIAN_POINT('',(25.345,-15.,1.));
#6128=CARTESIAN_POINT('',(25.345,14.,1.));
#6129=CARTESIAN_POINT('',(25.345,14.,6.));
#6130=CARTESIAN_POINT('',(25.345,15.,6.));
#6131=CARTESIAN_POINT('',(-26.345,15.,10.));
#6132=CARTESIAN_POINT('',(24.345,15.,6.));
#6133=CARTESIAN_POINT('',(24.345,15.,1.));
#6134=CARTESIAN_POINT('',(25.345,15.,1.));
#6135=CARTESIAN_POINT('',(-29.345,15.,1.));
#6136=CARTESIAN_POINT('',(-29.345,15.,4.99999999999999));
#6137=CARTESIAN_POINT('',(-29.345,15.,4.99999999999999));
#6138=CARTESIAN_POINT('',(-65.345,15.,4.99999999999999));
#6139=CARTESIAN_POINT('',(-65.345,15.,5.));
#6140=CARTESIAN_POINT('',(-65.345,15.,11.));
#6141=CARTESIAN_POINT('',(-15.655,-6.25000000000004,2.));
#6142=CARTESIAN_POINT('',(-15.655,-5.25000000000004,2.));
#6143=CARTESIAN_POINT('',(-15.655,-5.25000000000004,2.));
#6144=CARTESIAN_POINT('',(-15.655,-6.25000000000004,2.));
#6145=CARTESIAN_POINT('',(-15.655,-3.75999999999997,2.));
#6146=CARTESIAN_POINT('',(-15.655,-3.75999999999997,2.));
#6147=CARTESIAN_POINT('',(-15.655,6.24999999999996,2.));
#6148=CARTESIAN_POINT('',(-15.655,6.24999999999996,2.));
#6149=CARTESIAN_POINT('',(-14.655,6.24999999999996,2.));
#6150=CARTESIAN_POINT('',(16.345,6.24999999999996,2.));
#6151=CARTESIAN_POINT('',(16.345,6.24999999999996,6.));
#6152=CARTESIAN_POINT('',(-14.655,6.24999999999996,2.));
#6153=CARTESIAN_POINT('',(17.345,6.24999999999996,2.));
#6154=CARTESIAN_POINT('',(17.345,5.24999999999996,2.));
#6155=CARTESIAN_POINT('',(17.345,5.24999999999996,2.));
#6156=CARTESIAN_POINT('',(17.345,6.24999999999996,2.));
#6157=CARTESIAN_POINT('',(17.345,-5.25000000000004,2.));
#6158=CARTESIAN_POINT('',(17.345,-5.25000000000004,6.));
#6159=CARTESIAN_POINT('',(17.345,-6.25000000000004,2.));
#6160=CARTESIAN_POINT('',(16.345,-6.25000000000004,2.));
#6161=CARTESIAN_POINT('',(16.345,-6.25000000000004,2.));
#6162=CARTESIAN_POINT('',(17.345,-6.25000000000004,2.));
#6163=CARTESIAN_POINT('',(-14.655,-6.25000000000004,2.));
#6164=CARTESIAN_POINT('',(-14.655,-6.25000000000004,6.));
#6165=CARTESIAN_POINT('',(0.,0.,2.));
#6166=CARTESIAN_POINT('',(16.345,5.24999999999996,2.));
#6167=CARTESIAN_POINT('',(-14.655,5.24999999999996,2.));
#6168=CARTESIAN_POINT('',(-16.655,3.75999999999997,2.));
#6169=CARTESIAN_POINT('',(-16.655,2.75999999999997,2.));
#6170=CARTESIAN_POINT('',(-4.05978247062968E-16,2.75999999999997,2.));
#6171=CARTESIAN_POINT('',(-15.655,2.75999999999997,2.));
#6172=CARTESIAN_POINT('',(-15.655,-6.25000000000004,2.));
#6173=CARTESIAN_POINT('',(-15.655,-2.75999999999997,2.));
#6174=CARTESIAN_POINT('',(0.,-2.75999999999997,2.));
#6175=CARTESIAN_POINT('',(-16.655,-2.75999999999997,2.));
#6176=CARTESIAN_POINT('',(-16.655,-3.75999999999997,2.));
#6177=CARTESIAN_POINT('',(-14.655,-5.25000000000004,2.));
#6178=CARTESIAN_POINT('',(16.345,-5.25000000000004,2.));
#6179=CARTESIAN_POINT('',(21.345,11.,-53.2070612342818));
#6180=CARTESIAN_POINT('',(21.345,-11.,-53.2070612342818));
#6181=CARTESIAN_POINT('',(-18.655,11.,-53.2070612342818));
#6182=CARTESIAN_POINT('',(-18.655,-11.,-53.2070612342818));
#6183=CARTESIAN_POINT('',(-65.345,15.,11.));
#6184=CARTESIAN_POINT('',(-65.345,15.,5.));
#6185=CARTESIAN_POINT('',(-65.345,15.,4.99999999999999));
#6186=CARTESIAN_POINT('',(-65.345,2.75999999999996,4.99999999999999));
#6187=CARTESIAN_POINT('',(-32.345,2.75999999999997,4.99999999999999));
#6188=CARTESIAN_POINT('',(-32.345,3.75999999999997,4.99999999999999));
#6189=CARTESIAN_POINT('',(-34.345,8.99999999999997,4.99999999999999));
#6190=CARTESIAN_POINT('',(-34.345,9.99999999999997,4.99999999999999));
#6191=CARTESIAN_POINT('',(-65.345,9.99999999999996,4.99999999999999));
#6192=CARTESIAN_POINT('',(-56.345,9.99999999999996,4.99999999999999));
#6193=CARTESIAN_POINT('',(-56.345,8.99999999999996,4.99999999999999));
#6194=CARTESIAN_POINT('',(-56.345,-8.99999999999997,4.99999999999999));
#6195=CARTESIAN_POINT('',(-56.345,-9.99999999999998,4.99999999999999));
#6196=CARTESIAN_POINT('',(-65.345,-9.99999999999998,4.99999999999999));
#6197=CARTESIAN_POINT('',(-34.345,-9.99999999999997,4.99999999999999));
#6198=CARTESIAN_POINT('',(-34.345,-8.99999999999997,4.99999999999999));
#6199=CARTESIAN_POINT('',(-32.345,-3.75999999999997,4.99999999999999));
#6200=CARTESIAN_POINT('',(-32.345,-2.75999999999997,4.99999999999999));
#6201=CARTESIAN_POINT('',(-65.345,-2.75999999999997,4.99999999999999));
#6202=CARTESIAN_POINT('',(-30.345,-2.75999999999997,4.99999999999999));
#6203=CARTESIAN_POINT('',(-30.345,15.,4.99999999999999));
#6204=CARTESIAN_POINT('',(-30.345,-14.,4.99999999999999));
#6205=CARTESIAN_POINT('',(-29.345,-14.,4.99999999999999));
#6206=CARTESIAN_POINT('',(-29.345,14.,4.99999999999999));
#6207=CARTESIAN_POINT('',(-30.345,15.,4.99999999999999));
#6208=CARTESIAN_POINT('',(-30.345,-15.,1.));
#6209=CARTESIAN_POINT('',(-30.345,-2.75999999999997,1.));
#6210=CARTESIAN_POINT('',(-30.345,-14.,1.));
#6211=CARTESIAN_POINT('',(-30.345,-14.,4.99999999999999));
#6212=CARTESIAN_POINT('',(-30.345,-2.75999999999997,4.99999999999999));
#6213=CARTESIAN_POINT('',(19.345,5.50000000000003,-90.1544387950967));
#6214=CARTESIAN_POINT('',(22.345,5.50000000000003,6.00000000000001));
#6215=CARTESIAN_POINT('',(20.345,5.50000000000003,0.));
#6216=CARTESIAN_POINT('',(23.345,5.50000000000003,-90.1544387950967));
#6217=CARTESIAN_POINT('',(23.345,-4.49999999999997,6.00000000000001));
#6218=CARTESIAN_POINT('',(23.345,4.50000000000003,0.));
#6219=CARTESIAN_POINT('',(23.345,-5.49999999999997,-90.1544387950967));
#6220=CARTESIAN_POINT('',(22.345,-5.49999999999997,0.));
#6221=CARTESIAN_POINT('',(20.345,-5.49999999999997,6.00000000000001));
#6222=CARTESIAN_POINT('',(19.345,-5.49999999999997,-90.1544387950967));
#6223=CARTESIAN_POINT('',(19.345,-4.49999999999997,0.));
#6224=CARTESIAN_POINT('',(19.345,4.50000000000003,6.00000000000001));
#6225=CARTESIAN_POINT('',(-13.735,13.,-90.1544387950967));
#6226=CARTESIAN_POINT('',(-12.735,13.,0.));
#6227=CARTESIAN_POINT('',(16.265,13.,6.00000000000001));
#6228=CARTESIAN_POINT('',(17.265,13.,-90.1544387950967));
#6229=CARTESIAN_POINT('',(17.265,12.,0.));
#6230=CARTESIAN_POINT('',(17.265,9.99999999999996,6.00000000000001));
#6231=CARTESIAN_POINT('',(17.265,8.99999999999996,-90.1544387950967));
#6232=CARTESIAN_POINT('',(-12.735,8.99999999999996,6.00000000000001));
#6233=CARTESIAN_POINT('',(16.265,8.99999999999996,0.));
#6234=CARTESIAN_POINT('',(-13.735,8.99999999999996,-90.1544387950967));
#6235=CARTESIAN_POINT('',(-13.735,12.,6.00000000000001));
#6236=CARTESIAN_POINT('',(-13.735,9.99999999999996,0.));
#6237=CARTESIAN_POINT('',(-13.735,-8.99999999999997,-90.1544387950967));
#6238=CARTESIAN_POINT('',(-12.735,-8.99999999999997,0.));
#6239=CARTESIAN_POINT('',(16.265,-8.99999999999997,6.00000000000001));
#6240=CARTESIAN_POINT('',(17.265,-8.99999999999997,-90.1544387950967));
#6241=CARTESIAN_POINT('',(17.265,-9.99999999999997,0.));
#6242=CARTESIAN_POINT('',(17.265,-12.,6.00000000000001));
#6243=CARTESIAN_POINT('',(17.265,-13.,-90.1544387950967));
#6244=CARTESIAN_POINT('',(-12.735,-13.,6.00000000000001));
#6245=CARTESIAN_POINT('',(16.265,-13.,0.));
#6246=CARTESIAN_POINT('',(-13.735,-13.,-90.1544387950967));
#6247=CARTESIAN_POINT('',(-13.735,-12.,0.));
#6248=CARTESIAN_POINT('',(-13.735,-9.99999999999997,6.00000000000001));
#6249=CARTESIAN_POINT('',(-33.345,9.99999999999997,102.154438795097));
#6250=CARTESIAN_POINT('',(-34.345,9.99999999999997,11.));
#6251=CARTESIAN_POINT('',(-56.345,9.99999999999996,4.99999999999999));
#6252=CARTESIAN_POINT('',(-57.345,-9.99999999999997,102.154438795097));
#6253=CARTESIAN_POINT('',(-34.345,-9.99999999999997,4.99999999999999));
#6254=CARTESIAN_POINT('',(-56.345,-9.99999999999997,11.));
#6255=CARTESIAN_POINT('',(-15.655,2.75999999999997,102.154438795097));
#6256=CARTESIAN_POINT('',(-16.655,2.75999999999997,102.154438795097));
#6257=CARTESIAN_POINT('',(-26.345,2.75999999999997,10.));
#6258=CARTESIAN_POINT('',(-32.345,2.75999999999997,102.154438795097));
#6259=CARTESIAN_POINT('',(-29.345,2.75999999999997,1.));
#6260=CARTESIAN_POINT('',(-15.655,2.75999999999997,-90.1544387950967));
#6261=CARTESIAN_POINT('',(-33.345,-2.75999999999997,102.154438795097));
#6262=CARTESIAN_POINT('',(-16.655,-2.75999999999997,102.154438795097));
#6263=CARTESIAN_POINT('',(-15.655,-2.75999999999997,-90.1544387950967));
#6264=CARTESIAN_POINT('',(-29.345,-2.75999999999997,1.));
#6265=CARTESIAN_POINT('',(-32.345,-2.75999999999997,102.154438795097));
#6266=CARTESIAN_POINT('',(-26.345,-2.75999999999997,10.));
#6267=CARTESIAN_POINT('',(-15.655,-2.75999999999997,-90.1544387950967));
#6268=CARTESIAN_POINT('',(-29.345,14.,4.99999999999999));
#6269=CARTESIAN_POINT('',(-29.345,14.,1.));
#6270=CARTESIAN_POINT('',(-29.345,15.,1.));
#6271=CARTESIAN_POINT('',(-29.345,14.,1.));
#6272=CARTESIAN_POINT('',(-29.345,14.,1.));
#6273=CARTESIAN_POINT('',(-29.345,14.,1.));
#6274=CARTESIAN_POINT('',(24.345,14.,6.));
#6275=CARTESIAN_POINT('',(24.345,14.,1.));
#6276=CARTESIAN_POINT('',(25.345,14.,1.));
#6277=CARTESIAN_POINT('',(24.345,14.,1.));
#6278=CARTESIAN_POINT('',(24.345,14.,1.));
#6279=CARTESIAN_POINT('',(24.345,14.,1.));
#6280=CARTESIAN_POINT('',(24.345,-14.,6.));
#6281=CARTESIAN_POINT('',(24.345,-14.,1.));
#6282=CARTESIAN_POINT('',(24.345,-15.,1.));
#6283=CARTESIAN_POINT('',(24.345,-14.,1.));
#6284=CARTESIAN_POINT('',(24.345,-14.,1.));
#6285=CARTESIAN_POINT('',(24.345,-14.,1.));
#6286=CARTESIAN_POINT('',(-25.345,-14.,1.));
#6287=CARTESIAN_POINT('',(-29.345,-14.,1.));
#6288=CARTESIAN_POINT('',(-29.345,15.,1.));
#6289=CARTESIAN_POINT('',(-29.345,-14.,1.));
#6290=CARTESIAN_POINT('',(-29.345,-14.,1.));
#6291=CARTESIAN_POINT('',(-29.345,-14.,1.));
#6292=CARTESIAN_POINT('',(-29.345,-14.,6.));
#6293=CARTESIAN_POINT('',(16.345,5.24999999999996,2.));
#6294=CARTESIAN_POINT('',(16.345,-5.25000000000004,2.));
#6295=CARTESIAN_POINT('',(-14.655,-5.25000000000004,2.));
#6296=CARTESIAN_POINT('',(-14.655,5.24999999999996,2.));
#6297=CARTESIAN_POINT('',(-16.655,3.75999999999997,102.154438795097));
#6298=CARTESIAN_POINT('',(-16.655,-3.75999999999997,2.));
#6299=CARTESIAN_POINT('',(-34.345,8.99999999999997,102.154438795097));
#6300=CARTESIAN_POINT('',(-34.345,-8.99999999999997,102.154438795097));
#6301=CARTESIAN_POINT('',(-56.345,8.99999999999996,102.154438795097));
#6302=CARTESIAN_POINT('',(-56.345,-8.99999999999997,102.154438795097));
#6303=CARTESIAN_POINT('',(-32.345,3.75999999999997,102.154438795097));
#6304=CARTESIAN_POINT('',(-32.345,-3.75999999999997,102.154438795097));
#6305=CARTESIAN_POINT('',(-12.735,12.,-90.1544387950967));
#6306=CARTESIAN_POINT('',(-12.735,9.99999999999996,-90.1544387950967));
#6307=CARTESIAN_POINT('',(-12.735,-12.,-90.1544387950967));
#6308=CARTESIAN_POINT('',(-12.735,-9.99999999999997,-90.1544387950967));
#6309=CARTESIAN_POINT('',(16.265,12.,-90.1544387950967));
#6310=CARTESIAN_POINT('',(16.265,-9.99999999999997,-90.1544387950967));
#6311=CARTESIAN_POINT('',(16.265,9.99999999999996,-90.1544387950967));
#6312=CARTESIAN_POINT('',(22.345,-4.49999999999997,-90.1544387950967));
#6313=CARTESIAN_POINT('',(16.265,-12.,-90.1544387950967));
#6314=CARTESIAN_POINT('',(22.345,4.50000000000003,-90.1544387950967));
#6315=CARTESIAN_POINT('',(20.345,-4.49999999999997,-90.1544387950967));
#6316=CARTESIAN_POINT('',(20.345,4.50000000000003,-90.1544387950967));
#6317=CARTESIAN_POINT('',(-26.345,15.,10.));
#6318=CARTESIAN_POINT('',(-26.345,15.,10.));
#6319=CARTESIAN_POINT('',(-59.345,-2.,8.264375));
#6320=CARTESIAN_POINT('',(-59.345,-2.,8.264375));
#6321=CARTESIAN_POINT('',(-59.345,-2.,8.264375));
#6322=CARTESIAN_POINT('',(-59.345,-2.,8.264375));
#6323=CARTESIAN_POINT('',(-59.345,-3.62239217910273E-15,10.5004429774998));
#6324=CARTESIAN_POINT('',(-59.345,-3.62239217910273E-15,10.5004429774998));
#6325=CARTESIAN_POINT('',(-59.345,-3.62239217910273E-15,10.5004429774998));
#6326=CARTESIAN_POINT('',(-59.345,-3.62239217910273E-15,10.5004429774998));
#6327=CARTESIAN_POINT('',(-59.345,2.,8.264375));
#6328=CARTESIAN_POINT('',(-59.345,2.,8.264375));
#6329=CARTESIAN_POINT('',(-59.345,2.,8.264375));
#6330=CARTESIAN_POINT('',(-59.345,2.,8.264375));
#6331=CARTESIAN_POINT('',(-59.345,0.499999999999996,8.264375));
#6332=CARTESIAN_POINT('',(-59.345,0.499999999999996,8.264375));
#6333=CARTESIAN_POINT('',(-59.345,0.499999999999996,8.264375));
#6334=CARTESIAN_POINT('',(-59.345,0.499999999999996,8.264375));
#6335=CARTESIAN_POINT('',(-59.345,0.499999999999996,5.764375));
#6336=CARTESIAN_POINT('',(-59.345,0.499999999999996,5.764375));
#6337=CARTESIAN_POINT('',(-59.345,0.499999999999996,5.764375));
#6338=CARTESIAN_POINT('',(-59.345,0.499999999999996,5.764375));
#6339=CARTESIAN_POINT('',(-59.345,-0.500000000000004,5.764375));
#6340=CARTESIAN_POINT('',(-59.345,-0.500000000000004,5.764375));
#6341=CARTESIAN_POINT('',(-59.345,-0.500000000000004,5.764375));
#6342=CARTESIAN_POINT('',(-59.345,-0.500000000000004,5.764375));
#6343=CARTESIAN_POINT('',(-59.345,-0.500000000000004,8.264375));
#6344=CARTESIAN_POINT('',(-59.345,-0.500000000000004,8.264375));
#6345=CARTESIAN_POINT('',(-59.345,-0.500000000000004,8.264375));
#6346=CARTESIAN_POINT('',(-59.345,-0.500000000000004,8.264375));
#6347=CARTESIAN_POINT('',(-59.345,0.,0.));
#6348=CARTESIAN_POINT('',(7.99999999999999,35.6269143278181,63.845));
#6349=CARTESIAN_POINT('',(0.,0.,0.));
#6350=CARTESIAN_POINT('',(5.5,1.19262238973406E-15,0.));
#6351=CARTESIAN_POINT('',(5.50000000000001,-20.345,0.));
#6352=CARTESIAN_POINT('',(5.50000000000001,-22.345,0.));
#6353=CARTESIAN_POINT('',(4.50000000000001,-20.345,0.));
#6354=CARTESIAN_POINT('',(4.50000000000001,-19.345,0.));
#6355=CARTESIAN_POINT('',(0.,-19.345,0.));
#6356=CARTESIAN_POINT('',(-4.49999999999999,-19.345,0.));
#6357=CARTESIAN_POINT('',(-4.49999999999999,-20.345,0.));
#6358=CARTESIAN_POINT('',(-5.49999999999999,-20.345,0.));
#6359=CARTESIAN_POINT('',(-5.5,-1.19262238973406E-15,0.));
#6360=CARTESIAN_POINT('',(-5.49999999999999,-22.345,0.));
#6361=CARTESIAN_POINT('',(-4.49999999999999,-22.345,0.));
#6362=CARTESIAN_POINT('',(-4.49999999999999,-23.345,0.));
#6363=CARTESIAN_POINT('',(0.,-23.345,0.));
#6364=CARTESIAN_POINT('',(4.50000000000001,-23.345,0.));
#6365=CARTESIAN_POINT('',(4.50000000000001,-22.345,0.));
#6366=CARTESIAN_POINT('',(-8.99999999999999,0.,0.));
#6367=CARTESIAN_POINT('',(-8.99999999999999,12.735,0.));
#6368=CARTESIAN_POINT('',(-8.99999999999999,-16.265,0.));
#6369=CARTESIAN_POINT('',(-9.99999999999999,12.735,0.));
#6370=CARTESIAN_POINT('',(-9.99999999999999,13.735,0.));
#6371=CARTESIAN_POINT('',(0.,13.735,0.));
#6372=CARTESIAN_POINT('',(-12.,13.735,0.));
#6373=CARTESIAN_POINT('',(-12.,12.735,0.));
#6374=CARTESIAN_POINT('',(-13.,12.735,0.));
#6375=CARTESIAN_POINT('',(-13.,-1.45492936694829E-15,0.));
#6376=CARTESIAN_POINT('',(-13.,-16.265,0.));
#6377=CARTESIAN_POINT('',(-12.,-16.265,0.));
#6378=CARTESIAN_POINT('',(-12.,-17.265,0.));
#6379=CARTESIAN_POINT('',(0.,-17.265,0.));
#6380=CARTESIAN_POINT('',(-9.99999999999999,-17.265,0.));
#6381=CARTESIAN_POINT('',(-9.99999999999999,-16.265,0.));
#6382=CARTESIAN_POINT('',(-11.,18.655,0.));
#6383=CARTESIAN_POINT('',(-8.99999999999999,18.655,0.));
#6384=CARTESIAN_POINT('',(11.,18.655,0.));
#6385=CARTESIAN_POINT('',(13.,18.655,0.));
#6386=CARTESIAN_POINT('',(-11.,-21.345,0.));
#6387=CARTESIAN_POINT('',(-8.99999999999999,-21.345,0.));
#6388=CARTESIAN_POINT('',(11.,-21.345,0.));
#6389=CARTESIAN_POINT('',(13.,-21.345,0.));
#6390=CARTESIAN_POINT('',(13.,0.,0.));
#6391=CARTESIAN_POINT('',(13.,12.735,0.));
#6392=CARTESIAN_POINT('',(13.,-16.265,0.));
#6393=CARTESIAN_POINT('',(12.,12.735,0.));
#6394=CARTESIAN_POINT('',(12.,13.735,0.));
#6395=CARTESIAN_POINT('',(0.,13.735,0.));
#6396=CARTESIAN_POINT('',(9.99999999999999,13.735,0.));
#6397=CARTESIAN_POINT('',(9.99999999999999,12.735,0.));
#6398=CARTESIAN_POINT('',(8.99999999999999,12.735,0.));
#6399=CARTESIAN_POINT('',(9.,1.00725879250266E-15,0.));
#6400=CARTESIAN_POINT('',(9.,-16.265,0.));
#6401=CARTESIAN_POINT('',(10.,-16.265,0.));
#6402=CARTESIAN_POINT('',(10.,-17.265,0.));
#6403=CARTESIAN_POINT('',(0.,-17.265,0.));
#6404=CARTESIAN_POINT('',(12.,-17.265,0.));
#6405=CARTESIAN_POINT('',(12.,-16.265,0.));
#6406=CARTESIAN_POINT('',(2.75999999999999,15.655,0.));
#6407=CARTESIAN_POINT('',(2.75999999999999,15.655,0.));
#6408=CARTESIAN_POINT('',(2.76,24.345,0.));
#6409=CARTESIAN_POINT('',(2.81545620151036E-15,24.345,0.));
#6410=CARTESIAN_POINT('',(14.,24.345,0.));
#6411=CARTESIAN_POINT('',(14.,0.,0.));
#6412=CARTESIAN_POINT('',(14.,-24.345,0.));
#6413=CARTESIAN_POINT('',(2.81545620151036E-15,-24.345,0.));
#6414=CARTESIAN_POINT('',(-14.,-24.345,0.));
#6415=CARTESIAN_POINT('',(-14.,0.,0.));
#6416=CARTESIAN_POINT('',(-14.,24.345,0.));
#6417=CARTESIAN_POINT('',(2.81545620151036E-15,24.345,0.));
#6418=CARTESIAN_POINT('',(-2.75999999999999,24.345,0.));
#6419=CARTESIAN_POINT('',(-2.75999999999999,25.345,0.));
#6420=CARTESIAN_POINT('',(-2.75999999999999,15.655,0.));
#6421=CARTESIAN_POINT('',(-2.75999999999999,15.655,0.));
#6422=CARTESIAN_POINT('',(-3.25499999999999,-8.76999999999999,0.));
#6423=CARTESIAN_POINT('',(-2.55842871874193,-8.76999999999999,0.));
#6424=CARTESIAN_POINT('',(-1.86185743748387,-8.76999999999999,0.));
#6425=CARTESIAN_POINT('',(-1.16528615622582,-8.76999999999999,0.));
#6426=CARTESIAN_POINT('',(0.837807424593982,-8.76999999999999,0.));
#6427=CARTESIAN_POINT('',(2.10462877030164,-8.12034802784222,0.));
#6428=CARTESIAN_POINT('',(2.63517788089715,-6.81021655065738,0.));
#6429=CARTESIAN_POINT('',(2.80649649113111,-6.38716447232455,0.));
#6430=CARTESIAN_POINT('',(2.89503866976026,-5.92235885537509,0.));
#6431=CARTESIAN_POINT('',(2.89503866976026,-4.7638128383604,0.));
#6432=CARTESIAN_POINT('',(2.75428074245941,-4.20078112915699,0.));
#6433=CARTESIAN_POINT('',(2.47276488785771,-3.72436968290796,0.));
#6434=CARTESIAN_POINT('',(2.32252250603735,-3.47011334444274,0.));
#6435=CARTESIAN_POINT('',(1.96387084300079,-2.99892498066511,0.));
#6436=CARTESIAN_POINT('',(1.39001160092809,-2.31679040989945,0.));
#6437=CARTESIAN_POINT('',(-3.25499999999999,-8.76999999999999,0.));
#6438=CARTESIAN_POINT('',(1.39001160092809,-2.31679040989945,0.));
#6439=CARTESIAN_POINT('',(1.39001160092809,-2.31679040989945,0.));
#6440=CARTESIAN_POINT('',(2.63517788089715,-1.3098298530549,0.));
#6441=CARTESIAN_POINT('',(3.25234725444704,-0.118801237432322,0.));
#6442=CARTESIAN_POINT('',(3.25234725444704,1.27795050270689,0.));
#6443=CARTESIAN_POINT('',(3.25234725444704,1.27795050270689,0.));
#6444=CARTESIAN_POINT('',(3.25234725444704,1.27795050270689,0.));
#6445=CARTESIAN_POINT('',(3.25234725444704,2.15498066511988,0.));
#6446=CARTESIAN_POINT('',(2.97083139984534,3.01035576179428,0.));
#6447=CARTESIAN_POINT('',(2.41862722351123,3.8332482598608,0.));
#6448=CARTESIAN_POINT('',(1.79279142906023,4.76586630649366,0.));
#6449=CARTESIAN_POINT('',(1.05435808197991,5.23000000000001,0.));
#6450=CARTESIAN_POINT('',(0.188155452436209,5.23000000000001,0.));
#6451=CARTESIAN_POINT('',(-0.95956303170919,5.23000000000001,0.));
#6452=CARTESIAN_POINT('',(-2.10728151585459,5.23000000000001,0.));
#6453=CARTESIAN_POINT('',(-3.25499999999999,5.23000000000001,0.));
#6454=CARTESIAN_POINT('',(-3.25499999999999,5.23000000000001,0.));
#6455=CARTESIAN_POINT('',(-3.25499999999999,5.23000000000001,0.));
#6456=CARTESIAN_POINT('',(0.,0.,2.));
#6457=CARTESIAN_POINT('',(-6.25000000000001,-17.345,2.));
#6458=CARTESIAN_POINT('',(-5.25000000000001,-17.345,2.));
#6459=CARTESIAN_POINT('',(5.24999999999999,-17.345,2.));
#6460=CARTESIAN_POINT('',(5.24999999999999,-16.345,2.));
#6461=CARTESIAN_POINT('',(6.24999999999999,-16.345,2.));
#6462=CARTESIAN_POINT('',(6.24999999999999,-17.345,2.));
#6463=CARTESIAN_POINT('',(6.24999999999999,14.655,2.));
#6464=CARTESIAN_POINT('',(5.24999999999999,14.655,2.));
#6465=CARTESIAN_POINT('',(5.24999999999999,15.655,2.));
#6466=CARTESIAN_POINT('',(6.24999999999999,15.655,2.));
#6467=CARTESIAN_POINT('',(3.75999999999999,15.655,2.));
#6468=CARTESIAN_POINT('',(3.75999999999999,16.655,2.));
#6469=CARTESIAN_POINT('',(2.75999999999999,16.655,2.));
#6470=CARTESIAN_POINT('',(2.75999999999999,15.655,2.));
#6471=CARTESIAN_POINT('',(2.75999999999999,15.655,2.));
#6472=CARTESIAN_POINT('',(6.24999999999999,15.655,2.));
#6473=CARTESIAN_POINT('',(-2.75999999999999,15.655,2.));
#6474=CARTESIAN_POINT('',(-2.75999999999999,25.345,2.));
#6475=CARTESIAN_POINT('',(-2.75999999999999,16.655,2.));
#6476=CARTESIAN_POINT('',(-3.75999999999999,16.655,2.));
#6477=CARTESIAN_POINT('',(-3.75999999999999,15.655,2.));
#6478=CARTESIAN_POINT('',(6.24999999999999,15.655,2.));
#6479=CARTESIAN_POINT('',(-5.25000000000001,15.655,2.));
#6480=CARTESIAN_POINT('',(-5.25000000000001,14.655,2.));
#6481=CARTESIAN_POINT('',(-6.25000000000001,14.655,2.));
#6482=CARTESIAN_POINT('',(-6.25000000000001,15.655,2.));
#6483=CARTESIAN_POINT('',(-6.25000000000001,-16.345,2.));
#6484=CARTESIAN_POINT('',(-5.25000000000001,-16.345,2.));
#6485=CARTESIAN_POINT('',(1.39001160092809,-2.31679040989945,2.));
#6486=CARTESIAN_POINT('',(2.63517788089715,-1.3098298530549,2.));
#6487=CARTESIAN_POINT('',(3.25234725444704,-0.118801237432322,2.));
#6488=CARTESIAN_POINT('',(3.25234725444704,1.27795050270689,2.));
#6489=CARTESIAN_POINT('',(3.25234725444704,1.27795050270689,2.));
#6490=CARTESIAN_POINT('',(1.39001160092809,-2.31679040989945,2.));
#6491=CARTESIAN_POINT('',(-3.25499999999999,-8.76999999999999,2.));
#6492=CARTESIAN_POINT('',(-2.55842871874193,-8.76999999999999,2.));
#6493=CARTESIAN_POINT('',(-1.86185743748387,-8.76999999999999,2.));
#6494=CARTESIAN_POINT('',(-1.16528615622582,-8.76999999999999,2.));
#6495=CARTESIAN_POINT('',(0.837807424593982,-8.76999999999999,2.));
#6496=CARTESIAN_POINT('',(2.10462877030164,-8.12034802784222,2.));
#6497=CARTESIAN_POINT('',(2.63517788089715,-6.81021655065738,2.));
#6498=CARTESIAN_POINT('',(2.80649649113111,-6.38716447232455,2.));
#6499=CARTESIAN_POINT('',(2.89503866976026,-5.92235885537509,2.));
#6500=CARTESIAN_POINT('',(2.89503866976026,-4.7638128383604,2.));
#6501=CARTESIAN_POINT('',(2.75428074245941,-4.20078112915699,2.));
#6502=CARTESIAN_POINT('',(2.47276488785771,-3.72436968290796,2.));
#6503=CARTESIAN_POINT('',(2.32252250603735,-3.47011334444274,2.));
#6504=CARTESIAN_POINT('',(1.96387084300079,-2.99892498066511,2.));
#6505=CARTESIAN_POINT('',(1.39001160092809,-2.31679040989945,2.));
#6506=CARTESIAN_POINT('',(-3.25499999999999,-8.76999999999999,2.));
#6507=CARTESIAN_POINT('',(-3.25499999999999,0.,2.));
#6508=CARTESIAN_POINT('',(-3.25499999999999,5.23000000000001,2.));
#6509=CARTESIAN_POINT('',(3.25234725444704,1.27795050270689,2.));
#6510=CARTESIAN_POINT('',(3.25234725444704,2.15498066511988,2.));
#6511=CARTESIAN_POINT('',(2.97083139984534,3.01035576179428,2.));
#6512=CARTESIAN_POINT('',(2.41862722351123,3.8332482598608,2.));
#6513=CARTESIAN_POINT('',(1.79279142906023,4.76586630649366,2.));
#6514=CARTESIAN_POINT('',(1.05435808197991,5.23000000000001,2.));
#6515=CARTESIAN_POINT('',(0.188155452436209,5.23000000000001,2.));
#6516=CARTESIAN_POINT('',(-0.95956303170919,5.23000000000001,2.));
#6517=CARTESIAN_POINT('',(-2.10728151585459,5.23000000000001,2.));
#6518=CARTESIAN_POINT('',(-3.25499999999999,5.23000000000001,2.));
#6519=CARTESIAN_POINT('',(0.,0.,6.));
#6520=CARTESIAN_POINT('',(11.,-21.345,6.));
#6521=CARTESIAN_POINT('',(13.,-21.345,6.));
#6522=CARTESIAN_POINT('',(-11.,-21.345,6.));
#6523=CARTESIAN_POINT('',(-8.99999999999999,-21.345,6.));
#6524=CARTESIAN_POINT('',(11.,18.655,6.));
#6525=CARTESIAN_POINT('',(13.,18.655,6.));
#6526=CARTESIAN_POINT('',(-11.,18.655,6.));
#6527=CARTESIAN_POINT('',(-8.99999999999999,18.655,6.));
#6528=CARTESIAN_POINT('',(2.75999999999999,-4.94100804302991E-16,6.));
#6529=CARTESIAN_POINT('',(2.76,24.345,6.));
#6530=CARTESIAN_POINT('',(2.76,16.655,6.));
#6531=CARTESIAN_POINT('',(3.75999999999999,16.655,6.));
#6532=CARTESIAN_POINT('',(3.75999999999999,15.655,6.));
#6533=CARTESIAN_POINT('',(6.24999999999999,15.655,6.));
#6534=CARTESIAN_POINT('',(5.24999999999999,15.655,6.));
#6535=CARTESIAN_POINT('',(5.24999999999999,14.655,6.));
#6536=CARTESIAN_POINT('',(6.24999999999999,14.655,6.));
#6537=CARTESIAN_POINT('',(6.24999999999999,-17.345,6.));
#6538=CARTESIAN_POINT('',(6.24999999999999,-16.345,6.));
#6539=CARTESIAN_POINT('',(5.24999999999999,-16.345,6.));
#6540=CARTESIAN_POINT('',(5.24999999999999,-17.345,6.));
#6541=CARTESIAN_POINT('',(-6.25000000000001,-17.345,6.));
#6542=CARTESIAN_POINT('',(-5.25000000000001,-17.345,6.));
#6543=CARTESIAN_POINT('',(-5.25000000000001,-16.345,6.));
#6544=CARTESIAN_POINT('',(-6.25000000000001,-16.345,6.));
#6545=CARTESIAN_POINT('',(-6.25000000000001,15.655,6.));
#6546=CARTESIAN_POINT('',(-6.25000000000001,14.655,6.));
#6547=CARTESIAN_POINT('',(-5.25000000000001,14.655,6.));
#6548=CARTESIAN_POINT('',(-5.25000000000001,15.655,6.));
#6549=CARTESIAN_POINT('',(6.24999999999999,15.655,6.));
#6550=CARTESIAN_POINT('',(-3.75999999999999,15.655,6.));
#6551=CARTESIAN_POINT('',(-3.75999999999999,16.655,6.));
#6552=CARTESIAN_POINT('',(-2.75999999999999,16.655,6.));
#6553=CARTESIAN_POINT('',(-2.75999999999999,0.,6.));
#6554=CARTESIAN_POINT('',(-2.75999999999999,24.345,6.));
#6555=CARTESIAN_POINT('',(-3.75999999999999,24.345,6.));
#6556=CARTESIAN_POINT('',(-3.75999999999999,25.345,6.));
#6557=CARTESIAN_POINT('',(15.,25.345,6.));
#6558=CARTESIAN_POINT('',(-15.,25.345,6.));
#6559=CARTESIAN_POINT('',(-15.,25.345,6.));
#6560=CARTESIAN_POINT('',(-15.,-24.345,6.));
#6561=CARTESIAN_POINT('',(-14.,-24.345,6.));
#6562=CARTESIAN_POINT('',(-14.,-25.345,6.));
#6563=CARTESIAN_POINT('',(-15.,-25.345,6.));
#6564=CARTESIAN_POINT('',(14.,-25.345,6.));
#6565=CARTESIAN_POINT('',(14.,-24.345,6.));
#6566=CARTESIAN_POINT('',(15.,-24.345,6.));
#6567=CARTESIAN_POINT('',(15.,-25.345,6.));
#6568=CARTESIAN_POINT('',(15.,25.345,6.));
#6569=CARTESIAN_POINT('',(15.,25.345,6.));
#6570=CARTESIAN_POINT('',(3.76,25.345,6.));
#6571=CARTESIAN_POINT('',(3.76,24.345,6.));
#6572=CARTESIAN_POINT('',(-13.,-17.265,6.));
#6573=CARTESIAN_POINT('',(-13.,-16.265,6.));
#6574=CARTESIAN_POINT('',(-13.,12.735,6.));
#6575=CARTESIAN_POINT('',(-12.,12.735,6.));
#6576=CARTESIAN_POINT('',(-12.,13.735,6.));
#6577=CARTESIAN_POINT('',(-13.,13.735,6.));
#6578=CARTESIAN_POINT('',(-9.99999999999999,13.735,6.));
#6579=CARTESIAN_POINT('',(-9.99999999999999,12.735,6.));
#6580=CARTESIAN_POINT('',(-8.99999999999999,12.735,6.));
#6581=CARTESIAN_POINT('',(-8.99999999999999,13.735,6.));
#6582=CARTESIAN_POINT('',(-8.99999999999999,-16.265,6.));
#6583=CARTESIAN_POINT('',(-9.99999999999999,-16.265,6.));
#6584=CARTESIAN_POINT('',(-9.99999999999999,-17.265,6.));
#6585=CARTESIAN_POINT('',(-8.99999999999999,-17.265,6.));
#6586=CARTESIAN_POINT('',(-12.,-17.265,6.));
#6587=CARTESIAN_POINT('',(-12.,-16.265,6.));
#6588=CARTESIAN_POINT('',(9.,-17.265,6.));
#6589=CARTESIAN_POINT('',(9.,-16.265,6.));
#6590=CARTESIAN_POINT('',(8.99999999999999,12.735,6.));
#6591=CARTESIAN_POINT('',(9.99999999999999,12.735,6.));
#6592=CARTESIAN_POINT('',(9.99999999999999,13.735,6.));
#6593=CARTESIAN_POINT('',(8.99999999999999,13.735,6.));
#6594=CARTESIAN_POINT('',(12.,13.735,6.));
#6595=CARTESIAN_POINT('',(12.,12.735,6.));
#6596=CARTESIAN_POINT('',(13.,12.735,6.));
#6597=CARTESIAN_POINT('',(13.,13.735,6.));
#6598=CARTESIAN_POINT('',(13.,-16.265,6.));
#6599=CARTESIAN_POINT('',(12.,-16.265,6.));
#6600=CARTESIAN_POINT('',(12.,-17.265,6.));
#6601=CARTESIAN_POINT('',(13.,-17.265,6.));
#6602=CARTESIAN_POINT('',(10.,-17.265,6.));
#6603=CARTESIAN_POINT('',(10.,-16.265,6.));
#6604=CARTESIAN_POINT('',(-5.49999999999999,-23.345,6.));
#6605=CARTESIAN_POINT('',(-5.49999999999999,-22.345,6.));
#6606=CARTESIAN_POINT('',(-5.49999999999999,-20.345,6.));
#6607=CARTESIAN_POINT('',(-4.49999999999999,-20.345,6.));
#6608=CARTESIAN_POINT('',(-4.49999999999999,-19.345,6.));
#6609=CARTESIAN_POINT('',(-5.49999999999999,-19.345,6.));
#6610=CARTESIAN_POINT('',(4.50000000000001,-19.345,6.));
#6611=CARTESIAN_POINT('',(4.50000000000001,-20.345,6.));
#6612=CARTESIAN_POINT('',(5.50000000000001,-20.345,6.));
#6613=CARTESIAN_POINT('',(5.50000000000001,-19.345,6.));
#6614=CARTESIAN_POINT('',(5.50000000000001,-22.345,6.));
#6615=CARTESIAN_POINT('',(4.50000000000001,-22.345,6.));
#6616=CARTESIAN_POINT('',(4.50000000000001,-23.345,6.));
#6617=CARTESIAN_POINT('',(5.50000000000001,-23.345,6.));
#6618=CARTESIAN_POINT('',(-4.49999999999999,-23.345,6.));
#6619=CARTESIAN_POINT('',(-4.49999999999999,-22.345,6.));
#6620=CARTESIAN_POINT('',(15.,25.345,6.));
#6621=CARTESIAN_POINT('',(15.,25.345,1.));
#6622=CARTESIAN_POINT('',(15.,25.345,1.));
#6623=CARTESIAN_POINT('',(3.76,25.345,1.));
#6624=CARTESIAN_POINT('',(3.76,25.345,6.));
#6625=CARTESIAN_POINT('',(15.,25.345,6.));
#6626=CARTESIAN_POINT('',(15.,25.345,6.));
#6627=CARTESIAN_POINT('',(-3.75999999999999,25.345,0.));
#6628=CARTESIAN_POINT('',(-3.75999999999999,25.345,1.));
#6629=CARTESIAN_POINT('',(15.,25.345,1.));
#6630=CARTESIAN_POINT('',(-15.,25.345,1.));
#6631=CARTESIAN_POINT('',(-15.,25.345,6.));
#6632=CARTESIAN_POINT('',(6.24999999999999,15.655,2.));
#6633=CARTESIAN_POINT('',(5.24999999999999,15.655,6.));
#6634=CARTESIAN_POINT('',(3.75999999999999,15.655,2.));
#6635=CARTESIAN_POINT('',(6.24999999999999,15.655,2.));
#6636=CARTESIAN_POINT('',(-5.25000000000001,15.655,2.));
#6637=CARTESIAN_POINT('',(-3.75999999999999,15.655,6.));
#6638=CARTESIAN_POINT('',(-15.,25.345,6.));
#6639=CARTESIAN_POINT('',(-15.,25.345,1.));
#6640=CARTESIAN_POINT('',(-15.,-24.345,1.));
#6641=CARTESIAN_POINT('',(-15.,-24.345,6.));
#6642=CARTESIAN_POINT('',(-15.,-25.345,6.));
#6643=CARTESIAN_POINT('',(-15.,-25.345,1.));
#6644=CARTESIAN_POINT('',(-14.,-25.345,1.));
#6645=CARTESIAN_POINT('',(14.,-25.345,1.));
#6646=CARTESIAN_POINT('',(14.,-25.345,6.));
#6647=CARTESIAN_POINT('',(-14.,-25.345,6.));
#6648=CARTESIAN_POINT('',(15.,-25.345,6.));
#6649=CARTESIAN_POINT('',(15.,-24.345,6.));
#6650=CARTESIAN_POINT('',(15.,-24.345,1.));
#6651=CARTESIAN_POINT('',(15.,-25.345,1.));
#6652=CARTESIAN_POINT('',(-11.,18.655,-53.2070612342818));
#6653=CARTESIAN_POINT('',(11.,18.655,-53.2070612342818));
#6654=CARTESIAN_POINT('',(-11.,-21.345,-53.2070612342818));
#6655=CARTESIAN_POINT('',(11.,-21.345,-53.2070612342818));
#6656=CARTESIAN_POINT('',(-6.25000000000001,-17.345,2.));
#6657=CARTESIAN_POINT('',(5.24999999999999,-17.345,2.));
#6658=CARTESIAN_POINT('',(-5.25000000000001,-17.345,6.));
#6659=CARTESIAN_POINT('',(6.24999999999999,-17.345,2.));
#6660=CARTESIAN_POINT('',(6.24999999999999,-16.345,6.));
#6661=CARTESIAN_POINT('',(6.24999999999999,14.655,2.));
#6662=CARTESIAN_POINT('',(-6.25000000000001,15.655,2.));
#6663=CARTESIAN_POINT('',(-6.25000000000001,-16.345,2.));
#6664=CARTESIAN_POINT('',(-6.25000000000001,14.655,6.));
#6665=CARTESIAN_POINT('',(2.75999999999999,15.655,59.2070612342818));
#6666=CARTESIAN_POINT('',(2.75999999999999,15.655,59.2070612342818));
#6667=CARTESIAN_POINT('',(2.75999999999999,16.655,6.));
#6668=CARTESIAN_POINT('',(2.76,24.345,0.));
#6669=CARTESIAN_POINT('',(-2.75999999999999,25.345,59.2070612342818));
#6670=CARTESIAN_POINT('',(-2.75999999999999,16.655,2.));
#6671=CARTESIAN_POINT('',(-2.75999999999999,15.655,59.2070612342818));
#6672=CARTESIAN_POINT('',(-2.75999999999999,24.345,6.));
#6673=CARTESIAN_POINT('',(-2.75999999999999,15.655,59.2070612342818));
#6674=CARTESIAN_POINT('',(-8.99999999999999,13.735,-53.2070612342818));
#6675=CARTESIAN_POINT('',(-8.99999999999999,12.735,0.));
#6676=CARTESIAN_POINT('',(-8.99999999999999,-16.265,6.));
#6677=CARTESIAN_POINT('',(-8.99999999999999,-17.265,-53.2070612342818));
#6678=CARTESIAN_POINT('',(-12.,-17.265,6.));
#6679=CARTESIAN_POINT('',(-9.99999999999999,-17.265,0.));
#6680=CARTESIAN_POINT('',(-13.,-17.265,-53.2070612342818));
#6681=CARTESIAN_POINT('',(-13.,12.735,6.));
#6682=CARTESIAN_POINT('',(-13.,-16.265,0.));
#6683=CARTESIAN_POINT('',(-13.,13.735,-53.2070612342818));
#6684=CARTESIAN_POINT('',(-9.99999999999999,13.735,6.));
#6685=CARTESIAN_POINT('',(-12.,13.735,0.));
#6686=CARTESIAN_POINT('',(13.,13.735,-53.2070612342818));
#6687=CARTESIAN_POINT('',(13.,-16.265,6.));
#6688=CARTESIAN_POINT('',(13.,12.735,0.));
#6689=CARTESIAN_POINT('',(13.,-17.265,-53.2070612342818));
#6690=CARTESIAN_POINT('',(12.,-17.265,0.));
#6691=CARTESIAN_POINT('',(10.,-17.265,6.));
#6692=CARTESIAN_POINT('',(9.,-17.265,-53.2070612342818));
#6693=CARTESIAN_POINT('',(9.,-16.265,0.));
#6694=CARTESIAN_POINT('',(8.99999999999999,12.735,6.));
#6695=CARTESIAN_POINT('',(8.99999999999999,13.735,-53.2070612342818));
#6696=CARTESIAN_POINT('',(9.99999999999999,13.735,0.));
#6697=CARTESIAN_POINT('',(12.,13.735,6.));
#6698=CARTESIAN_POINT('',(5.50000000000001,-19.345,-53.2070612342818));
#6699=CARTESIAN_POINT('',(5.50000000000001,-22.345,6.));
#6700=CARTESIAN_POINT('',(5.50000000000001,-20.345,0.));
#6701=CARTESIAN_POINT('',(5.50000000000001,-23.345,-53.2070612342818));
#6702=CARTESIAN_POINT('',(4.50000000000001,-23.345,0.));
#6703=CARTESIAN_POINT('',(-4.49999999999999,-23.345,6.));
#6704=CARTESIAN_POINT('',(-5.49999999999999,-23.345,-53.2070612342818));
#6705=CARTESIAN_POINT('',(-5.49999999999999,-22.345,0.));
#6706=CARTESIAN_POINT('',(-5.49999999999999,-20.345,6.));
#6707=CARTESIAN_POINT('',(-5.49999999999999,-19.345,-53.2070612342818));
#6708=CARTESIAN_POINT('',(4.50000000000001,-19.345,6.));
#6709=CARTESIAN_POINT('',(-4.49999999999999,-19.345,0.));
#6710=CARTESIAN_POINT('',(-3.75999999999999,24.345,6.));
#6711=CARTESIAN_POINT('',(-3.75999999999999,24.345,1.));
#6712=CARTESIAN_POINT('',(15.,24.345,1.));
#6713=CARTESIAN_POINT('',(-14.,24.345,1.));
#6714=CARTESIAN_POINT('',(-14.,25.345,1.));
#6715=CARTESIAN_POINT('',(-14.,-24.345,1.));
#6716=CARTESIAN_POINT('',(-14.,-24.345,6.));
#6717=CARTESIAN_POINT('',(-14.,-24.345,1.));
#6718=CARTESIAN_POINT('',(-14.,-24.345,1.));
#6719=CARTESIAN_POINT('',(-14.,-24.345,1.));
#6720=CARTESIAN_POINT('',(-15.,-24.345,1.));
#6721=CARTESIAN_POINT('',(14.,-24.345,1.));
#6722=CARTESIAN_POINT('',(14.,-24.345,6.));
#6723=CARTESIAN_POINT('',(14.,-24.345,1.));
#6724=CARTESIAN_POINT('',(14.,-24.345,1.));
#6725=CARTESIAN_POINT('',(14.,-24.345,1.));
#6726=CARTESIAN_POINT('',(14.,-25.345,1.));
#6727=CARTESIAN_POINT('',(14.,24.345,1.));
#6728=CARTESIAN_POINT('',(15.,24.345,1.));
#6729=CARTESIAN_POINT('',(3.76,24.345,1.));
#6730=CARTESIAN_POINT('',(3.76,24.345,59.2070612342818));
#6731=CARTESIAN_POINT('',(5.24999999999999,-16.345,2.));
#6732=CARTESIAN_POINT('',(-5.25000000000001,-16.345,2.));
#6733=CARTESIAN_POINT('',(-5.25000000000001,14.655,2.));
#6734=CARTESIAN_POINT('',(5.24999999999999,14.655,2.));
#6735=CARTESIAN_POINT('',(12.,-16.265,-53.2070612342818));
#6736=CARTESIAN_POINT('',(10.,-16.265,-53.2070612342818));
#6737=CARTESIAN_POINT('',(9.99999999999999,12.735,-53.2070612342818));
#6738=CARTESIAN_POINT('',(12.,12.735,-53.2070612342818));
#6739=CARTESIAN_POINT('',(-9.99999999999999,12.735,-53.2070612342818));
#6740=CARTESIAN_POINT('',(-12.,12.735,-53.2070612342818));
#6741=CARTESIAN_POINT('',(-12.,-16.265,-53.2070612342818));
#6742=CARTESIAN_POINT('',(-9.99999999999999,-16.265,-53.2070612342818));
#6743=CARTESIAN_POINT('',(4.50000000000001,-22.345,-53.2070612342818));
#6744=CARTESIAN_POINT('',(-4.49999999999999,-22.345,-53.2070612342818));
#6745=CARTESIAN_POINT('',(4.50000000000001,-20.345,-53.2070612342818));
#6746=CARTESIAN_POINT('',(-4.49999999999999,-20.345,-53.2070612342818));
#6747=CARTESIAN_POINT('',(3.75999999999999,16.655,2.));
#6748=CARTESIAN_POINT('',(-3.75999999999999,16.655,59.2070612342818));
#6749=CARTESIAN_POINT('',(-3.25499999999999,-8.76999999999999,2.));
#6750=CARTESIAN_POINT('',(-3.25499999999999,-8.76999999999999,0.));
#6751=CARTESIAN_POINT('',(-3.01285388112894,-8.76999999999999,2.));
#6752=CARTESIAN_POINT('',(-3.01285388112894,-8.76999999999999,0.));
#6753=CARTESIAN_POINT('',(-2.52935537838571,-8.77001328150419,2.));
#6754=CARTESIAN_POINT('',(-2.52935537838571,-8.77001328150419,0.));
#6755=CARTESIAN_POINT('',(-1.92101357496224,-8.76996347586345,2.));
#6756=CARTESIAN_POINT('',(-1.92101357496224,-8.76996347586345,-4.33680868994202E-16));
#6757=CARTESIAN_POINT('',(-1.50246675286819,-8.77005063573474,2.));
#6758=CARTESIAN_POINT('',(-1.50246675286819,-8.77005063573474,0.));
#6759=CARTESIAN_POINT('',(-1.28329645855355,-8.76992861191494,2.));
#6760=CARTESIAN_POINT('',(-1.28329645855355,-8.76992861191494,0.));
#6761=CARTESIAN_POINT('',(-1.17398059878944,-8.77012534419583,2.));
#6762=CARTESIAN_POINT('',(-1.17398059878944,-8.77012534419583,4.33680868994202E-16));
#6763=CARTESIAN_POINT('',(-0.920116320516116,-8.76891631226707,2.));
#6764=CARTESIAN_POINT('',(-0.920116320516116,-8.76891631226707,-8.67361737988404E-16));
#6765=CARTESIAN_POINT('',(-0.589635788928301,-8.75486164373978,2.));
#6766=CARTESIAN_POINT('',(-0.589635788928301,-8.75486164373978,8.67361737988404E-16));
#6767=CARTESIAN_POINT('',(-0.0117074407977599,-8.69742893836031,2.));
#6768=CARTESIAN_POINT('',(-0.0117074407977599,-8.69742893836031,-4.33680868994202E-16));
#6769=CARTESIAN_POINT('',(0.631341499335649,-8.56337555480782,2.));
#6770=CARTESIAN_POINT('',(0.631341499335649,-8.56337555480782,0.));
#6771=CARTESIAN_POINT('',(1.51586678486413,-8.21777857179455,2.));
#6772=CARTESIAN_POINT('',(1.51586678486413,-8.21777857179455,0.));
#6773=CARTESIAN_POINT('',(2.177563405189,-7.66650199809837,2.));
#6774=CARTESIAN_POINT('',(2.177563405189,-7.66650199809837,4.33680868994202E-16));
#6775=CARTESIAN_POINT('',(2.60883311408221,-6.93376290791501,2.));
#6776=CARTESIAN_POINT('',(2.60883311408221,-6.93376290791501,0.));
#6777=CARTESIAN_POINT('',(2.91601179423179,-6.00114244234552,2.));
#6778=CARTESIAN_POINT('',(2.91601179423179,-6.00114244234552,4.33680868994202E-16));
#6779=CARTESIAN_POINT('',(2.92185769224953,-5.05097536457007,2.));
#6780=CARTESIAN_POINT('',(2.92185769224953,-5.05097536457007,0.));
#6781=CARTESIAN_POINT('',(2.75766097477358,-4.36689091740308,2.));
#6782=CARTESIAN_POINT('',(2.75766097477358,-4.36689091740308,4.33680868994202E-16));
#6783=CARTESIAN_POINT('',(2.64918874703119,-4.05690619814659,2.));
#6784=CARTESIAN_POINT('',(2.64918874703119,-4.05690619814659,4.33680868994202E-16));
#6785=CARTESIAN_POINT('',(2.47816016803333,-3.72339618744797,2.));
#6786=CARTESIAN_POINT('',(2.47816016803333,-3.72339618744797,0.));
#6787=CARTESIAN_POINT('',(2.38183753834767,-3.57960352925256,2.));
#6788=CARTESIAN_POINT('',(2.38183753834767,-3.57960352925256,4.33680868994202E-16));
#6789=CARTESIAN_POINT('',(2.2123228870223,-3.33931410347694,2.));
#6790=CARTESIAN_POINT('',(2.2123228870223,-3.33931410347694,4.33680868994202E-16));
#6791=CARTESIAN_POINT('',(1.92303066999877,-2.96209314708231,2.));
#6792=CARTESIAN_POINT('',(1.92303066999877,-2.96209314708231,-4.33680868994202E-16));
#6793=CARTESIAN_POINT('',(1.6245753003237,-2.59561141106781,2.));
#6794=CARTESIAN_POINT('',(1.6245753003237,-2.59561141106781,0.));
#6795=CARTESIAN_POINT('',(1.39001160092809,-2.31679040989945,2.));
#6796=CARTESIAN_POINT('',(1.39001160092809,-2.31679040989945,0.));
#6797=CARTESIAN_POINT('',(1.39001160092809,-2.31679040989945,59.2070612342818));
#6798=CARTESIAN_POINT('',(-3.25499999999999,-8.76999999999999,59.2070612342818));
#6799=CARTESIAN_POINT('',(1.39001160092809,-2.31679040989945,2.));
#6800=CARTESIAN_POINT('',(1.39001160092809,-2.31679040989945,4.33680868994202E-16));
#6801=CARTESIAN_POINT('',(2.63517788089715,-1.3098298530549,2.));
#6802=CARTESIAN_POINT('',(2.63517788089715,-1.3098298530549,0.));
#6803=CARTESIAN_POINT('',(3.25234725444704,-0.118801237432322,2.));
#6804=CARTESIAN_POINT('',(3.25234725444704,-0.118801237432322,4.33680868994202E-16));
#6805=CARTESIAN_POINT('',(3.25234725444704,1.27795050270689,2.));
#6806=CARTESIAN_POINT('',(3.25234725444704,1.27795050270689,4.33680868994202E-16));
#6807=CARTESIAN_POINT('',(3.25234725444704,1.27795050270689,59.2070612342818));
#6808=CARTESIAN_POINT('',(3.25234725444704,1.27795050270689,2.));
#6809=CARTESIAN_POINT('',(3.25234725444704,1.27795050270689,0.));
#6810=CARTESIAN_POINT('',(3.25234725444704,1.63637107743781,2.));
#6811=CARTESIAN_POINT('',(3.25234725444704,1.63637107743781,0.));
#6812=CARTESIAN_POINT('',(3.15863092773759,2.34655004576347,2.));
#6813=CARTESIAN_POINT('',(3.15863092773759,2.34655004576347,-4.33680868994202E-16));
#6814=CARTESIAN_POINT('',(2.80849961437356,3.20963851153801,2.));
#6815=CARTESIAN_POINT('',(2.80849961437356,3.20963851153801,8.67361737988404E-16));
#6816=CARTESIAN_POINT('',(2.39512259355669,3.8908233485097,2.));
#6817=CARTESIAN_POINT('',(2.39512259355669,3.8908233485097,0.));
#6818=CARTESIAN_POINT('',(1.84513947855425,4.58810905415149,2.));
#6819=CARTESIAN_POINT('',(1.84513947855425,4.58810905415149,4.33680868994202E-16));
#6820=CARTESIAN_POINT('',(1.26558521871644,5.0038280995143,2.));
#6821=CARTESIAN_POINT('',(1.26558521871644,5.0038280995143,-8.67361737988404E-16));
#6822=CARTESIAN_POINT('',(0.61716098329145,5.21401211557018,2.));
#6823=CARTESIAN_POINT('',(0.61716098329145,5.21401211557018,4.33680868994202E-16));
#6824=CARTESIAN_POINT('',(0.0978679043328597,5.23427720155411,2.));
#6825=CARTESIAN_POINT('',(0.0978679043328597,5.23427720155411,4.33680868994202E-16));
#6826=CARTESIAN_POINT('',(-0.469769492555368,5.22887907821341,2.));
#6827=CARTESIAN_POINT('',(-0.469769492555368,5.22887907821341,-4.33680868994202E-16));
#6828=CARTESIAN_POINT('',(-1.20972662788838,5.23064895471856,2.));
#6829=CARTESIAN_POINT('',(-1.20972662788838,5.23064895471856,0.));
#6830=CARTESIAN_POINT('',(-2.14050770611513,5.22976401646598,2.));
#6831=CARTESIAN_POINT('',(-2.14050770611513,5.22976401646598,-4.33680868994202E-16));
#6832=CARTESIAN_POINT('',(-2.88335438688763,5.23000000000001,2.));
#6833=CARTESIAN_POINT('',(-2.88335438688763,5.23000000000001,0.));
#6834=CARTESIAN_POINT('',(-3.25499999999999,5.23000000000001,2.));
#6835=CARTESIAN_POINT('',(-3.25499999999999,5.23000000000001,0.));
#6836=CARTESIAN_POINT('',(-3.25499999999999,5.23000000000001,59.2070612342818));
#6837=CARTESIAN_POINT('',(-3.25499999999999,5.23000000000001,59.2070612342818));
#6838=CARTESIAN_POINT('',(-4.00000000000001,35.6269143278181,63.845));
#6839=CARTESIAN_POINT('',(-15.,-5.75,1.));
#6840=CARTESIAN_POINT('',(-15.,-5.75,1.));
#6841=CARTESIAN_POINT('',(-15.,-4.75,1.));
#6842=CARTESIAN_POINT('',(-15.,4.75,1.));
#6843=CARTESIAN_POINT('',(-15.,4.75,1.));
#6844=CARTESIAN_POINT('',(-15.,4.75,0.));
#6845=CARTESIAN_POINT('',(-15.,-5.75,0.));
#6846=CARTESIAN_POINT('',(-15.,-4.75,0.));
#6847=CARTESIAN_POINT('',(-15.,-4.75,1.));
#6848=CARTESIAN_POINT('',(-15.,5.75,1.));
#6849=CARTESIAN_POINT('',(-15.,5.75,0.));
#6850=CARTESIAN_POINT('',(-14.,5.75,0.));
#6851=CARTESIAN_POINT('',(14.,5.75,0.));
#6852=CARTESIAN_POINT('',(-14.,5.75,1.));
#6853=CARTESIAN_POINT('',(-14.,5.75,1.));
#6854=CARTESIAN_POINT('',(-15.,5.75,1.));
#6855=CARTESIAN_POINT('',(14.,5.75,1.));
#6856=CARTESIAN_POINT('',(14.,5.75,1.));
#6857=CARTESIAN_POINT('',(15.,5.75,1.));
#6858=CARTESIAN_POINT('',(15.,5.75,0.));
#6859=CARTESIAN_POINT('',(15.,4.75,0.));
#6860=CARTESIAN_POINT('',(15.,-4.75,0.));
#6861=CARTESIAN_POINT('',(15.,4.75,1.));
#6862=CARTESIAN_POINT('',(15.,4.75,1.));
#6863=CARTESIAN_POINT('',(15.,5.75,1.));
#6864=CARTESIAN_POINT('',(15.,-4.75,1.));
#6865=CARTESIAN_POINT('',(15.,-4.75,1.));
#6866=CARTESIAN_POINT('',(15.,-5.75,1.));
#6867=CARTESIAN_POINT('',(15.,-5.75,0.));
#6868=CARTESIAN_POINT('',(14.,-5.75,0.));
#6869=CARTESIAN_POINT('',(-14.,-5.75,0.));
#6870=CARTESIAN_POINT('',(14.,-5.75,1.));
#6871=CARTESIAN_POINT('',(14.,-5.75,1.));
#6872=CARTESIAN_POINT('',(15.,-5.75,1.));
#6873=CARTESIAN_POINT('',(-14.,-5.75,1.));
#6874=CARTESIAN_POINT('',(-14.,-5.75,1.));
#6875=CARTESIAN_POINT('',(0.,0.,1.));
#6876=CARTESIAN_POINT('',(-14.,4.75,1.));
#6877=CARTESIAN_POINT('',(-14.,-4.75,1.));
#6878=CARTESIAN_POINT('',(14.,-4.75,1.));
#6879=CARTESIAN_POINT('',(14.,4.75,1.));
#6880=CARTESIAN_POINT('',(0.,0.,0.));
#6881=CARTESIAN_POINT('',(-14.,4.75,0.));
#6882=CARTESIAN_POINT('',(14.,4.75,0.));
#6883=CARTESIAN_POINT('',(14.,-4.75,0.));
#6884=CARTESIAN_POINT('',(-14.,-4.75,0.));
#6885=CARTESIAN_POINT('',(-14.,4.75,1.));
#6886=CARTESIAN_POINT('',(14.,4.75,1.));
#6887=CARTESIAN_POINT('',(14.,-4.75,1.));
#6888=CARTESIAN_POINT('',(-14.,-4.75,1.));
#6889=CARTESIAN_POINT('',(4.99999999999999,35.6269143278181,64.69));
#6890=CARTESIAN_POINT('',(-15.,-5.75,3.));
#6891=CARTESIAN_POINT('',(-15.,-5.75,3.));
#6892=CARTESIAN_POINT('',(-15.,-4.75,3.));
#6893=CARTESIAN_POINT('',(-15.,4.75,3.));
#6894=CARTESIAN_POINT('',(-15.,4.75,3.));
#6895=CARTESIAN_POINT('',(-15.,4.75,0.));
#6896=CARTESIAN_POINT('',(-15.,-5.75,0.));
#6897=CARTESIAN_POINT('',(-15.,-4.75,0.));
#6898=CARTESIAN_POINT('',(-15.,-4.75,3.));
#6899=CARTESIAN_POINT('',(-15.,5.75,3.));
#6900=CARTESIAN_POINT('',(-15.,5.75,0.));
#6901=CARTESIAN_POINT('',(-14.,5.75,0.));
#6902=CARTESIAN_POINT('',(14.,5.75,0.));
#6903=CARTESIAN_POINT('',(-14.,5.75,3.));
#6904=CARTESIAN_POINT('',(-14.,5.75,3.));
#6905=CARTESIAN_POINT('',(-15.,5.75,3.));
#6906=CARTESIAN_POINT('',(14.,5.75,3.));
#6907=CARTESIAN_POINT('',(14.,5.75,3.));
#6908=CARTESIAN_POINT('',(15.,5.75,3.));
#6909=CARTESIAN_POINT('',(15.,5.75,0.));
#6910=CARTESIAN_POINT('',(15.,4.75,0.));
#6911=CARTESIAN_POINT('',(15.,-4.75,0.));
#6912=CARTESIAN_POINT('',(15.,4.75,3.));
#6913=CARTESIAN_POINT('',(15.,4.75,3.));
#6914=CARTESIAN_POINT('',(15.,5.75,3.));
#6915=CARTESIAN_POINT('',(15.,-4.75,3.));
#6916=CARTESIAN_POINT('',(15.,-4.75,3.));
#6917=CARTESIAN_POINT('',(15.,-5.75,3.));
#6918=CARTESIAN_POINT('',(15.,-5.75,0.));
#6919=CARTESIAN_POINT('',(14.,-5.75,0.));
#6920=CARTESIAN_POINT('',(-14.,-5.75,0.));
#6921=CARTESIAN_POINT('',(14.,-5.75,3.));
#6922=CARTESIAN_POINT('',(14.,-5.75,3.));
#6923=CARTESIAN_POINT('',(15.,-5.75,3.));
#6924=CARTESIAN_POINT('',(-14.,-5.75,3.));
#6925=CARTESIAN_POINT('',(-14.,-5.75,3.));
#6926=CARTESIAN_POINT('',(0.,0.,3.));
#6927=CARTESIAN_POINT('',(-12.,-2.75,3.));
#6928=CARTESIAN_POINT('',(-12.,-1.19022415940224,3.));
#6929=CARTESIAN_POINT('',(-12.,2.75,3.));
#6930=CARTESIAN_POINT('',(-12.,4.30977584059776,3.));
#6931=CARTESIAN_POINT('',(12.,-2.75,3.));
#6932=CARTESIAN_POINT('',(12.,-1.19022415940224,3.));
#6933=CARTESIAN_POINT('',(12.,2.75,3.));
#6934=CARTESIAN_POINT('',(12.,4.30977584059776,3.));
#6935=CARTESIAN_POINT('',(-14.,4.75,3.));
#6936=CARTESIAN_POINT('',(-14.,-4.75,3.));
#6937=CARTESIAN_POINT('',(14.,-4.75,3.));
#6938=CARTESIAN_POINT('',(14.,4.75,3.));
#6939=CARTESIAN_POINT('',(0.,0.,0.));
#6940=CARTESIAN_POINT('',(-14.,4.75,0.));
#6941=CARTESIAN_POINT('',(14.,4.75,0.));
#6942=CARTESIAN_POINT('',(14.,-4.75,0.));
#6943=CARTESIAN_POINT('',(-14.,-4.75,0.));
#6944=CARTESIAN_POINT('',(-14.,4.75,3.));
#6945=CARTESIAN_POINT('',(14.,4.75,3.));
#6946=CARTESIAN_POINT('',(14.,-4.75,3.));
#6947=CARTESIAN_POINT('',(-14.,-4.75,3.));
#6948=CARTESIAN_POINT('',(12.,2.75,2.));
#6949=CARTESIAN_POINT('',(12.,2.75,2.));
#6950=CARTESIAN_POINT('',(12.,4.30977584059776,2.));
#6951=CARTESIAN_POINT('',(12.,2.75,2.));
#6952=CARTESIAN_POINT('',(12.,-2.75,2.));
#6953=CARTESIAN_POINT('',(12.,-2.75,2.));
#6954=CARTESIAN_POINT('',(12.,-1.19022415940224,2.));
#6955=CARTESIAN_POINT('',(12.,-2.75,2.));
#6956=CARTESIAN_POINT('',(-12.,2.75,2.));
#6957=CARTESIAN_POINT('',(-12.,2.75,2.));
#6958=CARTESIAN_POINT('',(-12.,4.30977584059776,2.));
#6959=CARTESIAN_POINT('',(-12.,2.75,2.));
#6960=CARTESIAN_POINT('',(-12.,-2.75,2.));
#6961=CARTESIAN_POINT('',(-12.,-2.75,2.));
#6962=CARTESIAN_POINT('',(-12.,-1.19022415940224,2.));
#6963=CARTESIAN_POINT('',(-12.,-2.75,2.));
#6964=CARTESIAN_POINT('',(1.99999999999999,35.6269143278181,64.69));
#6965=CARTESIAN_POINT('',(-6.,15.25,4.));
#6966=CARTESIAN_POINT('',(-6.,15.25,0.));
#6967=CARTESIAN_POINT('',(-6.,15.25,0.));
#6968=CARTESIAN_POINT('',(-6.,-15.25,0.));
#6969=CARTESIAN_POINT('',(-6.,-15.25,4.));
#6970=CARTESIAN_POINT('',(-6.,-15.25,4.));
#6971=CARTESIAN_POINT('',(-6.,15.25,4.));
#6972=CARTESIAN_POINT('',(-6.,15.25,4.));
#6973=CARTESIAN_POINT('',(-6.,15.25,4.));
#6974=CARTESIAN_POINT('',(-6.,-15.25,4.));
#6975=CARTESIAN_POINT('',(-6.,-15.25,0.));
#6976=CARTESIAN_POINT('',(6.,-15.25,0.));
#6977=CARTESIAN_POINT('',(6.,-15.25,4.));
#6978=CARTESIAN_POINT('',(6.,-15.25,4.));
#6979=CARTESIAN_POINT('',(-6.,-15.25,4.));
#6980=CARTESIAN_POINT('',(6.,-15.25,4.));
#6981=CARTESIAN_POINT('',(6.,-15.25,0.));
#6982=CARTESIAN_POINT('',(6.,15.25,0.));
#6983=CARTESIAN_POINT('',(6.,15.25,4.));
#6984=CARTESIAN_POINT('',(6.,15.25,4.));
#6985=CARTESIAN_POINT('',(6.,-15.25,4.));
#6986=CARTESIAN_POINT('',(6.,15.25,4.));
#6987=CARTESIAN_POINT('',(6.,15.25,0.));
#6988=CARTESIAN_POINT('',(6.,15.25,4.));
#6989=CARTESIAN_POINT('',(0.,0.,4.));
#6990=CARTESIAN_POINT('',(0.,0.,0.));
#6991=CARTESIAN_POINT('',(-2.00000000000002,35.6269143278181,64.69));
#6992=MECHANICAL_DESIGN_GEOMETRIC_PRESENTATION_REPRESENTATION('',(#4040,
#4041,#4042,#4043,#4044,#4045),#6993);
#6993=(
GEOMETRIC_REPRESENTATION_CONTEXT(3)
GLOBAL_UNCERTAINTY_ASSIGNED_CONTEXT((#7000))
GLOBAL_UNIT_ASSIGNED_CONTEXT((#7009,#7008,#7007))
REPRESENTATION_CONTEXT('Monterad hÂllare med batteri och tryckplatta',
'TOP_LEVEL_ASSEMBLY_PART')
);
#6994=(
GEOMETRIC_REPRESENTATION_CONTEXT(3)
GLOBAL_UNCERTAINTY_ASSIGNED_CONTEXT((#7001))
GLOBAL_UNIT_ASSIGNED_CONTEXT((#7009,#7008,#7007))
REPRESENTATION_CONTEXT('Bottenplatta','COMPONENT_PART')
);
#6995=(
GEOMETRIC_REPRESENTATION_CONTEXT(3)
GLOBAL_UNCERTAINTY_ASSIGNED_CONTEXT((#7002))
GLOBAL_UNIT_ASSIGNED_CONTEXT((#7009,#7008,#7007))
REPRESENTATION_CONTEXT('Platta med vertikalt stˆd','COMPONENT_PART')
);
#6996=(
GEOMETRIC_REPRESENTATION_CONTEXT(3)
GLOBAL_UNCERTAINTY_ASSIGNED_CONTEXT((#7003))
GLOBAL_UNIT_ASSIGNED_CONTEXT((#7009,#7008,#7007))
REPRESENTATION_CONTEXT('Top','COMPONENT_PART')
);
#6997=(
GEOMETRIC_REPRESENTATION_CONTEXT(3)
GLOBAL_UNCERTAINTY_ASSIGNED_CONTEXT((#7004))
GLOBAL_UNIT_ASSIGNED_CONTEXT((#7009,#7008,#7007))
REPRESENTATION_CONTEXT('Stˆdplatta fˆr scanning','COMPONENT_PART')
);
#6998=(
GEOMETRIC_REPRESENTATION_CONTEXT(3)
GLOBAL_UNCERTAINTY_ASSIGNED_CONTEXT((#7005))
GLOBAL_UNIT_ASSIGNED_CONTEXT((#7009,#7008,#7007))
REPRESENTATION_CONTEXT('Tryckplatta','COMPONENT_PART')
);
#6999=(
GEOMETRIC_REPRESENTATION_CONTEXT(3)
GLOBAL_UNCERTAINTY_ASSIGNED_CONTEXT((#7006))
GLOBAL_UNIT_ASSIGNED_CONTEXT((#7009,#7008,#7007))
REPRESENTATION_CONTEXT('Batteri','COMPONENT_PART')
);
#7000=UNCERTAINTY_MEASURE_WITH_UNIT(LENGTH_MEASURE(0.005),#7009,
'DISTANCE_ACCURACY_VALUE','Maximum Tolerance applied to model');
#7001=UNCERTAINTY_MEASURE_WITH_UNIT(LENGTH_MEASURE(0.005),#7009,
'DISTANCE_ACCURACY_VALUE','Maximum Tolerance applied to model');
#7002=UNCERTAINTY_MEASURE_WITH_UNIT(LENGTH_MEASURE(0.005),#7009,
'DISTANCE_ACCURACY_VALUE','Maximum Tolerance applied to model');
#7003=UNCERTAINTY_MEASURE_WITH_UNIT(LENGTH_MEASURE(0.005),#7009,
'DISTANCE_ACCURACY_VALUE','Maximum Tolerance applied to model');
#7004=UNCERTAINTY_MEASURE_WITH_UNIT(LENGTH_MEASURE(0.005),#7009,
'DISTANCE_ACCURACY_VALUE','Maximum Tolerance applied to model');
#7005=UNCERTAINTY_MEASURE_WITH_UNIT(LENGTH_MEASURE(0.005),#7009,
'DISTANCE_ACCURACY_VALUE','Maximum Tolerance applied to model');
#7006=UNCERTAINTY_MEASURE_WITH_UNIT(LENGTH_MEASURE(0.005),#7009,
'DISTANCE_ACCURACY_VALUE','Maximum Tolerance applied to model');
#7007=(
NAMED_UNIT(*)
SI_UNIT($,.STERADIAN.)
SOLID_ANGLE_UNIT()
);
#7008=(
NAMED_UNIT(*)
PLANE_ANGLE_UNIT()
SI_UNIT($,.RADIAN.)
);
#7009=(
LENGTH_UNIT()
NAMED_UNIT(*)
SI_UNIT(.MILLI.,.METRE.)
);
#7010=PRODUCT_DEFINITION_SHAPE('','',#7023);
#7011=PRODUCT_DEFINITION_SHAPE('','',#7024);
#7012=PRODUCT_DEFINITION_SHAPE(' ','NAUO PRDDFN',#43);
#7013=PRODUCT_DEFINITION_SHAPE('','',#7025);
#7014=PRODUCT_DEFINITION_SHAPE(' ','NAUO PRDDFN',#44);
#7015=PRODUCT_DEFINITION_SHAPE('','',#7026);
#7016=PRODUCT_DEFINITION_SHAPE(' ','NAUO PRDDFN',#45);
#7017=PRODUCT_DEFINITION_SHAPE('','',#7027);
#7018=PRODUCT_DEFINITION_SHAPE(' ','NAUO PRDDFN',#46);
#7019=PRODUCT_DEFINITION_SHAPE('','',#7028);
#7020=PRODUCT_DEFINITION_SHAPE(' ','NAUO PRDDFN',#47);
#7021=PRODUCT_DEFINITION_SHAPE('','',#7029);
#7022=PRODUCT_DEFINITION_SHAPE(' ','NAUO PRDDFN',#48);
#7023=PRODUCT_DEFINITION('','',#7037,#7030);
#7024=PRODUCT_DEFINITION('','',#7038,#7031);
#7025=PRODUCT_DEFINITION('','',#7039,#7032);
#7026=PRODUCT_DEFINITION('','',#7040,#7033);
#7027=PRODUCT_DEFINITION('','',#7041,#7034);
#7028=PRODUCT_DEFINITION('','',#7042,#7035);
#7029=PRODUCT_DEFINITION('','',#7043,#7036);
#7030=PRODUCT_DEFINITION_CONTEXT('',#7073,'design');
#7031=PRODUCT_DEFINITION_CONTEXT('',#7073,'design');
#7032=PRODUCT_DEFINITION_CONTEXT('',#7073,'design');
#7033=PRODUCT_DEFINITION_CONTEXT('',#7073,'design');
#7034=PRODUCT_DEFINITION_CONTEXT('',#7073,'design');
#7035=PRODUCT_DEFINITION_CONTEXT('',#7073,'design');
#7036=PRODUCT_DEFINITION_CONTEXT('',#7073,'design');
#7037=PRODUCT_DEFINITION_FORMATION_WITH_SPECIFIED_SOURCE('','',#7051,
 .NOT_KNOWN.);
#7038=PRODUCT_DEFINITION_FORMATION_WITH_SPECIFIED_SOURCE('','',#7052,
 .NOT_KNOWN.);
#7039=PRODUCT_DEFINITION_FORMATION_WITH_SPECIFIED_SOURCE('','',#7053,
 .NOT_KNOWN.);
#7040=PRODUCT_DEFINITION_FORMATION_WITH_SPECIFIED_SOURCE('','',#7054,
 .NOT_KNOWN.);
#7041=PRODUCT_DEFINITION_FORMATION_WITH_SPECIFIED_SOURCE('','',#7055,
 .NOT_KNOWN.);
#7042=PRODUCT_DEFINITION_FORMATION_WITH_SPECIFIED_SOURCE('','',#7056,
 .NOT_KNOWN.);
#7043=PRODUCT_DEFINITION_FORMATION_WITH_SPECIFIED_SOURCE('','',#7057,
 .NOT_KNOWN.);
#7044=PRODUCT_RELATED_PRODUCT_CATEGORY('','',(#7051));
#7045=PRODUCT_RELATED_PRODUCT_CATEGORY('','',(#7052));
#7046=PRODUCT_RELATED_PRODUCT_CATEGORY('','',(#7053));
#7047=PRODUCT_RELATED_PRODUCT_CATEGORY('','',(#7054));
#7048=PRODUCT_RELATED_PRODUCT_CATEGORY('','',(#7055));
#7049=PRODUCT_RELATED_PRODUCT_CATEGORY('','',(#7056));
#7050=PRODUCT_RELATED_PRODUCT_CATEGORY('','',(#7057));
#7051=PRODUCT('Monterad hÂllare med batteri och tryckplatta',
'Monterad hÂllare med batteri och tryckplatta',
'Monterad hÂllare med batteri och tryckplatta',(#7065));
#7052=PRODUCT('Bottenplatta','Bottenplatta','Bottenplatta',(#7066));
#7053=PRODUCT('Platta med vertikalt stˆd','Platta med vertikalt stˆd',
'Platta med vertikalt stˆd',(#7067));
#7054=PRODUCT('Top','Top','Top',(#7068));
#7055=PRODUCT('Stˆdplatta fˆr scanning','Stˆdplatta fˆr scanning',
'Stˆdplatta fˆr scanning',(#7069));
#7056=PRODUCT('Tryckplatta','Tryckplatta','Tryckplatta',(#7070));
#7057=PRODUCT('Batteri','Batteri','Batteri',(#7071));
#7058=PRODUCT_CATEGORY('','');
#7059=PRODUCT_CATEGORY('','');
#7060=PRODUCT_CATEGORY('','');
#7061=PRODUCT_CATEGORY('','');
#7062=PRODUCT_CATEGORY('','');
#7063=PRODUCT_CATEGORY('','');
#7064=PRODUCT_CATEGORY('','');
#7065=PRODUCT_CONTEXT('',#7073,'mechanical');
#7066=PRODUCT_CONTEXT('',#7073,'mechanical');
#7067=PRODUCT_CONTEXT('',#7073,'mechanical');
#7068=PRODUCT_CONTEXT('',#7073,'mechanical');
#7069=PRODUCT_CONTEXT('',#7073,'mechanical');
#7070=PRODUCT_CONTEXT('',#7073,'mechanical');
#7071=PRODUCT_CONTEXT('',#7073,'mechanical');
#7072=APPLICATION_PROTOCOL_DEFINITION('international standard',
'automotive_design',2010,#7073);
#7073=APPLICATION_CONTEXT(
'core data for automotive mechanical design processes');
ENDSEC;
END-ISO-10303-21;
